intended_class,intended_route,matrix_position,pulse,design_cell_count,all_four_arms_rhythmic_cells,a1m0_rhythmic_failure_cells,a1m1_rhythmic_failure_cells,lr_class_marginal_delta_deg_complete_cells,lr_class_marginal_delta_deg_median,lr_class_marginal_delta_deg_range_min,lr_class_marginal_delta_deg_range_max,lr_class_marginal_delta_deg_negative_cells,lr_class_marginal_delta_deg_neutral_cells,lr_class_marginal_delta_deg_positive_cells,lr_route_marginal_delta_deg_complete_cells,lr_route_marginal_delta_deg_median,lr_route_marginal_delta_deg_range_min,lr_route_marginal_delta_deg_range_max,lr_route_marginal_delta_deg_negative_cells,lr_route_marginal_delta_deg_neutral_cells,lr_route_marginal_delta_deg_positive_cells,lr_joint_delta_deg_complete_cells,lr_joint_delta_deg_median,lr_joint_delta_deg_range_min,lr_joint_delta_deg_range_max,lr_joint_delta_deg_negative_cells,lr_joint_delta_deg_neutral_cells,lr_joint_delta_deg_positive_cells,lr_nonadditivity_deg_complete_cells,lr_nonadditivity_deg_median,lr_nonadditivity_deg_range_min,lr_nonadditivity_deg_range_max,lr_nonadditivity_deg_negative_cells,lr_nonadditivity_deg_neutral_cells,lr_nonadditivity_deg_positive_cells,fe_class_marginal_delta_deg_complete_cells,fe_class_marginal_delta_deg_median,fe_class_marginal_delta_deg_range_min,fe_class_marginal_delta_deg_range_max,fe_class_marginal_delta_deg_negative_cells,fe_class_marginal_delta_deg_neutral_cells,fe_class_marginal_delta_deg_positive_cells,fe_route_marginal_delta_deg_complete_cells,fe_route_marginal_delta_deg_median,fe_route_marginal_delta_deg_range_min,fe_route_marginal_delta_deg_range_max,fe_route_marginal_delta_deg_negative_cells,fe_route_marginal_delta_deg_neutral_cells,fe_route_marginal_delta_deg_positive_cells,fe_joint_delta_deg_complete_cells,fe_joint_delta_deg_median,fe_joint_delta_deg_range_min,fe_joint_delta_deg_range_max,fe_joint_delta_deg_negative_cells,fe_joint_delta_deg_neutral_cells,fe_joint_delta_deg_positive_cells,fe_nonadditivity_deg_complete_cells,fe_nonadditivity_deg_median,fe_nonadditivity_deg_range_min,fe_nonadditivity_deg_range_max,fe_nonadditivity_deg_negative_cells,fe_nonadditivity_deg_neutral_cells,fe_nonadditivity_deg_positive_cells,a0m0_recovery_eligible_cells,a0m0_recovery_event_observed_cells,a1m0_recovery_eligible_cells,a1m0_recovery_event_observed_cells,a0m1_recovery_eligible_cells,a0m1_recovery_event_observed_cells,a1m1_recovery_eligible_cells,a1m1_recovery_event_observed_cells,aggregation_basis,independent_stochastic_realization_count,inferential_scope,generated_at_utc,publication_script_version,publication_script_sha256,protocol_spec_sha256,locked_protocol_sha256,source_a_to_d_script_sha256,source_e_f_script_sha256,source_g_h_script_sha256,output_row_count
RG,RG,diagonal,none,9,0,9,9,0,,,,0,0,0,9,0.1001917426,-5.109835655,1.150952189,4,0,5,0,,,,0,0,0,0,,,,0,0,0,0,,,,0,0,0,9,0.1422541386,-5.182846303,0.9445109457,3,0,6,0,,,,0,0,0,0,,,,0,0,0,,,,,,,,,descriptive design grid within one frozen realization; ranges are not uncertainty intervals,1,conditional on one frozen realization; no sampling inference,2026-08-26T18:12:43.884305+00:00,publication-outputs-1.0.0,0950b556111bec172d56ad34fe3569f251832a44e44c7eb43f636e6af321a5a1,ac36628fef7684bc08672b4c0678d32822a62f1b86b86ed9e5e19afa29f97220,cf2fef52687428f0eab74fc123ceb2a36cb6d0fc70d5442d221c955a4753ae2f,a0b23907336269b78a7cfd2eb7057232c7afcf87129f8a4c9d0f5e93faa0a5ef,d0bde0ec0552c341e5ead1b4598d63352fb999a1674433bd60a7c7c3d3287ac0,9c306d57a391d92a493f0b9590b5ec0d2af7679ab1dc1116abab6b6253017763,300
RG,RG,diagonal,excitatory,9,0,9,9,0,,,,0,0,0,9,0.1303040684,-17.37539699,22.51025205,4,0,5,0,,,,0,0,0,0,,,,0,0,0,0,,,,0,0,0,9,-0.2203954482,-11.91543775,27.31094382,5,0,4,0,,,,0,0,0,0,,,,0,0,0,9,9,0,0,9,9,0,0,descriptive design grid within one frozen realization; ranges are not uncertainty intervals,1,conditional on one frozen realization; no sampling inference,2026-08-26T18:12:43.884305+00:00,publication-outputs-1.0.0,0950b556111bec172d56ad34fe3569f251832a44e44c7eb43f636e6af321a5a1,ac36628fef7684bc08672b4c0678d32822a62f1b86b86ed9e5e19afa29f97220,cf2fef52687428f0eab74fc123ceb2a36cb6d0fc70d5442d221c955a4753ae2f,a0b23907336269b78a7cfd2eb7057232c7afcf87129f8a4c9d0f5e93faa0a5ef,d0bde0ec0552c341e5ead1b4598d63352fb999a1674433bd60a7c7c3d3287ac0,9c306d57a391d92a493f0b9590b5ec0d2af7679ab1dc1116abab6b6253017763,300
RG,RG,diagonal,inhibitory,9,0,9,9,0,,,,0,0,0,9,-0.3525882725,-5.879007006,2.330552888,5,0,4,0,,,,0,0,0,0,,,,0,0,0,0,,,,0,0,0,9,0.03846927553,-4.383657952,0.545177358,3,0,6,0,,,,0,0,0,0,,,,0,0,0,9,9,0,0,9,9,0,0,descriptive design grid within one frozen realization; ranges are not uncertainty intervals,1,conditional on one frozen realization; no sampling inference,2026-08-26T18:12:43.884305+00:00,publication-outputs-1.0.0,0950b556111bec172d56ad34fe3569f251832a44e44c7eb43f636e6af321a5a1,ac36628fef7684bc08672b4c0678d32822a62f1b86b86ed9e5e19afa29f97220,cf2fef52687428f0eab74fc123ceb2a36cb6d0fc70d5442d221c955a4753ae2f,a0b23907336269b78a7cfd2eb7057232c7afcf87129f8a4c9d0f5e93faa0a5ef,d0bde0ec0552c341e5ead1b4598d63352fb999a1674433bd60a7c7c3d3287ac0,9c306d57a391d92a493f0b9590b5ec0d2af7679ab1dc1116abab6b6253017763,300
RG,PF,off_diagonal,none,9,0,9,9,0,,,,0,0,0,9,0.03039713982,-10.82724485,5.29148442,4,0,5,0,,,,0,0,0,0,,,,0,0,0,0,,,,0,0,0,9,-0.3726475631,-14.0961597,7.347511887,8,0,1,0,,,,0,0,0,0,,,,0,0,0,,,,,,,,,descriptive design grid within one frozen realization; ranges are not uncertainty intervals,1,conditional on one frozen realization; no sampling inference,2026-08-26T18:12:43.884305+00:00,publication-outputs-1.0.0,0950b556111bec172d56ad34fe3569f251832a44e44c7eb43f636e6af321a5a1,ac36628fef7684bc08672b4c0678d32822a62f1b86b86ed9e5e19afa29f97220,cf2fef52687428f0eab74fc123ceb2a36cb6d0fc70d5442d221c955a4753ae2f,a0b23907336269b78a7cfd2eb7057232c7afcf87129f8a4c9d0f5e93faa0a5ef,d0bde0ec0552c341e5ead1b4598d63352fb999a1674433bd60a7c7c3d3287ac0,9c306d57a391d92a493f0b9590b5ec0d2af7679ab1dc1116abab6b6253017763,300
RG,PF,off_diagonal,excitatory,9,0,9,9,0,,,,0,0,0,9,0.1445608819,-16.85700968,5.35105073,3,0,6,0,,,,0,0,0,0,,,,0,0,0,0,,,,0,0,0,9,0.02364516252,-14.280437,5.85211782,4,0,5,0,,,,0,0,0,0,,,,0,0,0,9,9,0,0,9,9,0,0,descriptive design grid within one frozen realization; ranges are not uncertainty intervals,1,conditional on one frozen realization; no sampling inference,2026-08-26T18:12:43.884305+00:00,publication-outputs-1.0.0,0950b556111bec172d56ad34fe3569f251832a44e44c7eb43f636e6af321a5a1,ac36628fef7684bc08672b4c0678d32822a62f1b86b86ed9e5e19afa29f97220,cf2fef52687428f0eab74fc123ceb2a36cb6d0fc70d5442d221c955a4753ae2f,a0b23907336269b78a7cfd2eb7057232c7afcf87129f8a4c9d0f5e93faa0a5ef,d0bde0ec0552c341e5ead1b4598d63352fb999a1674433bd60a7c7c3d3287ac0,9c306d57a391d92a493f0b9590b5ec0d2af7679ab1dc1116abab6b6253017763,300
RG,PF,off_diagonal,inhibitory,9,0,9,9,0,,,,0,0,0,9,-1.420871879,-5.577497408,2.74119681,5,0,4,0,,,,0,0,0,0,,,,0,0,0,0,,,,0,0,0,9,-0.01054312042,-5.838100381,1.099181112,5,0,4,0,,,,0,0,0,0,,,,0,0,0,9,9,0,0,9,9,0,0,descriptive design grid within one frozen realization; ranges are not uncertainty intervals,1,conditional on one frozen realization; no sampling inference,2026-08-26T18:12:43.884305+00:00,publication-outputs-1.0.0,0950b556111bec172d56ad34fe3569f251832a44e44c7eb43f636e6af321a5a1,ac36628fef7684bc08672b4c0678d32822a62f1b86b86ed9e5e19afa29f97220,cf2fef52687428f0eab74fc123ceb2a36cb6d0fc70d5442d221c955a4753ae2f,a0b23907336269b78a7cfd2eb7057232c7afcf87129f8a4c9d0f5e93faa0a5ef,d0bde0ec0552c341e5ead1b4598d63352fb999a1674433bd60a7c7c3d3287ac0,9c306d57a391d92a493f0b9590b5ec0d2af7679ab1dc1116abab6b6253017763,300
RG,MN,off_diagonal,none,9,0,9,9,0,,,,0,0,0,9,-0.1301498489,-13.12044858,11.18795089,5,0,4,0,,,,0,0,0,0,,,,0,0,0,0,,,,0,0,0,9,-0.1424882411,-14.63500264,8.048894925,5,0,4,0,,,,0,0,0,0,,,,0,0,0,,,,,,,,,descriptive design grid within one frozen realization; ranges are not uncertainty intervals,1,conditional on one frozen realization; no sampling inference,2026-08-26T18:12:43.884305+00:00,publication-outputs-1.0.0,0950b556111bec172d56ad34fe3569f251832a44e44c7eb43f636e6af321a5a1,ac36628fef7684bc08672b4c0678d32822a62f1b86b86ed9e5e19afa29f97220,cf2fef52687428f0eab74fc123ceb2a36cb6d0fc70d5442d221c955a4753ae2f,a0b23907336269b78a7cfd2eb7057232c7afcf87129f8a4c9d0f5e93faa0a5ef,d0bde0ec0552c341e5ead1b4598d63352fb999a1674433bd60a7c7c3d3287ac0,9c306d57a391d92a493f0b9590b5ec0d2af7679ab1dc1116abab6b6253017763,300
RG,MN,off_diagonal,excitatory,9,0,9,9,0,,,,0,0,0,9,0.1554482056,-13.29057422,5.662073151,3,0,6,0,,,,0,0,0,0,,,,0,0,0,0,,,,0,0,0,9,0.1418366257,-8.091418611,11.16366843,3,0,6,0,,,,0,0,0,0,,,,0,0,0,9,9,0,0,9,9,0,0,descriptive design grid within one frozen realization; ranges are not uncertainty intervals,1,conditional on one frozen realization; no sampling inference,2026-08-26T18:12:43.884305+00:00,publication-outputs-1.0.0,0950b556111bec172d56ad34fe3569f251832a44e44c7eb43f636e6af321a5a1,ac36628fef7684bc08672b4c0678d32822a62f1b86b86ed9e5e19afa29f97220,cf2fef52687428f0eab74fc123ceb2a36cb6d0fc70d5442d221c955a4753ae2f,a0b23907336269b78a7cfd2eb7057232c7afcf87129f8a4c9d0f5e93faa0a5ef,d0bde0ec0552c341e5ead1b4598d63352fb999a1674433bd60a7c7c3d3287ac0,9c306d57a391d92a493f0b9590b5ec0d2af7679ab1dc1116abab6b6253017763,300
RG,MN,off_diagonal,inhibitory,9,0,9,9,0,,,,0,0,0,9,-0.02585095362,-7.212839255,14.37606313,5,0,4,0,,,,0,0,0,0,,,,0,0,0,0,,,,0,0,0,9,0.0119287897,-6.923700649,10.98219517,4,0,5,0,,,,0,0,0,0,,,,0,0,0,9,9,0,0,9,9,0,0,descriptive design grid within one frozen realization; ranges are not uncertainty intervals,1,conditional on one frozen realization; no sampling inference,2026-08-26T18:12:43.884305+00:00,publication-outputs-1.0.0,0950b556111bec172d56ad34fe3569f251832a44e44c7eb43f636e6af321a5a1,ac36628fef7684bc08672b4c0678d32822a62f1b86b86ed9e5e19afa29f97220,cf2fef52687428f0eab74fc123ceb2a36cb6d0fc70d5442d221c955a4753ae2f,a0b23907336269b78a7cfd2eb7057232c7afcf87129f8a4c9d0f5e93faa0a5ef,d0bde0ec0552c341e5ead1b4598d63352fb999a1674433bd60a7c7c3d3287ac0,9c306d57a391d92a493f0b9590b5ec0d2af7679ab1dc1116abab6b6253017763,300
RG,V0D,off_diagonal,none,9,0,9,9,0,,,,0,0,0,9,-0.3163063316,-1.86486278,2.716080324,5,0,4,0,,,,0,0,0,0,,,,0,0,0,0,,,,0,0,0,9,0.05915773152,-2.425927127,1.184054278,4,0,5,0,,,,0,0,0,0,,,,0,0,0,,,,,,,,,descriptive design grid within one frozen realization; ranges are not uncertainty intervals,1,conditional on one frozen realization; no sampling inference,2026-08-26T18:12:43.884305+00:00,publication-outputs-1.0.0,0950b556111bec172d56ad34fe3569f251832a44e44c7eb43f636e6af321a5a1,ac36628fef7684bc08672b4c0678d32822a62f1b86b86ed9e5e19afa29f97220,cf2fef52687428f0eab74fc123ceb2a36cb6d0fc70d5442d221c955a4753ae2f,a0b23907336269b78a7cfd2eb7057232c7afcf87129f8a4c9d0f5e93faa0a5ef,d0bde0ec0552c341e5ead1b4598d63352fb999a1674433bd60a7c7c3d3287ac0,9c306d57a391d92a493f0b9590b5ec0d2af7679ab1dc1116abab6b6253017763,300
RG,V0D,off_diagonal,excitatory,9,0,9,9,0,,,,0,0,0,9,-0.8931558241,-8.304737349,1.925695312,5,0,4,0,,,,0,0,0,0,,,,0,0,0,0,,,,0,0,0,9,-0.08614679914,-13.93033481,2.435247222,6,0,3,0,,,,0,0,0,0,,,,0,0,0,9,9,0,0,9,9,0,0,descriptive design grid within one frozen realization; ranges are not uncertainty intervals,1,conditional on one frozen realization; no sampling inference,2026-08-26T18:12:43.884305+00:00,publication-outputs-1.0.0,0950b556111bec172d56ad34fe3569f251832a44e44c7eb43f636e6af321a5a1,ac36628fef7684bc08672b4c0678d32822a62f1b86b86ed9e5e19afa29f97220,cf2fef52687428f0eab74fc123ceb2a36cb6d0fc70d5442d221c955a4753ae2f,a0b23907336269b78a7cfd2eb7057232c7afcf87129f8a4c9d0f5e93faa0a5ef,d0bde0ec0552c341e5ead1b4598d63352fb999a1674433bd60a7c7c3d3287ac0,9c306d57a391d92a493f0b9590b5ec0d2af7679ab1dc1116abab6b6253017763,300
RG,V0D,off_diagonal,inhibitory,9,0,9,9,0,,,,0,0,0,9,0.02756715173,-4.949540148,6.2249945,4,0,5,0,,,,0,0,0,0,,,,0,0,0,0,,,,0,0,0,9,0.1183873452,-2.76720121,5.287955437,3,0,6,0,,,,0,0,0,0,,,,0,0,0,9,9,0,0,9,9,0,0,descriptive design grid within one frozen realization; ranges are not uncertainty intervals,1,conditional on one frozen realization; no sampling inference,2026-08-26T18:12:43.884305+00:00,publication-outputs-1.0.0,0950b556111bec172d56ad34fe3569f251832a44e44c7eb43f636e6af321a5a1,ac36628fef7684bc08672b4c0678d32822a62f1b86b86ed9e5e19afa29f97220,cf2fef52687428f0eab74fc123ceb2a36cb6d0fc70d5442d221c955a4753ae2f,a0b23907336269b78a7cfd2eb7057232c7afcf87129f8a4c9d0f5e93faa0a5ef,d0bde0ec0552c341e5ead1b4598d63352fb999a1674433bd60a7c7c3d3287ac0,9c306d57a391d92a493f0b9590b5ec0d2af7679ab1dc1116abab6b6253017763,300
RG,V0V,off_diagonal,none,9,0,9,9,0,,,,0,0,0,9,-0.003996768116,-11.72681718,14.0899718,5,0,4,0,,,,0,0,0,0,,,,0,0,0,0,,,,0,0,0,9,-0.07402181101,-12.77463156,11.81795365,6,0,3,0,,,,0,0,0,0,,,,0,0,0,,,,,,,,,descriptive design grid within one frozen realization; ranges are not uncertainty intervals,1,conditional on one frozen realization; no sampling inference,2026-08-26T18:12:43.884305+00:00,publication-outputs-1.0.0,0950b556111bec172d56ad34fe3569f251832a44e44c7eb43f636e6af321a5a1,ac36628fef7684bc08672b4c0678d32822a62f1b86b86ed9e5e19afa29f97220,cf2fef52687428f0eab74fc123ceb2a36cb6d0fc70d5442d221c955a4753ae2f,a0b23907336269b78a7cfd2eb7057232c7afcf87129f8a4c9d0f5e93faa0a5ef,d0bde0ec0552c341e5ead1b4598d63352fb999a1674433bd60a7c7c3d3287ac0,9c306d57a391d92a493f0b9590b5ec0d2af7679ab1dc1116abab6b6253017763,300
RG,V0V,off_diagonal,excitatory,9,0,9,9,0,,,,0,0,0,9,0,-11.71076518,8.781780944,4,1,4,0,,,,0,0,0,0,,,,0,0,0,0,,,,0,0,0,9,0.04881498003,-14.89459464,4.591250911,3,1,5,0,,,,0,0,0,0,,,,0,0,0,9,9,0,0,9,9,0,0,descriptive design grid within one frozen realization; ranges are not uncertainty intervals,1,conditional on one frozen realization; no sampling inference,2026-08-26T18:12:43.884305+00:00,publication-outputs-1.0.0,0950b556111bec172d56ad34fe3569f251832a44e44c7eb43f636e6af321a5a1,ac36628fef7684bc08672b4c0678d32822a62f1b86b86ed9e5e19afa29f97220,cf2fef52687428f0eab74fc123ceb2a36cb6d0fc70d5442d221c955a4753ae2f,a0b23907336269b78a7cfd2eb7057232c7afcf87129f8a4c9d0f5e93faa0a5ef,d0bde0ec0552c341e5ead1b4598d63352fb999a1674433bd60a7c7c3d3287ac0,9c306d57a391d92a493f0b9590b5ec0d2af7679ab1dc1116abab6b6253017763,300
RG,V0V,off_diagonal,inhibitory,9,0,9,9,0,,,,0,0,0,9,0.05172836118,-3.688030454,7.0051361,3,0,6,0,,,,0,0,0,0,,,,0,0,0,0,,,,0,0,0,9,-0.08994719801,-5.228123276,6.380009816,6,0,3,0,,,,0,0,0,0,,,,0,0,0,9,9,0,0,9,9,0,0,descriptive design grid within one frozen realization; ranges are not uncertainty intervals,1,conditional on one frozen realization; no sampling inference,2026-08-26T18:12:43.884305+00:00,publication-outputs-1.0.0,0950b556111bec172d56ad34fe3569f251832a44e44c7eb43f636e6af321a5a1,ac36628fef7684bc08672b4c0678d32822a62f1b86b86ed9e5e19afa29f97220,cf2fef52687428f0eab74fc123ceb2a36cb6d0fc70d5442d221c955a4753ae2f,a0b23907336269b78a7cfd2eb7057232c7afcf87129f8a4c9d0f5e93faa0a5ef,d0bde0ec0552c341e5ead1b4598d63352fb999a1674433bd60a7c7c3d3287ac0,9c306d57a391d92a493f0b9590b5ec0d2af7679ab1dc1116abab6b6253017763,300
RG,V2a,off_diagonal,none,9,0,9,9,0,,,,0,0,0,9,-0.09024583231,-9.644689165,1.890867591,5,0,4,0,,,,0,0,0,0,,,,0,0,0,0,,,,0,0,0,9,-0.2559473438,-8.367892515,2.120312378,5,0,4,0,,,,0,0,0,0,,,,0,0,0,,,,,,,,,descriptive design grid within one frozen realization; ranges are not uncertainty intervals,1,conditional on one frozen realization; no sampling inference,2026-08-26T18:12:43.884305+00:00,publication-outputs-1.0.0,0950b556111bec172d56ad34fe3569f251832a44e44c7eb43f636e6af321a5a1,ac36628fef7684bc08672b4c0678d32822a62f1b86b86ed9e5e19afa29f97220,cf2fef52687428f0eab74fc123ceb2a36cb6d0fc70d5442d221c955a4753ae2f,a0b23907336269b78a7cfd2eb7057232c7afcf87129f8a4c9d0f5e93faa0a5ef,d0bde0ec0552c341e5ead1b4598d63352fb999a1674433bd60a7c7c3d3287ac0,9c306d57a391d92a493f0b9590b5ec0d2af7679ab1dc1116abab6b6253017763,300
RG,V2a,off_diagonal,excitatory,9,0,9,9,0,,,,0,0,0,9,0.9089382621,-5.665078828,21.73198266,3,0,6,0,,,,0,0,0,0,,,,0,0,0,0,,,,0,0,0,9,-0.2902632994,-5.622391402,5.326276511,6,0,3,0,,,,0,0,0,0,,,,0,0,0,9,9,0,0,9,9,0,0,descriptive design grid within one frozen realization; ranges are not uncertainty intervals,1,conditional on one frozen realization; no sampling inference,2026-08-26T18:12:43.884305+00:00,publication-outputs-1.0.0,0950b556111bec172d56ad34fe3569f251832a44e44c7eb43f636e6af321a5a1,ac36628fef7684bc08672b4c0678d32822a62f1b86b86ed9e5e19afa29f97220,cf2fef52687428f0eab74fc123ceb2a36cb6d0fc70d5442d221c955a4753ae2f,a0b23907336269b78a7cfd2eb7057232c7afcf87129f8a4c9d0f5e93faa0a5ef,d0bde0ec0552c341e5ead1b4598d63352fb999a1674433bd60a7c7c3d3287ac0,9c306d57a391d92a493f0b9590b5ec0d2af7679ab1dc1116abab6b6253017763,300
RG,V2a,off_diagonal,inhibitory,9,0,9,9,0,,,,0,0,0,9,-1.143338442,-4.540148965,6.477691251,5,0,4,0,,,,0,0,0,0,,,,0,0,0,0,,,,0,0,0,9,0.07422689279,-1.949120915,1.425321008,4,0,5,0,,,,0,0,0,0,,,,0,0,0,9,9,0,0,9,9,0,0,descriptive design grid within one frozen realization; ranges are not uncertainty intervals,1,conditional on one frozen realization; no sampling inference,2026-08-26T18:12:43.884305+00:00,publication-outputs-1.0.0,0950b556111bec172d56ad34fe3569f251832a44e44c7eb43f636e6af321a5a1,ac36628fef7684bc08672b4c0678d32822a62f1b86b86ed9e5e19afa29f97220,cf2fef52687428f0eab74fc123ceb2a36cb6d0fc70d5442d221c955a4753ae2f,a0b23907336269b78a7cfd2eb7057232c7afcf87129f8a4c9d0f5e93faa0a5ef,d0bde0ec0552c341e5ead1b4598d63352fb999a1674433bd60a7c7c3d3287ac0,9c306d57a391d92a493f0b9590b5ec0d2af7679ab1dc1116abab6b6253017763,300
RG,V3,off_diagonal,none,9,0,9,9,0,,,,0,0,0,9,0,-5.683552172,5.507114803,2,4,3,0,,,,0,0,0,0,,,,0,0,0,0,,,,0,0,0,9,0,-4.121713865,5.204434927,2,4,3,0,,,,0,0,0,0,,,,0,0,0,,,,,,,,,descriptive design grid within one frozen realization; ranges are not uncertainty intervals,1,conditional on one frozen realization; no sampling inference,2026-08-26T18:12:43.884305+00:00,publication-outputs-1.0.0,0950b556111bec172d56ad34fe3569f251832a44e44c7eb43f636e6af321a5a1,ac36628fef7684bc08672b4c0678d32822a62f1b86b86ed9e5e19afa29f97220,cf2fef52687428f0eab74fc123ceb2a36cb6d0fc70d5442d221c955a4753ae2f,a0b23907336269b78a7cfd2eb7057232c7afcf87129f8a4c9d0f5e93faa0a5ef,d0bde0ec0552c341e5ead1b4598d63352fb999a1674433bd60a7c7c3d3287ac0,9c306d57a391d92a493f0b9590b5ec0d2af7679ab1dc1116abab6b6253017763,300
RG,V3,off_diagonal,excitatory,9,0,9,9,0,,,,0,0,0,9,0.0001278292883,-0.5483558344,3.781604423,2,2,5,0,,,,0,0,0,0,,,,0,0,0,0,,,,0,0,0,9,0,-0.6034253864,4.628985039,4,2,3,0,,,,0,0,0,0,,,,0,0,0,9,9,0,0,9,9,0,0,descriptive design grid within one frozen realization; ranges are not uncertainty intervals,1,conditional on one frozen realization; no sampling inference,2026-08-26T18:12:43.884305+00:00,publication-outputs-1.0.0,0950b556111bec172d56ad34fe3569f251832a44e44c7eb43f636e6af321a5a1,ac36628fef7684bc08672b4c0678d32822a62f1b86b86ed9e5e19afa29f97220,cf2fef52687428f0eab74fc123ceb2a36cb6d0fc70d5442d221c955a4753ae2f,a0b23907336269b78a7cfd2eb7057232c7afcf87129f8a4c9d0f5e93faa0a5ef,d0bde0ec0552c341e5ead1b4598d63352fb999a1674433bd60a7c7c3d3287ac0,9c306d57a391d92a493f0b9590b5ec0d2af7679ab1dc1116abab6b6253017763,300
RG,V3,off_diagonal,inhibitory,9,0,9,9,0,,,,0,0,0,9,0.009495716273,-0.9981802217,1.617788149,2,2,5,0,,,,0,0,0,0,,,,0,0,0,0,,,,0,0,0,9,0,-1.465663406,0.6712800417,3,3,3,0,,,,0,0,0,0,,,,0,0,0,9,9,0,0,9,9,0,0,descriptive design grid within one frozen realization; ranges are not uncertainty intervals,1,conditional on one frozen realization; no sampling inference,2026-08-26T18:12:43.884305+00:00,publication-outputs-1.0.0,0950b556111bec172d56ad34fe3569f251832a44e44c7eb43f636e6af321a5a1,ac36628fef7684bc08672b4c0678d32822a62f1b86b86ed9e5e19afa29f97220,cf2fef52687428f0eab74fc123ceb2a36cb6d0fc70d5442d221c955a4753ae2f,a0b23907336269b78a7cfd2eb7057232c7afcf87129f8a4c9d0f5e93faa0a5ef,d0bde0ec0552c341e5ead1b4598d63352fb999a1674433bd60a7c7c3d3287ac0,9c306d57a391d92a493f0b9590b5ec0d2af7679ab1dc1116abab6b6253017763,300
RG,V1Ia,off_diagonal,none,9,0,9,9,0,,,,0,0,0,9,-0.1269727105,-0.9610000183,3.336709977,5,0,4,0,,,,0,0,0,0,,,,0,0,0,0,,,,0,0,0,9,0.02036111692,-4.323843525,6.809697092,4,0,5,0,,,,0,0,0,0,,,,0,0,0,,,,,,,,,descriptive design grid within one frozen realization; ranges are not uncertainty intervals,1,conditional on one frozen realization; no sampling inference,2026-08-26T18:12:43.884305+00:00,publication-outputs-1.0.0,0950b556111bec172d56ad34fe3569f251832a44e44c7eb43f636e6af321a5a1,ac36628fef7684bc08672b4c0678d32822a62f1b86b86ed9e5e19afa29f97220,cf2fef52687428f0eab74fc123ceb2a36cb6d0fc70d5442d221c955a4753ae2f,a0b23907336269b78a7cfd2eb7057232c7afcf87129f8a4c9d0f5e93faa0a5ef,d0bde0ec0552c341e5ead1b4598d63352fb999a1674433bd60a7c7c3d3287ac0,9c306d57a391d92a493f0b9590b5ec0d2af7679ab1dc1116abab6b6253017763,300
RG,V1Ia,off_diagonal,excitatory,9,0,9,9,0,,,,0,0,0,9,0.1425756599,-17.16208498,20.40886289,4,0,5,0,,,,0,0,0,0,,,,0,0,0,0,,,,0,0,0,9,0.6024481381,-12.79642834,9.150176688,3,0,6,0,,,,0,0,0,0,,,,0,0,0,9,9,0,0,9,9,0,0,descriptive design grid within one frozen realization; ranges are not uncertainty intervals,1,conditional on one frozen realization; no sampling inference,2026-08-26T18:12:43.884305+00:00,publication-outputs-1.0.0,0950b556111bec172d56ad34fe3569f251832a44e44c7eb43f636e6af321a5a1,ac36628fef7684bc08672b4c0678d32822a62f1b86b86ed9e5e19afa29f97220,cf2fef52687428f0eab74fc123ceb2a36cb6d0fc70d5442d221c955a4753ae2f,a0b23907336269b78a7cfd2eb7057232c7afcf87129f8a4c9d0f5e93faa0a5ef,d0bde0ec0552c341e5ead1b4598d63352fb999a1674433bd60a7c7c3d3287ac0,9c306d57a391d92a493f0b9590b5ec0d2af7679ab1dc1116abab6b6253017763,300
RG,V1Ia,off_diagonal,inhibitory,9,0,9,9,0,,,,0,0,0,9,0.02756715173,-4.345708136,11.26774037,4,0,5,0,,,,0,0,0,0,,,,0,0,0,0,,,,0,0,0,9,-0.1943476615,-7.71173631,9.725145447,6,0,3,0,,,,0,0,0,0,,,,0,0,0,9,9,0,0,9,9,0,0,descriptive design grid within one frozen realization; ranges are not uncertainty intervals,1,conditional on one frozen realization; no sampling inference,2026-08-26T18:12:43.884305+00:00,publication-outputs-1.0.0,0950b556111bec172d56ad34fe3569f251832a44e44c7eb43f636e6af321a5a1,ac36628fef7684bc08672b4c0678d32822a62f1b86b86ed9e5e19afa29f97220,cf2fef52687428f0eab74fc123ceb2a36cb6d0fc70d5442d221c955a4753ae2f,a0b23907336269b78a7cfd2eb7057232c7afcf87129f8a4c9d0f5e93faa0a5ef,d0bde0ec0552c341e5ead1b4598d63352fb999a1674433bd60a7c7c3d3287ac0,9c306d57a391d92a493f0b9590b5ec0d2af7679ab1dc1116abab6b6253017763,300
RG,V1Ren,off_diagonal,none,9,0,9,9,0,,,,0,0,0,9,-0.02753812834,-7.561792011,12.55299006,6,0,3,0,,,,0,0,0,0,,,,0,0,0,0,,,,0,0,0,9,0.02301321728,-9.690937504,10.22343828,4,0,5,0,,,,0,0,0,0,,,,0,0,0,,,,,,,,,descriptive design grid within one frozen realization; ranges are not uncertainty intervals,1,conditional on one frozen realization; no sampling inference,2026-08-26T18:12:43.884305+00:00,publication-outputs-1.0.0,0950b556111bec172d56ad34fe3569f251832a44e44c7eb43f636e6af321a5a1,ac36628fef7684bc08672b4c0678d32822a62f1b86b86ed9e5e19afa29f97220,cf2fef52687428f0eab74fc123ceb2a36cb6d0fc70d5442d221c955a4753ae2f,a0b23907336269b78a7cfd2eb7057232c7afcf87129f8a4c9d0f5e93faa0a5ef,d0bde0ec0552c341e5ead1b4598d63352fb999a1674433bd60a7c7c3d3287ac0,9c306d57a391d92a493f0b9590b5ec0d2af7679ab1dc1116abab6b6253017763,300
RG,V1Ren,off_diagonal,excitatory,9,0,9,9,0,,,,0,0,0,9,0.07314067603,-16.23006162,10.26295498,4,0,5,0,,,,0,0,0,0,,,,0,0,0,0,,,,0,0,0,9,0.1093937287,-14.67401801,10.386384,3,0,6,0,,,,0,0,0,0,,,,0,0,0,9,9,0,0,9,9,0,0,descriptive design grid within one frozen realization; ranges are not uncertainty intervals,1,conditional on one frozen realization; no sampling inference,2026-08-26T18:12:43.884305+00:00,publication-outputs-1.0.0,0950b556111bec172d56ad34fe3569f251832a44e44c7eb43f636e6af321a5a1,ac36628fef7684bc08672b4c0678d32822a62f1b86b86ed9e5e19afa29f97220,cf2fef52687428f0eab74fc123ceb2a36cb6d0fc70d5442d221c955a4753ae2f,a0b23907336269b78a7cfd2eb7057232c7afcf87129f8a4c9d0f5e93faa0a5ef,d0bde0ec0552c341e5ead1b4598d63352fb999a1674433bd60a7c7c3d3287ac0,9c306d57a391d92a493f0b9590b5ec0d2af7679ab1dc1116abab6b6253017763,300
RG,V1Ren,off_diagonal,inhibitory,9,0,9,9,0,,,,0,0,0,9,0.2900652225,-2.722190418,16.09535807,2,0,7,0,,,,0,0,0,0,,,,0,0,0,0,,,,0,0,0,9,0.08105321366,-0.7610828082,12.43443248,3,0,6,0,,,,0,0,0,0,,,,0,0,0,9,9,0,0,9,9,0,0,descriptive design grid within one frozen realization; ranges are not uncertainty intervals,1,conditional on one frozen realization; no sampling inference,2026-08-26T18:12:43.884305+00:00,publication-outputs-1.0.0,0950b556111bec172d56ad34fe3569f251832a44e44c7eb43f636e6af321a5a1,ac36628fef7684bc08672b4c0678d32822a62f1b86b86ed9e5e19afa29f97220,cf2fef52687428f0eab74fc123ceb2a36cb6d0fc70d5442d221c955a4753ae2f,a0b23907336269b78a7cfd2eb7057232c7afcf87129f8a4c9d0f5e93faa0a5ef,d0bde0ec0552c341e5ead1b4598d63352fb999a1674433bd60a7c7c3d3287ac0,9c306d57a391d92a493f0b9590b5ec0d2af7679ab1dc1116abab6b6253017763,300
RG,V2b,off_diagonal,none,9,0,9,9,0,,,,0,0,0,9,-0.03534609033,-14.02139068,15.09542504,5,0,4,0,,,,0,0,0,0,,,,0,0,0,0,,,,0,0,0,9,0.03998574811,-15.67145664,17.60657418,3,0,6,0,,,,0,0,0,0,,,,0,0,0,,,,,,,,,descriptive design grid within one frozen realization; ranges are not uncertainty intervals,1,conditional on one frozen realization; no sampling inference,2026-08-26T18:12:43.884305+00:00,publication-outputs-1.0.0,0950b556111bec172d56ad34fe3569f251832a44e44c7eb43f636e6af321a5a1,ac36628fef7684bc08672b4c0678d32822a62f1b86b86ed9e5e19afa29f97220,cf2fef52687428f0eab74fc123ceb2a36cb6d0fc70d5442d221c955a4753ae2f,a0b23907336269b78a7cfd2eb7057232c7afcf87129f8a4c9d0f5e93faa0a5ef,d0bde0ec0552c341e5ead1b4598d63352fb999a1674433bd60a7c7c3d3287ac0,9c306d57a391d92a493f0b9590b5ec0d2af7679ab1dc1116abab6b6253017763,300
RG,V2b,off_diagonal,excitatory,9,0,9,9,0,,,,0,0,0,9,-0.4273063956,-12.61107269,3.636603236,6,0,3,0,,,,0,0,0,0,,,,0,0,0,0,,,,0,0,0,9,-2.69033523,-15.12517784,1.768887336,7,0,2,0,,,,0,0,0,0,,,,0,0,0,9,9,0,0,9,9,0,0,descriptive design grid within one frozen realization; ranges are not uncertainty intervals,1,conditional on one frozen realization; no sampling inference,2026-08-26T18:12:43.884305+00:00,publication-outputs-1.0.0,0950b556111bec172d56ad34fe3569f251832a44e44c7eb43f636e6af321a5a1,ac36628fef7684bc08672b4c0678d32822a62f1b86b86ed9e5e19afa29f97220,cf2fef52687428f0eab74fc123ceb2a36cb6d0fc70d5442d221c955a4753ae2f,a0b23907336269b78a7cfd2eb7057232c7afcf87129f8a4c9d0f5e93faa0a5ef,d0bde0ec0552c341e5ead1b4598d63352fb999a1674433bd60a7c7c3d3287ac0,9c306d57a391d92a493f0b9590b5ec0d2af7679ab1dc1116abab6b6253017763,300
RG,V2b,off_diagonal,inhibitory,9,0,9,9,0,,,,0,0,0,9,0.017952521,-8.355669056,6.922179222,4,0,5,0,,,,0,0,0,0,,,,0,0,0,0,,,,0,0,0,9,0.1264301617,-6.815456325,5.838837771,3,0,6,0,,,,0,0,0,0,,,,0,0,0,9,9,0,0,9,9,0,0,descriptive design grid within one frozen realization; ranges are not uncertainty intervals,1,conditional on one frozen realization; no sampling inference,2026-08-26T18:12:43.884305+00:00,publication-outputs-1.0.0,0950b556111bec172d56ad34fe3569f251832a44e44c7eb43f636e6af321a5a1,ac36628fef7684bc08672b4c0678d32822a62f1b86b86ed9e5e19afa29f97220,cf2fef52687428f0eab74fc123ceb2a36cb6d0fc70d5442d221c955a4753ae2f,a0b23907336269b78a7cfd2eb7057232c7afcf87129f8a4c9d0f5e93faa0a5ef,d0bde0ec0552c341e5ead1b4598d63352fb999a1674433bd60a7c7c3d3287ac0,9c306d57a391d92a493f0b9590b5ec0d2af7679ab1dc1116abab6b6253017763,300
PF,RG,off_diagonal,none,9,9,0,0,9,-6.108561289,-8.719947447,8.200230059,7,0,2,9,0.1001917426,-5.109835655,1.150952189,4,0,5,9,-6.75422076,-9.138185869,7.554570588,7,0,2,9,-0.8530602051,-2.157837306,4.464176184,7,0,2,9,1.410219041,-5.430512852,9.940031163,2,0,7,9,0.1422541386,-5.182846303,0.9445109457,3,0,6,9,0.9919105596,-0.8694889589,15.10417861,3,0,6,9,-0.56056262,-0.9993046724,10.34699375,5,0,4,,,,,,,,,descriptive design grid within one frozen realization; ranges are not uncertainty intervals,1,conditional on one frozen realization; no sampling inference,2026-08-26T18:12:43.884305+00:00,publication-outputs-1.0.0,0950b556111bec172d56ad34fe3569f251832a44e44c7eb43f636e6af321a5a1,ac36628fef7684bc08672b4c0678d32822a62f1b86b86ed9e5e19afa29f97220,cf2fef52687428f0eab74fc123ceb2a36cb6d0fc70d5442d221c955a4753ae2f,a0b23907336269b78a7cfd2eb7057232c7afcf87129f8a4c9d0f5e93faa0a5ef,d0bde0ec0552c341e5ead1b4598d63352fb999a1674433bd60a7c7c3d3287ac0,9c306d57a391d92a493f0b9590b5ec0d2af7679ab1dc1116abab6b6253017763,300
PF,RG,off_diagonal,excitatory,9,9,0,0,9,-8.064378343,-18.62187547,7.333668076,8,0,1,9,0.1303040684,-17.37539699,22.51025205,4,0,5,9,-4.739959406,-10.17753809,20.41489287,6,0,3,9,3.551639337,-14.06591467,30.45662178,2,0,7,9,-2.163717208,-17.99318975,6.114640355,5,0,4,9,-0.2203954482,-11.91543775,27.31094382,5,0,4,9,0.05201338381,-15.54335435,7.600476725,4,0,5,9,2.670230849,-24.86110842,13.40127412,3,0,6,9,9,9,9,9,9,9,9,descriptive design grid within one frozen realization; ranges are not uncertainty intervals,1,conditional on one frozen realization; no sampling inference,2026-08-26T18:12:43.884305+00:00,publication-outputs-1.0.0,0950b556111bec172d56ad34fe3569f251832a44e44c7eb43f636e6af321a5a1,ac36628fef7684bc08672b4c0678d32822a62f1b86b86ed9e5e19afa29f97220,cf2fef52687428f0eab74fc123ceb2a36cb6d0fc70d5442d221c955a4753ae2f,a0b23907336269b78a7cfd2eb7057232c7afcf87129f8a4c9d0f5e93faa0a5ef,d0bde0ec0552c341e5ead1b4598d63352fb999a1674433bd60a7c7c3d3287ac0,9c306d57a391d92a493f0b9590b5ec0d2af7679ab1dc1116abab6b6253017763,300
PF,RG,off_diagonal,inhibitory,9,9,0,0,9,-4.542805596,-10.19082117,6.986501383,7,0,2,9,-0.3525882725,-5.879007006,2.330552888,5,0,4,9,-4.754559226,-10.38837278,0.9141500867,8,0,1,9,-0.2395614424,-6.785759708,1.896059807,6,0,3,9,1.069598079,0.5599932597,10.57075031,0,0,9,9,0.03846927553,-4.383657952,0.545177358,3,0,6,9,1.455168676,-2.703485099,4.520254881,2,0,7,9,0.1484815383,-6.07718881,0.6071364056,4,0,5,9,9,9,9,9,9,9,9,descriptive design grid within one frozen realization; ranges are not uncertainty intervals,1,conditional on one frozen realization; no sampling inference,2026-08-26T18:12:43.884305+00:00,publication-outputs-1.0.0,0950b556111bec172d56ad34fe3569f251832a44e44c7eb43f636e6af321a5a1,ac36628fef7684bc08672b4c0678d32822a62f1b86b86ed9e5e19afa29f97220,cf2fef52687428f0eab74fc123ceb2a36cb6d0fc70d5442d221c955a4753ae2f,a0b23907336269b78a7cfd2eb7057232c7afcf87129f8a4c9d0f5e93faa0a5ef,d0bde0ec0552c341e5ead1b4598d63352fb999a1674433bd60a7c7c3d3287ac0,9c306d57a391d92a493f0b9590b5ec0d2af7679ab1dc1116abab6b6253017763,300
PF,PF,diagonal,none,9,9,0,0,9,-6.108561289,-8.719947447,8.200230059,7,0,2,9,0.03039713982,-10.82724485,5.29148442,4,0,5,9,-6.108561289,-8.719947447,8.200230059,7,0,2,9,-0.03039713982,-5.29148442,10.82724485,5,0,4,9,1.410219041,-5.430512852,9.940031163,2,0,7,9,-0.3726475631,-14.0961597,7.347511887,8,0,1,9,1.410219041,-5.430512852,9.940031163,2,0,7,9,0.3726475631,-7.347511887,14.0961597,1,0,8,,,,,,,,,descriptive design grid within one frozen realization; ranges are not uncertainty intervals,1,conditional on one frozen realization; no sampling inference,2026-08-26T18:12:43.884305+00:00,publication-outputs-1.0.0,0950b556111bec172d56ad34fe3569f251832a44e44c7eb43f636e6af321a5a1,ac36628fef7684bc08672b4c0678d32822a62f1b86b86ed9e5e19afa29f97220,cf2fef52687428f0eab74fc123ceb2a36cb6d0fc70d5442d221c955a4753ae2f,a0b23907336269b78a7cfd2eb7057232c7afcf87129f8a4c9d0f5e93faa0a5ef,d0bde0ec0552c341e5ead1b4598d63352fb999a1674433bd60a7c7c3d3287ac0,9c306d57a391d92a493f0b9590b5ec0d2af7679ab1dc1116abab6b6253017763,300
PF,PF,diagonal,excitatory,9,9,0,0,9,-8.064378343,-18.62187547,7.333668076,8,0,1,9,0.1445608819,-16.85700968,5.35105073,3,0,6,9,-8.064378343,-18.62187547,7.333668076,8,0,1,9,-0.1445608819,-5.35105073,16.85700968,6,0,3,9,-2.163717208,-17.99318975,6.114640355,5,0,4,9,0.02364516252,-14.280437,5.85211782,4,0,5,9,-2.163717208,-17.99318975,6.114640355,5,0,4,9,-0.02364516252,-5.85211782,14.280437,5,0,4,9,9,9,9,9,9,9,9,descriptive design grid within one frozen realization; ranges are not uncertainty intervals,1,conditional on one frozen realization; no sampling inference,2026-08-26T18:12:43.884305+00:00,publication-outputs-1.0.0,0950b556111bec172d56ad34fe3569f251832a44e44c7eb43f636e6af321a5a1,ac36628fef7684bc08672b4c0678d32822a62f1b86b86ed9e5e19afa29f97220,cf2fef52687428f0eab74fc123ceb2a36cb6d0fc70d5442d221c955a4753ae2f,a0b23907336269b78a7cfd2eb7057232c7afcf87129f8a4c9d0f5e93faa0a5ef,d0bde0ec0552c341e5ead1b4598d63352fb999a1674433bd60a7c7c3d3287ac0,9c306d57a391d92a493f0b9590b5ec0d2af7679ab1dc1116abab6b6253017763,300
PF,PF,diagonal,inhibitory,9,9,0,0,9,-4.542805596,-10.19082117,6.986501383,7,0,2,9,-1.420871879,-5.577497408,2.74119681,5,0,4,9,-4.542805596,-10.19082117,6.986501383,7,0,2,9,1.420871879,-2.74119681,5.577497408,4,0,5,9,1.069598079,0.5599932597,10.57075031,0,0,9,9,-0.01054312042,-5.838100381,1.099181112,5,0,4,9,1.069598079,0.5599932597,10.57075031,0,0,9,9,0.01054312042,-1.099181112,5.838100381,4,0,5,9,9,9,9,9,9,9,9,descriptive design grid within one frozen realization; ranges are not uncertainty intervals,1,conditional on one frozen realization; no sampling inference,2026-08-26T18:12:43.884305+00:00,publication-outputs-1.0.0,0950b556111bec172d56ad34fe3569f251832a44e44c7eb43f636e6af321a5a1,ac36628fef7684bc08672b4c0678d32822a62f1b86b86ed9e5e19afa29f97220,cf2fef52687428f0eab74fc123ceb2a36cb6d0fc70d5442d221c955a4753ae2f,a0b23907336269b78a7cfd2eb7057232c7afcf87129f8a4c9d0f5e93faa0a5ef,d0bde0ec0552c341e5ead1b4598d63352fb999a1674433bd60a7c7c3d3287ac0,9c306d57a391d92a493f0b9590b5ec0d2af7679ab1dc1116abab6b6253017763,300
PF,MN,off_diagonal,none,9,9,0,0,9,-6.108561289,-8.719947447,8.200230059,7,0,2,9,-0.1301498489,-13.12044858,11.18795089,5,0,4,9,-6.108561289,-8.719947447,8.200230059,7,0,2,9,0.1301498489,-11.18795089,13.12044858,4,0,5,9,1.410219041,-5.430512852,9.940031163,2,0,7,9,-0.1424882411,-14.63500264,8.048894925,5,0,4,9,1.410219041,-5.430512852,9.940031163,2,0,7,9,0.1424882411,-8.048894925,14.63500264,4,0,5,,,,,,,,,descriptive design grid within one frozen realization; ranges are not uncertainty intervals,1,conditional on one frozen realization; no sampling inference,2026-08-26T18:12:43.884305+00:00,publication-outputs-1.0.0,0950b556111bec172d56ad34fe3569f251832a44e44c7eb43f636e6af321a5a1,ac36628fef7684bc08672b4c0678d32822a62f1b86b86ed9e5e19afa29f97220,cf2fef52687428f0eab74fc123ceb2a36cb6d0fc70d5442d221c955a4753ae2f,a0b23907336269b78a7cfd2eb7057232c7afcf87129f8a4c9d0f5e93faa0a5ef,d0bde0ec0552c341e5ead1b4598d63352fb999a1674433bd60a7c7c3d3287ac0,9c306d57a391d92a493f0b9590b5ec0d2af7679ab1dc1116abab6b6253017763,300
PF,MN,off_diagonal,excitatory,9,9,0,0,9,-8.064378343,-18.62187547,7.333668076,8,0,1,9,0.1554482056,-13.29057422,5.662073151,3,0,6,9,-8.064378343,-18.62187547,7.333668076,8,0,1,9,-0.1554482056,-5.662073151,13.29057422,6,0,3,9,-2.163717208,-17.99318975,6.114640355,5,0,4,9,0.1418366257,-8.091418611,11.16366843,3,0,6,9,-2.163717208,-17.99318975,6.114640355,5,0,4,9,-0.1418366257,-11.16366843,8.091418611,6,0,3,9,9,9,9,9,9,9,9,descriptive design grid within one frozen realization; ranges are not uncertainty intervals,1,conditional on one frozen realization; no sampling inference,2026-08-26T18:12:43.884305+00:00,publication-outputs-1.0.0,0950b556111bec172d56ad34fe3569f251832a44e44c7eb43f636e6af321a5a1,ac36628fef7684bc08672b4c0678d32822a62f1b86b86ed9e5e19afa29f97220,cf2fef52687428f0eab74fc123ceb2a36cb6d0fc70d5442d221c955a4753ae2f,a0b23907336269b78a7cfd2eb7057232c7afcf87129f8a4c9d0f5e93faa0a5ef,d0bde0ec0552c341e5ead1b4598d63352fb999a1674433bd60a7c7c3d3287ac0,9c306d57a391d92a493f0b9590b5ec0d2af7679ab1dc1116abab6b6253017763,300
PF,MN,off_diagonal,inhibitory,9,9,0,0,9,-4.542805596,-10.19082117,6.986501383,7,0,2,9,-0.02585095362,-7.212839255,14.37606313,5,0,4,9,-4.542805596,-10.19082117,6.986501383,7,0,2,9,0.02585095362,-14.37606313,7.212839255,4,0,5,9,1.069598079,0.5599932597,10.57075031,0,0,9,9,0.0119287897,-6.923700649,10.98219517,4,0,5,9,1.069598079,0.5599932597,10.57075031,0,0,9,9,-0.0119287897,-10.98219517,6.923700649,5,0,4,9,9,9,9,9,9,9,9,descriptive design grid within one frozen realization; ranges are not uncertainty intervals,1,conditional on one frozen realization; no sampling inference,2026-08-26T18:12:43.884305+00:00,publication-outputs-1.0.0,0950b556111bec172d56ad34fe3569f251832a44e44c7eb43f636e6af321a5a1,ac36628fef7684bc08672b4c0678d32822a62f1b86b86ed9e5e19afa29f97220,cf2fef52687428f0eab74fc123ceb2a36cb6d0fc70d5442d221c955a4753ae2f,a0b23907336269b78a7cfd2eb7057232c7afcf87129f8a4c9d0f5e93faa0a5ef,d0bde0ec0552c341e5ead1b4598d63352fb999a1674433bd60a7c7c3d3287ac0,9c306d57a391d92a493f0b9590b5ec0d2af7679ab1dc1116abab6b6253017763,300
PF,V0D,off_diagonal,none,9,9,0,0,9,-6.108561289,-8.719947447,8.200230059,7,0,2,9,-0.3163063316,-1.86486278,2.716080324,5,0,4,9,-7.773869952,-14.17057618,0.1382151631,8,0,1,9,-0.4392661995,-10.77809522,0.3681661885,7,0,2,9,1.410219041,-5.430512852,9.940031163,2,0,7,9,0.05915773152,-2.425927127,1.184054278,4,0,5,9,0.6021060882,-12.68374834,2.686795673,2,0,7,9,-0.4450302954,-8.437289767,0.4708034616,7,0,2,,,,,,,,,descriptive design grid within one frozen realization; ranges are not uncertainty intervals,1,conditional on one frozen realization; no sampling inference,2026-08-26T18:12:43.884305+00:00,publication-outputs-1.0.0,0950b556111bec172d56ad34fe3569f251832a44e44c7eb43f636e6af321a5a1,ac36628fef7684bc08672b4c0678d32822a62f1b86b86ed9e5e19afa29f97220,cf2fef52687428f0eab74fc123ceb2a36cb6d0fc70d5442d221c955a4753ae2f,a0b23907336269b78a7cfd2eb7057232c7afcf87129f8a4c9d0f5e93faa0a5ef,d0bde0ec0552c341e5ead1b4598d63352fb999a1674433bd60a7c7c3d3287ac0,9c306d57a391d92a493f0b9590b5ec0d2af7679ab1dc1116abab6b6253017763,300
PF,V0D,off_diagonal,excitatory,9,9,0,0,9,-8.064378343,-18.62187547,7.333668076,8,0,1,9,-0.8931558241,-8.304737349,1.925695312,5,0,4,9,-8.810936071,-27.7273984,-4.652312411,9,0,0,9,-0.09386173447,-15.41127424,11.4233948,5,0,4,9,-2.163717208,-17.99318975,6.114640355,5,0,4,9,-0.08614679914,-13.93033481,2.435247222,6,0,3,9,-3.644910454,-18.87953441,4.405472838,6,0,3,9,-0.1339889649,-11.5757468,13.04399015,5,0,4,9,9,9,9,9,9,9,9,descriptive design grid within one frozen realization; ranges are not uncertainty intervals,1,conditional on one frozen realization; no sampling inference,2026-08-26T18:12:43.884305+00:00,publication-outputs-1.0.0,0950b556111bec172d56ad34fe3569f251832a44e44c7eb43f636e6af321a5a1,ac36628fef7684bc08672b4c0678d32822a62f1b86b86ed9e5e19afa29f97220,cf2fef52687428f0eab74fc123ceb2a36cb6d0fc70d5442d221c955a4753ae2f,a0b23907336269b78a7cfd2eb7057232c7afcf87129f8a4c9d0f5e93faa0a5ef,d0bde0ec0552c341e5ead1b4598d63352fb999a1674433bd60a7c7c3d3287ac0,9c306d57a391d92a493f0b9590b5ec0d2af7679ab1dc1116abab6b6253017763,300
PF,V0D,off_diagonal,inhibitory,9,9,0,0,9,-4.542805596,-10.19082117,6.986501383,7,0,2,9,0.02756715173,-4.949540148,6.2249945,4,0,5,9,-7.476531408,-12.18109619,-1.807822096,9,0,0,9,-2.79280654,-10.43557054,-0.1268133902,9,0,0,9,1.069598079,0.5599932597,10.57075031,0,0,9,9,0.1183873452,-2.76720121,5.287955437,3,0,6,9,0.3307099554,-5.420923798,1.802816182,2,0,7,9,-1.239639094,-9.621991264,0.08841196767,8,0,1,9,9,9,9,9,9,9,9,descriptive design grid within one frozen realization; ranges are not uncertainty intervals,1,conditional on one frozen realization; no sampling inference,2026-08-26T18:12:43.884305+00:00,publication-outputs-1.0.0,0950b556111bec172d56ad34fe3569f251832a44e44c7eb43f636e6af321a5a1,ac36628fef7684bc08672b4c0678d32822a62f1b86b86ed9e5e19afa29f97220,cf2fef52687428f0eab74fc123ceb2a36cb6d0fc70d5442d221c955a4753ae2f,a0b23907336269b78a7cfd2eb7057232c7afcf87129f8a4c9d0f5e93faa0a5ef,d0bde0ec0552c341e5ead1b4598d63352fb999a1674433bd60a7c7c3d3287ac0,9c306d57a391d92a493f0b9590b5ec0d2af7679ab1dc1116abab6b6253017763,300
PF,V0V,off_diagonal,none,9,9,0,0,9,-6.108561289,-8.719947447,8.200230059,7,0,2,9,-0.003996768116,-11.72681718,14.0899718,5,0,4,9,-7.351400298,-11.76345343,2.545337919,7,0,2,9,-0.488699347,-19.74486394,6.07192504,7,0,2,9,1.410219041,-5.430512852,9.940031163,2,0,7,9,-0.07402181101,-12.77463156,11.81795365,6,0,3,9,1.280065252,-9.666770372,5.703773642,1,0,8,9,-0.0561319775,-16.05421118,8.53837404,5,0,4,,,,,,,,,descriptive design grid within one frozen realization; ranges are not uncertainty intervals,1,conditional on one frozen realization; no sampling inference,2026-08-26T18:12:43.884305+00:00,publication-outputs-1.0.0,0950b556111bec172d56ad34fe3569f251832a44e44c7eb43f636e6af321a5a1,ac36628fef7684bc08672b4c0678d32822a62f1b86b86ed9e5e19afa29f97220,cf2fef52687428f0eab74fc123ceb2a36cb6d0fc70d5442d221c955a4753ae2f,a0b23907336269b78a7cfd2eb7057232c7afcf87129f8a4c9d0f5e93faa0a5ef,d0bde0ec0552c341e5ead1b4598d63352fb999a1674433bd60a7c7c3d3287ac0,9c306d57a391d92a493f0b9590b5ec0d2af7679ab1dc1116abab6b6253017763,300
PF,V0V,off_diagonal,excitatory,9,9,0,0,9,-8.064378343,-18.62187547,7.333668076,8,0,1,9,0,-11.71076518,8.781780944,4,1,4,9,-8.78523647,-24.06768827,-2.492200729,9,0,0,9,-0.1691669557,-18.60764975,11.28543178,5,0,4,9,-2.163717208,-17.99318975,6.114640355,5,0,4,9,0.04881498003,-14.89459464,4.591250911,3,1,5,9,-3.117427817,-16.34432858,7.315615216,5,0,4,9,-0.0007433651484,-13.82331908,24.60803187,5,0,4,9,9,9,9,9,9,9,9,descriptive design grid within one frozen realization; ranges are not uncertainty intervals,1,conditional on one frozen realization; no sampling inference,2026-08-26T18:12:43.884305+00:00,publication-outputs-1.0.0,0950b556111bec172d56ad34fe3569f251832a44e44c7eb43f636e6af321a5a1,ac36628fef7684bc08672b4c0678d32822a62f1b86b86ed9e5e19afa29f97220,cf2fef52687428f0eab74fc123ceb2a36cb6d0fc70d5442d221c955a4753ae2f,a0b23907336269b78a7cfd2eb7057232c7afcf87129f8a4c9d0f5e93faa0a5ef,d0bde0ec0552c341e5ead1b4598d63352fb999a1674433bd60a7c7c3d3287ac0,9c306d57a391d92a493f0b9590b5ec0d2af7679ab1dc1116abab6b6253017763,300
PF,V0V,off_diagonal,inhibitory,9,9,0,0,9,-4.542805596,-10.19082117,6.986501383,7,0,2,9,0.05172836118,-3.688030454,7.0051361,3,0,6,9,-4.811336023,-10.29084531,1.677421854,8,0,1,9,-0.4102666285,-12.31421563,-0.1237771058,9,0,0,9,1.069598079,0.5599932597,10.57075031,0,0,9,9,-0.08994719801,-5.228123276,6.380009816,6,0,3,9,0.7986892509,-2.692519883,4.531220097,2,0,7,9,-0.03633454407,-12.41954003,0.408970449,6,0,3,9,9,9,9,9,9,9,9,descriptive design grid within one frozen realization; ranges are not uncertainty intervals,1,conditional on one frozen realization; no sampling inference,2026-08-26T18:12:43.884305+00:00,publication-outputs-1.0.0,0950b556111bec172d56ad34fe3569f251832a44e44c7eb43f636e6af321a5a1,ac36628fef7684bc08672b4c0678d32822a62f1b86b86ed9e5e19afa29f97220,cf2fef52687428f0eab74fc123ceb2a36cb6d0fc70d5442d221c955a4753ae2f,a0b23907336269b78a7cfd2eb7057232c7afcf87129f8a4c9d0f5e93faa0a5ef,d0bde0ec0552c341e5ead1b4598d63352fb999a1674433bd60a7c7c3d3287ac0,9c306d57a391d92a493f0b9590b5ec0d2af7679ab1dc1116abab6b6253017763,300
PF,V2a,off_diagonal,none,9,9,0,0,9,-6.108561289,-8.719947447,8.200230059,7,0,2,9,-0.09024583231,-9.644689165,1.890867591,5,0,4,9,-7.633602091,-15.17319737,-0.864406025,9,0,0,9,0.07545664875,-10.95550368,0.5800530813,4,0,5,9,1.410219041,-5.430512852,9.940031163,2,0,7,9,-0.2559473438,-8.367892515,2.120312378,5,0,4,9,0.952384843,-14.23040881,1.308903409,3,0,6,9,-0.4458585841,-10.92020833,0.6906409118,7,0,2,,,,,,,,,descriptive design grid within one frozen realization; ranges are not uncertainty intervals,1,conditional on one frozen realization; no sampling inference,2026-08-26T18:12:43.884305+00:00,publication-outputs-1.0.0,0950b556111bec172d56ad34fe3569f251832a44e44c7eb43f636e6af321a5a1,ac36628fef7684bc08672b4c0678d32822a62f1b86b86ed9e5e19afa29f97220,cf2fef52687428f0eab74fc123ceb2a36cb6d0fc70d5442d221c955a4753ae2f,a0b23907336269b78a7cfd2eb7057232c7afcf87129f8a4c9d0f5e93faa0a5ef,d0bde0ec0552c341e5ead1b4598d63352fb999a1674433bd60a7c7c3d3287ac0,9c306d57a391d92a493f0b9590b5ec0d2af7679ab1dc1116abab6b6253017763,300
PF,V2a,off_diagonal,excitatory,9,9,0,0,9,-8.064378343,-18.62187547,7.333668076,8,0,1,9,0.9089382621,-5.665078828,21.73198266,3,0,6,9,-10.71915376,-23.80171536,-2.226227821,9,0,0,9,-3.563713677,-31.29187855,3.010303414,7,0,2,9,-2.163717208,-17.99318975,6.114640355,5,0,4,9,-0.2902632994,-5.622391402,5.326276511,6,0,3,9,-5.910521862,-21.50588959,4.404729473,5,0,4,9,-2.990446862,-10.12395366,3.865750006,6,0,3,9,9,9,9,9,9,9,9,descriptive design grid within one frozen realization; ranges are not uncertainty intervals,1,conditional on one frozen realization; no sampling inference,2026-08-26T18:12:43.884305+00:00,publication-outputs-1.0.0,0950b556111bec172d56ad34fe3569f251832a44e44c7eb43f636e6af321a5a1,ac36628fef7684bc08672b4c0678d32822a62f1b86b86ed9e5e19afa29f97220,cf2fef52687428f0eab74fc123ceb2a36cb6d0fc70d5442d221c955a4753ae2f,a0b23907336269b78a7cfd2eb7057232c7afcf87129f8a4c9d0f5e93faa0a5ef,d0bde0ec0552c341e5ead1b4598d63352fb999a1674433bd60a7c7c3d3287ac0,9c306d57a391d92a493f0b9590b5ec0d2af7679ab1dc1116abab6b6253017763,300
PF,V2a,off_diagonal,inhibitory,9,9,0,0,9,-4.542805596,-10.19082117,6.986501383,7,0,2,9,-1.143338442,-4.540148965,6.477691251,5,0,4,9,-5.693722681,-9.927984435,1.52278839,8,0,1,9,0.02262882386,-11.94140424,1.765109351,4,0,5,9,1.069598079,0.5599932597,10.57075031,0,0,9,9,0.07422689279,-1.949120915,1.425321008,4,0,5,9,0.8127600136,-2.850865498,4.372874482,2,0,7,9,-0.2302941628,-7.623196834,1.236086561,5,0,4,9,9,9,9,9,9,9,9,descriptive design grid within one frozen realization; ranges are not uncertainty intervals,1,conditional on one frozen realization; no sampling inference,2026-08-26T18:12:43.884305+00:00,publication-outputs-1.0.0,0950b556111bec172d56ad34fe3569f251832a44e44c7eb43f636e6af321a5a1,ac36628fef7684bc08672b4c0678d32822a62f1b86b86ed9e5e19afa29f97220,cf2fef52687428f0eab74fc123ceb2a36cb6d0fc70d5442d221c955a4753ae2f,a0b23907336269b78a7cfd2eb7057232c7afcf87129f8a4c9d0f5e93faa0a5ef,d0bde0ec0552c341e5ead1b4598d63352fb999a1674433bd60a7c7c3d3287ac0,9c306d57a391d92a493f0b9590b5ec0d2af7679ab1dc1116abab6b6253017763,300
PF,V3,off_diagonal,none,9,9,0,0,9,-6.108561289,-8.719947447,8.200230059,7,0,2,9,0,-5.683552172,5.507114803,2,4,3,9,-6.108561289,-8.719947447,8.200230059,7,0,2,9,0,-5.507114803,5.683552172,3,4,2,9,1.410219041,-5.430512852,9.940031163,2,0,7,9,0,-4.121713865,5.204434927,2,4,3,9,1.410219041,-5.430512852,9.940031163,2,0,7,9,0,-5.204434927,4.121713865,3,4,2,,,,,,,,,descriptive design grid within one frozen realization; ranges are not uncertainty intervals,1,conditional on one frozen realization; no sampling inference,2026-08-26T18:12:43.884305+00:00,publication-outputs-1.0.0,0950b556111bec172d56ad34fe3569f251832a44e44c7eb43f636e6af321a5a1,ac36628fef7684bc08672b4c0678d32822a62f1b86b86ed9e5e19afa29f97220,cf2fef52687428f0eab74fc123ceb2a36cb6d0fc70d5442d221c955a4753ae2f,a0b23907336269b78a7cfd2eb7057232c7afcf87129f8a4c9d0f5e93faa0a5ef,d0bde0ec0552c341e5ead1b4598d63352fb999a1674433bd60a7c7c3d3287ac0,9c306d57a391d92a493f0b9590b5ec0d2af7679ab1dc1116abab6b6253017763,300
PF,V3,off_diagonal,excitatory,9,9,0,0,9,-8.064378343,-18.62187547,7.333668076,8,0,1,9,0.0001278292883,-0.5483558344,3.781604423,2,2,5,9,-8.064378343,-18.62187547,7.333668076,8,0,1,9,-0.0001278292883,-3.781604423,0.5483558344,5,2,2,9,-2.163717208,-17.99318975,6.114640355,5,0,4,9,0,-0.6034253864,4.628985039,4,2,3,9,-2.163717208,-17.99318975,6.114640355,5,0,4,9,0,-4.628985039,0.6034253864,3,2,4,9,9,9,9,9,9,9,9,descriptive design grid within one frozen realization; ranges are not uncertainty intervals,1,conditional on one frozen realization; no sampling inference,2026-08-26T18:12:43.884305+00:00,publication-outputs-1.0.0,0950b556111bec172d56ad34fe3569f251832a44e44c7eb43f636e6af321a5a1,ac36628fef7684bc08672b4c0678d32822a62f1b86b86ed9e5e19afa29f97220,cf2fef52687428f0eab74fc123ceb2a36cb6d0fc70d5442d221c955a4753ae2f,a0b23907336269b78a7cfd2eb7057232c7afcf87129f8a4c9d0f5e93faa0a5ef,d0bde0ec0552c341e5ead1b4598d63352fb999a1674433bd60a7c7c3d3287ac0,9c306d57a391d92a493f0b9590b5ec0d2af7679ab1dc1116abab6b6253017763,300
PF,V3,off_diagonal,inhibitory,9,9,0,0,9,-4.542805596,-10.19082117,6.986501383,7,0,2,9,0.009495716273,-0.9981802217,1.617788149,2,2,5,9,-4.542805596,-10.19082117,6.986501383,7,0,2,9,-0.009495716273,-1.617788149,0.9981802217,5,2,2,9,1.069598079,0.5599932597,10.57075031,0,0,9,9,0,-1.465663406,0.6712800417,3,3,3,9,1.069598079,0.5599932597,10.57075031,0,0,9,9,0,-0.6712800417,1.465663406,3,3,3,9,9,9,9,9,9,9,9,descriptive design grid within one frozen realization; ranges are not uncertainty intervals,1,conditional on one frozen realization; no sampling inference,2026-08-26T18:12:43.884305+00:00,publication-outputs-1.0.0,0950b556111bec172d56ad34fe3569f251832a44e44c7eb43f636e6af321a5a1,ac36628fef7684bc08672b4c0678d32822a62f1b86b86ed9e5e19afa29f97220,cf2fef52687428f0eab74fc123ceb2a36cb6d0fc70d5442d221c955a4753ae2f,a0b23907336269b78a7cfd2eb7057232c7afcf87129f8a4c9d0f5e93faa0a5ef,d0bde0ec0552c341e5ead1b4598d63352fb999a1674433bd60a7c7c3d3287ac0,9c306d57a391d92a493f0b9590b5ec0d2af7679ab1dc1116abab6b6253017763,300
PF,V1Ia,off_diagonal,none,9,9,0,0,9,-6.108561289,-8.719947447,8.200230059,7,0,2,9,-0.1269727105,-0.9610000183,3.336709977,5,0,4,9,-7.68723202,-16.77432408,-2.465532732,9,0,0,9,-1.136202428,-14.00247277,0.1149612559,7,0,2,9,1.410219041,-5.430512852,9.940031163,2,0,7,9,0.02036111692,-4.323843525,6.809697092,4,0,5,9,0.3616932443,-14.20287731,1.333775611,4,0,5,9,-0.6427725505,-15.58206155,-0.3173166123,9,0,0,,,,,,,,,descriptive design grid within one frozen realization; ranges are not uncertainty intervals,1,conditional on one frozen realization; no sampling inference,2026-08-26T18:12:43.884305+00:00,publication-outputs-1.0.0,0950b556111bec172d56ad34fe3569f251832a44e44c7eb43f636e6af321a5a1,ac36628fef7684bc08672b4c0678d32822a62f1b86b86ed9e5e19afa29f97220,cf2fef52687428f0eab74fc123ceb2a36cb6d0fc70d5442d221c955a4753ae2f,a0b23907336269b78a7cfd2eb7057232c7afcf87129f8a4c9d0f5e93faa0a5ef,d0bde0ec0552c341e5ead1b4598d63352fb999a1674433bd60a7c7c3d3287ac0,9c306d57a391d92a493f0b9590b5ec0d2af7679ab1dc1116abab6b6253017763,300
PF,V1Ia,off_diagonal,excitatory,9,9,0,0,9,-8.064378343,-18.62187547,7.333668076,8,0,1,9,0.1425756599,-17.16208498,20.40886289,4,0,5,9,-10.26704909,-24.18192879,-2.606441249,9,0,0,9,0.2505328658,-30.34897221,7.221975652,4,0,5,9,-2.163717208,-17.99318975,6.114640355,5,0,4,9,0.6024481381,-12.79642834,9.150176688,3,0,6,9,-2.738675025,-18.33404276,5.236699392,5,0,4,9,0.2287784162,-10.72702383,8.732369777,4,0,5,9,9,9,9,9,9,9,9,descriptive design grid within one frozen realization; ranges are not uncertainty intervals,1,conditional on one frozen realization; no sampling inference,2026-08-26T18:12:43.884305+00:00,publication-outputs-1.0.0,0950b556111bec172d56ad34fe3569f251832a44e44c7eb43f636e6af321a5a1,ac36628fef7684bc08672b4c0678d32822a62f1b86b86ed9e5e19afa29f97220,cf2fef52687428f0eab74fc123ceb2a36cb6d0fc70d5442d221c955a4753ae2f,a0b23907336269b78a7cfd2eb7057232c7afcf87129f8a4c9d0f5e93faa0a5ef,d0bde0ec0552c341e5ead1b4598d63352fb999a1674433bd60a7c7c3d3287ac0,9c306d57a391d92a493f0b9590b5ec0d2af7679ab1dc1116abab6b6253017763,300
PF,V1Ia,off_diagonal,inhibitory,9,9,0,0,9,-4.542805596,-10.19082117,6.986501383,7,0,2,9,0.02756715173,-4.345708136,11.26774037,4,0,5,9,-7.643977279,-13.80837004,-3.43509595,9,0,0,9,-0.2115057849,-21.68933771,0.62256901,5,0,4,9,1.069598079,0.5599932597,10.57075031,0,0,9,9,-0.1943476615,-7.71173631,9.725145447,6,0,3,9,0.2171827481,-7.448848173,1.808988428,4,0,5,9,-0.7386017848,-20.52100395,1.87170811,6,0,3,9,9,9,9,9,9,9,9,descriptive design grid within one frozen realization; ranges are not uncertainty intervals,1,conditional on one frozen realization; no sampling inference,2026-08-26T18:12:43.884305+00:00,publication-outputs-1.0.0,0950b556111bec172d56ad34fe3569f251832a44e44c7eb43f636e6af321a5a1,ac36628fef7684bc08672b4c0678d32822a62f1b86b86ed9e5e19afa29f97220,cf2fef52687428f0eab74fc123ceb2a36cb6d0fc70d5442d221c955a4753ae2f,a0b23907336269b78a7cfd2eb7057232c7afcf87129f8a4c9d0f5e93faa0a5ef,d0bde0ec0552c341e5ead1b4598d63352fb999a1674433bd60a7c7c3d3287ac0,9c306d57a391d92a493f0b9590b5ec0d2af7679ab1dc1116abab6b6253017763,300
PF,V1Ren,off_diagonal,none,9,9,0,0,9,-6.108561289,-8.719947447,8.200230059,7,0,2,9,-0.02753812834,-7.561792011,12.55299006,6,0,3,9,-6.108561289,-8.719947447,8.200230059,7,0,2,9,0.02753812834,-12.55299006,7.561792011,3,0,6,9,1.410219041,-5.430512852,9.940031163,2,0,7,9,0.02301321728,-9.690937504,10.22343828,4,0,5,9,1.410219041,-5.430512852,9.940031163,2,0,7,9,-0.02301321728,-10.22343828,9.690937504,5,0,4,,,,,,,,,descriptive design grid within one frozen realization; ranges are not uncertainty intervals,1,conditional on one frozen realization; no sampling inference,2026-08-26T18:12:43.884305+00:00,publication-outputs-1.0.0,0950b556111bec172d56ad34fe3569f251832a44e44c7eb43f636e6af321a5a1,ac36628fef7684bc08672b4c0678d32822a62f1b86b86ed9e5e19afa29f97220,cf2fef52687428f0eab74fc123ceb2a36cb6d0fc70d5442d221c955a4753ae2f,a0b23907336269b78a7cfd2eb7057232c7afcf87129f8a4c9d0f5e93faa0a5ef,d0bde0ec0552c341e5ead1b4598d63352fb999a1674433bd60a7c7c3d3287ac0,9c306d57a391d92a493f0b9590b5ec0d2af7679ab1dc1116abab6b6253017763,300
PF,V1Ren,off_diagonal,excitatory,9,9,0,0,9,-8.064378343,-18.62187547,7.333668076,8,0,1,9,0.07314067603,-16.23006162,10.26295498,4,0,5,9,-8.064378343,-18.62187547,7.333668076,8,0,1,9,-0.07314067603,-10.26295498,16.23006162,5,0,4,9,-2.163717208,-17.99318975,6.114640355,5,0,4,9,0.1093937287,-14.67401801,10.386384,3,0,6,9,-2.163717208,-17.99318975,6.114640355,5,0,4,9,-0.1093937287,-10.386384,14.67401801,6,0,3,9,9,9,9,9,9,9,9,descriptive design grid within one frozen realization; ranges are not uncertainty intervals,1,conditional on one frozen realization; no sampling inference,2026-08-26T18:12:43.884305+00:00,publication-outputs-1.0.0,0950b556111bec172d56ad34fe3569f251832a44e44c7eb43f636e6af321a5a1,ac36628fef7684bc08672b4c0678d32822a62f1b86b86ed9e5e19afa29f97220,cf2fef52687428f0eab74fc123ceb2a36cb6d0fc70d5442d221c955a4753ae2f,a0b23907336269b78a7cfd2eb7057232c7afcf87129f8a4c9d0f5e93faa0a5ef,d0bde0ec0552c341e5ead1b4598d63352fb999a1674433bd60a7c7c3d3287ac0,9c306d57a391d92a493f0b9590b5ec0d2af7679ab1dc1116abab6b6253017763,300
PF,V1Ren,off_diagonal,inhibitory,9,9,0,0,9,-4.542805596,-10.19082117,6.986501383,7,0,2,9,0.2900652225,-2.722190418,16.09535807,2,0,7,9,-4.542805596,-10.19082117,6.986501383,7,0,2,9,-0.2900652225,-16.09535807,2.722190418,7,0,2,9,1.069598079,0.5599932597,10.57075031,0,0,9,9,0.08105321366,-0.7610828082,12.43443248,3,0,6,9,1.069598079,0.5599932597,10.57075031,0,0,9,9,-0.08105321366,-12.43443248,0.7610828082,6,0,3,9,9,9,9,9,9,9,9,descriptive design grid within one frozen realization; ranges are not uncertainty intervals,1,conditional on one frozen realization; no sampling inference,2026-08-26T18:12:43.884305+00:00,publication-outputs-1.0.0,0950b556111bec172d56ad34fe3569f251832a44e44c7eb43f636e6af321a5a1,ac36628fef7684bc08672b4c0678d32822a62f1b86b86ed9e5e19afa29f97220,cf2fef52687428f0eab74fc123ceb2a36cb6d0fc70d5442d221c955a4753ae2f,a0b23907336269b78a7cfd2eb7057232c7afcf87129f8a4c9d0f5e93faa0a5ef,d0bde0ec0552c341e5ead1b4598d63352fb999a1674433bd60a7c7c3d3287ac0,9c306d57a391d92a493f0b9590b5ec0d2af7679ab1dc1116abab6b6253017763,300
PF,V2b,off_diagonal,none,9,9,0,0,9,-6.108561289,-8.719947447,8.200230059,7,0,2,9,-0.03534609033,-14.02139068,15.09542504,5,0,4,9,-8.087321216,-12.25377224,2.055019106,7,0,2,9,-0.5810676866,-21.24063599,7.876179723,7,0,2,9,1.410219041,-5.430512852,9.940031163,2,0,7,9,0.03998574811,-15.67145664,17.60657418,3,0,6,9,1.090310435,-10.88031933,4.490224684,1,0,8,9,-0.1910461887,-23.05638066,10.22165016,5,0,4,,,,,,,,,descriptive design grid within one frozen realization; ranges are not uncertainty intervals,1,conditional on one frozen realization; no sampling inference,2026-08-26T18:12:43.884305+00:00,publication-outputs-1.0.0,0950b556111bec172d56ad34fe3569f251832a44e44c7eb43f636e6af321a5a1,ac36628fef7684bc08672b4c0678d32822a62f1b86b86ed9e5e19afa29f97220,cf2fef52687428f0eab74fc123ceb2a36cb6d0fc70d5442d221c955a4753ae2f,a0b23907336269b78a7cfd2eb7057232c7afcf87129f8a4c9d0f5e93faa0a5ef,d0bde0ec0552c341e5ead1b4598d63352fb999a1674433bd60a7c7c3d3287ac0,9c306d57a391d92a493f0b9590b5ec0d2af7679ab1dc1116abab6b6253017763,300
PF,V2b,off_diagonal,excitatory,9,9,0,0,9,-8.064378343,-18.62187547,7.333668076,8,0,1,9,-0.4273063956,-12.61107269,3.636603236,6,0,3,9,-8.702140878,-24.09983662,-2.367763135,9,0,0,9,0.2975028985,-11.51809606,18.3076879,4,0,5,9,-2.163717208,-17.99318975,6.114640355,5,0,4,9,-2.69033523,-15.12517784,1.768887336,7,0,2,9,-0.3623260222,-15.95769375,4.976095961,5,0,4,9,1.048522427,-5.751344817,17.16067384,2,0,7,9,9,9,9,9,9,9,9,descriptive design grid within one frozen realization; ranges are not uncertainty intervals,1,conditional on one frozen realization; no sampling inference,2026-08-26T18:12:43.884305+00:00,publication-outputs-1.0.0,0950b556111bec172d56ad34fe3569f251832a44e44c7eb43f636e6af321a5a1,ac36628fef7684bc08672b4c0678d32822a62f1b86b86ed9e5e19afa29f97220,cf2fef52687428f0eab74fc123ceb2a36cb6d0fc70d5442d221c955a4753ae2f,a0b23907336269b78a7cfd2eb7057232c7afcf87129f8a4c9d0f5e93faa0a5ef,d0bde0ec0552c341e5ead1b4598d63352fb999a1674433bd60a7c7c3d3287ac0,9c306d57a391d92a493f0b9590b5ec0d2af7679ab1dc1116abab6b6253017763,300
PF,V2b,off_diagonal,inhibitory,9,9,0,0,9,-4.542805596,-10.19082117,6.986501383,7,0,2,9,0.017952521,-8.355669056,6.922179222,4,0,5,9,-7.509654424,-14.18501864,-3.811744551,9,0,0,9,-0.5117619737,-17.72042516,0.3977406873,6,0,3,9,1.069598079,0.5599932597,10.57075031,0,0,9,9,0.1264301617,-6.815456325,5.838837771,3,0,6,9,1.176838928,-7.535530974,1.426557552,3,0,6,9,-0.09450679387,-16.72137907,0.67855234,5,0,4,9,9,9,9,9,9,9,9,descriptive design grid within one frozen realization; ranges are not uncertainty intervals,1,conditional on one frozen realization; no sampling inference,2026-08-26T18:12:43.884305+00:00,publication-outputs-1.0.0,0950b556111bec172d56ad34fe3569f251832a44e44c7eb43f636e6af321a5a1,ac36628fef7684bc08672b4c0678d32822a62f1b86b86ed9e5e19afa29f97220,cf2fef52687428f0eab74fc123ceb2a36cb6d0fc70d5442d221c955a4753ae2f,a0b23907336269b78a7cfd2eb7057232c7afcf87129f8a4c9d0f5e93faa0a5ef,d0bde0ec0552c341e5ead1b4598d63352fb999a1674433bd60a7c7c3d3287ac0,9c306d57a391d92a493f0b9590b5ec0d2af7679ab1dc1116abab6b6253017763,300
MN,RG,off_diagonal,none,9,9,0,0,9,-6.108561289,-8.719947447,8.200230059,7,0,2,9,0.1001917426,-5.109835655,1.150952189,4,0,5,9,-6.75422076,-9.138185869,7.554570588,7,0,2,9,-0.8530602051,-2.157837306,4.464176184,7,0,2,9,1.410219041,-5.430512852,9.940031163,2,0,7,9,0.1422541386,-5.182846303,0.9445109457,3,0,6,9,0.9919105596,-0.8694889589,15.10417861,3,0,6,9,-0.56056262,-0.9993046724,10.34699375,5,0,4,,,,,,,,,descriptive design grid within one frozen realization; ranges are not uncertainty intervals,1,conditional on one frozen realization; no sampling inference,2026-08-26T18:12:43.884305+00:00,publication-outputs-1.0.0,0950b556111bec172d56ad34fe3569f251832a44e44c7eb43f636e6af321a5a1,ac36628fef7684bc08672b4c0678d32822a62f1b86b86ed9e5e19afa29f97220,cf2fef52687428f0eab74fc123ceb2a36cb6d0fc70d5442d221c955a4753ae2f,a0b23907336269b78a7cfd2eb7057232c7afcf87129f8a4c9d0f5e93faa0a5ef,d0bde0ec0552c341e5ead1b4598d63352fb999a1674433bd60a7c7c3d3287ac0,9c306d57a391d92a493f0b9590b5ec0d2af7679ab1dc1116abab6b6253017763,300
MN,RG,off_diagonal,excitatory,9,9,0,0,9,-8.064378343,-18.62187547,7.333668076,8,0,1,9,0.1303040684,-17.37539699,22.51025205,4,0,5,9,-4.739959406,-10.17753809,20.41489287,6,0,3,9,3.551639337,-14.06591467,30.45662178,2,0,7,9,-2.163717208,-17.99318975,6.114640355,5,0,4,9,-0.2203954482,-11.91543775,27.31094382,5,0,4,9,0.05201338381,-15.54335435,7.600476725,4,0,5,9,2.670230849,-24.86110842,13.40127412,3,0,6,9,9,9,9,9,9,9,9,descriptive design grid within one frozen realization; ranges are not uncertainty intervals,1,conditional on one frozen realization; no sampling inference,2026-08-26T18:12:43.884305+00:00,publication-outputs-1.0.0,0950b556111bec172d56ad34fe3569f251832a44e44c7eb43f636e6af321a5a1,ac36628fef7684bc08672b4c0678d32822a62f1b86b86ed9e5e19afa29f97220,cf2fef52687428f0eab74fc123ceb2a36cb6d0fc70d5442d221c955a4753ae2f,a0b23907336269b78a7cfd2eb7057232c7afcf87129f8a4c9d0f5e93faa0a5ef,d0bde0ec0552c341e5ead1b4598d63352fb999a1674433bd60a7c7c3d3287ac0,9c306d57a391d92a493f0b9590b5ec0d2af7679ab1dc1116abab6b6253017763,300
MN,RG,off_diagonal,inhibitory,9,9,0,0,9,-4.542805596,-10.19082117,6.986501383,7,0,2,9,-0.3525882725,-5.879007006,2.330552888,5,0,4,9,-4.754559226,-10.38837278,0.9141500867,8,0,1,9,-0.2395614424,-6.785759708,1.896059807,6,0,3,9,1.069598079,0.5599932597,10.57075031,0,0,9,9,0.03846927553,-4.383657952,0.545177358,3,0,6,9,1.455168676,-2.703485099,4.520254881,2,0,7,9,0.1484815383,-6.07718881,0.6071364056,4,0,5,9,9,9,9,9,9,9,9,descriptive design grid within one frozen realization; ranges are not uncertainty intervals,1,conditional on one frozen realization; no sampling inference,2026-08-26T18:12:43.884305+00:00,publication-outputs-1.0.0,0950b556111bec172d56ad34fe3569f251832a44e44c7eb43f636e6af321a5a1,ac36628fef7684bc08672b4c0678d32822a62f1b86b86ed9e5e19afa29f97220,cf2fef52687428f0eab74fc123ceb2a36cb6d0fc70d5442d221c955a4753ae2f,a0b23907336269b78a7cfd2eb7057232c7afcf87129f8a4c9d0f5e93faa0a5ef,d0bde0ec0552c341e5ead1b4598d63352fb999a1674433bd60a7c7c3d3287ac0,9c306d57a391d92a493f0b9590b5ec0d2af7679ab1dc1116abab6b6253017763,300
MN,PF,off_diagonal,none,9,9,0,0,9,-6.108561289,-8.719947447,8.200230059,7,0,2,9,0.03039713982,-10.82724485,5.29148442,4,0,5,9,-6.108561289,-8.719947447,8.200230059,7,0,2,9,-0.03039713982,-5.29148442,10.82724485,5,0,4,9,1.410219041,-5.430512852,9.940031163,2,0,7,9,-0.3726475631,-14.0961597,7.347511887,8,0,1,9,1.410219041,-5.430512852,9.940031163,2,0,7,9,0.3726475631,-7.347511887,14.0961597,1,0,8,,,,,,,,,descriptive design grid within one frozen realization; ranges are not uncertainty intervals,1,conditional on one frozen realization; no sampling inference,2026-08-26T18:12:43.884305+00:00,publication-outputs-1.0.0,0950b556111bec172d56ad34fe3569f251832a44e44c7eb43f636e6af321a5a1,ac36628fef7684bc08672b4c0678d32822a62f1b86b86ed9e5e19afa29f97220,cf2fef52687428f0eab74fc123ceb2a36cb6d0fc70d5442d221c955a4753ae2f,a0b23907336269b78a7cfd2eb7057232c7afcf87129f8a4c9d0f5e93faa0a5ef,d0bde0ec0552c341e5ead1b4598d63352fb999a1674433bd60a7c7c3d3287ac0,9c306d57a391d92a493f0b9590b5ec0d2af7679ab1dc1116abab6b6253017763,300
MN,PF,off_diagonal,excitatory,9,9,0,0,9,-8.064378343,-18.62187547,7.333668076,8,0,1,9,0.1445608819,-16.85700968,5.35105073,3,0,6,9,-8.064378343,-18.62187547,7.333668076,8,0,1,9,-0.1445608819,-5.35105073,16.85700968,6,0,3,9,-2.163717208,-17.99318975,6.114640355,5,0,4,9,0.02364516252,-14.280437,5.85211782,4,0,5,9,-2.163717208,-17.99318975,6.114640355,5,0,4,9,-0.02364516252,-5.85211782,14.280437,5,0,4,9,9,9,9,9,9,9,9,descriptive design grid within one frozen realization; ranges are not uncertainty intervals,1,conditional on one frozen realization; no sampling inference,2026-08-26T18:12:43.884305+00:00,publication-outputs-1.0.0,0950b556111bec172d56ad34fe3569f251832a44e44c7eb43f636e6af321a5a1,ac36628fef7684bc08672b4c0678d32822a62f1b86b86ed9e5e19afa29f97220,cf2fef52687428f0eab74fc123ceb2a36cb6d0fc70d5442d221c955a4753ae2f,a0b23907336269b78a7cfd2eb7057232c7afcf87129f8a4c9d0f5e93faa0a5ef,d0bde0ec0552c341e5ead1b4598d63352fb999a1674433bd60a7c7c3d3287ac0,9c306d57a391d92a493f0b9590b5ec0d2af7679ab1dc1116abab6b6253017763,300
MN,PF,off_diagonal,inhibitory,9,9,0,0,9,-4.542805596,-10.19082117,6.986501383,7,0,2,9,-1.420871879,-5.577497408,2.74119681,5,0,4,9,-4.542805596,-10.19082117,6.986501383,7,0,2,9,1.420871879,-2.74119681,5.577497408,4,0,5,9,1.069598079,0.5599932597,10.57075031,0,0,9,9,-0.01054312042,-5.838100381,1.099181112,5,0,4,9,1.069598079,0.5599932597,10.57075031,0,0,9,9,0.01054312042,-1.099181112,5.838100381,4,0,5,9,9,9,9,9,9,9,9,descriptive design grid within one frozen realization; ranges are not uncertainty intervals,1,conditional on one frozen realization; no sampling inference,2026-08-26T18:12:43.884305+00:00,publication-outputs-1.0.0,0950b556111bec172d56ad34fe3569f251832a44e44c7eb43f636e6af321a5a1,ac36628fef7684bc08672b4c0678d32822a62f1b86b86ed9e5e19afa29f97220,cf2fef52687428f0eab74fc123ceb2a36cb6d0fc70d5442d221c955a4753ae2f,a0b23907336269b78a7cfd2eb7057232c7afcf87129f8a4c9d0f5e93faa0a5ef,d0bde0ec0552c341e5ead1b4598d63352fb999a1674433bd60a7c7c3d3287ac0,9c306d57a391d92a493f0b9590b5ec0d2af7679ab1dc1116abab6b6253017763,300
MN,MN,diagonal,none,9,9,0,0,9,-6.108561289,-8.719947447,8.200230059,7,0,2,9,-0.1301498489,-13.12044858,11.18795089,5,0,4,9,-6.108561289,-8.719947447,8.200230059,7,0,2,9,0.1301498489,-11.18795089,13.12044858,4,0,5,9,1.410219041,-5.430512852,9.940031163,2,0,7,9,-0.1424882411,-14.63500264,8.048894925,5,0,4,9,1.410219041,-5.430512852,9.940031163,2,0,7,9,0.1424882411,-8.048894925,14.63500264,4,0,5,,,,,,,,,descriptive design grid within one frozen realization; ranges are not uncertainty intervals,1,conditional on one frozen realization; no sampling inference,2026-08-26T18:12:43.884305+00:00,publication-outputs-1.0.0,0950b556111bec172d56ad34fe3569f251832a44e44c7eb43f636e6af321a5a1,ac36628fef7684bc08672b4c0678d32822a62f1b86b86ed9e5e19afa29f97220,cf2fef52687428f0eab74fc123ceb2a36cb6d0fc70d5442d221c955a4753ae2f,a0b23907336269b78a7cfd2eb7057232c7afcf87129f8a4c9d0f5e93faa0a5ef,d0bde0ec0552c341e5ead1b4598d63352fb999a1674433bd60a7c7c3d3287ac0,9c306d57a391d92a493f0b9590b5ec0d2af7679ab1dc1116abab6b6253017763,300
MN,MN,diagonal,excitatory,9,9,0,0,9,-8.064378343,-18.62187547,7.333668076,8,0,1,9,0.1554482056,-13.29057422,5.662073151,3,0,6,9,-8.064378343,-18.62187547,7.333668076,8,0,1,9,-0.1554482056,-5.662073151,13.29057422,6,0,3,9,-2.163717208,-17.99318975,6.114640355,5,0,4,9,0.1418366257,-8.091418611,11.16366843,3,0,6,9,-2.163717208,-17.99318975,6.114640355,5,0,4,9,-0.1418366257,-11.16366843,8.091418611,6,0,3,9,9,9,9,9,9,9,9,descriptive design grid within one frozen realization; ranges are not uncertainty intervals,1,conditional on one frozen realization; no sampling inference,2026-08-26T18:12:43.884305+00:00,publication-outputs-1.0.0,0950b556111bec172d56ad34fe3569f251832a44e44c7eb43f636e6af321a5a1,ac36628fef7684bc08672b4c0678d32822a62f1b86b86ed9e5e19afa29f97220,cf2fef52687428f0eab74fc123ceb2a36cb6d0fc70d5442d221c955a4753ae2f,a0b23907336269b78a7cfd2eb7057232c7afcf87129f8a4c9d0f5e93faa0a5ef,d0bde0ec0552c341e5ead1b4598d63352fb999a1674433bd60a7c7c3d3287ac0,9c306d57a391d92a493f0b9590b5ec0d2af7679ab1dc1116abab6b6253017763,300
MN,MN,diagonal,inhibitory,9,9,0,0,9,-4.542805596,-10.19082117,6.986501383,7,0,2,9,-0.02585095362,-7.212839255,14.37606313,5,0,4,9,-4.542805596,-10.19082117,6.986501383,7,0,2,9,0.02585095362,-14.37606313,7.212839255,4,0,5,9,1.069598079,0.5599932597,10.57075031,0,0,9,9,0.0119287897,-6.923700649,10.98219517,4,0,5,9,1.069598079,0.5599932597,10.57075031,0,0,9,9,-0.0119287897,-10.98219517,6.923700649,5,0,4,9,9,9,9,9,9,9,9,descriptive design grid within one frozen realization; ranges are not uncertainty intervals,1,conditional on one frozen realization; no sampling inference,2026-08-26T18:12:43.884305+00:00,publication-outputs-1.0.0,0950b556111bec172d56ad34fe3569f251832a44e44c7eb43f636e6af321a5a1,ac36628fef7684bc08672b4c0678d32822a62f1b86b86ed9e5e19afa29f97220,cf2fef52687428f0eab74fc123ceb2a36cb6d0fc70d5442d221c955a4753ae2f,a0b23907336269b78a7cfd2eb7057232c7afcf87129f8a4c9d0f5e93faa0a5ef,d0bde0ec0552c341e5ead1b4598d63352fb999a1674433bd60a7c7c3d3287ac0,9c306d57a391d92a493f0b9590b5ec0d2af7679ab1dc1116abab6b6253017763,300
MN,V0D,off_diagonal,none,9,9,0,0,9,-6.108561289,-8.719947447,8.200230059,7,0,2,9,-0.3163063316,-1.86486278,2.716080324,5,0,4,9,-7.773869952,-14.17057618,0.1382151631,8,0,1,9,-0.4392661995,-10.77809522,0.3681661885,7,0,2,9,1.410219041,-5.430512852,9.940031163,2,0,7,9,0.05915773152,-2.425927127,1.184054278,4,0,5,9,0.6021060882,-12.68374834,2.686795673,2,0,7,9,-0.4450302954,-8.437289767,0.4708034616,7,0,2,,,,,,,,,descriptive design grid within one frozen realization; ranges are not uncertainty intervals,1,conditional on one frozen realization; no sampling inference,2026-08-26T18:12:43.884305+00:00,publication-outputs-1.0.0,0950b556111bec172d56ad34fe3569f251832a44e44c7eb43f636e6af321a5a1,ac36628fef7684bc08672b4c0678d32822a62f1b86b86ed9e5e19afa29f97220,cf2fef52687428f0eab74fc123ceb2a36cb6d0fc70d5442d221c955a4753ae2f,a0b23907336269b78a7cfd2eb7057232c7afcf87129f8a4c9d0f5e93faa0a5ef,d0bde0ec0552c341e5ead1b4598d63352fb999a1674433bd60a7c7c3d3287ac0,9c306d57a391d92a493f0b9590b5ec0d2af7679ab1dc1116abab6b6253017763,300
MN,V0D,off_diagonal,excitatory,9,9,0,0,9,-8.064378343,-18.62187547,7.333668076,8,0,1,9,-0.8931558241,-8.304737349,1.925695312,5,0,4,9,-8.810936071,-27.7273984,-4.652312411,9,0,0,9,-0.09386173447,-15.41127424,11.4233948,5,0,4,9,-2.163717208,-17.99318975,6.114640355,5,0,4,9,-0.08614679914,-13.93033481,2.435247222,6,0,3,9,-3.644910454,-18.87953441,4.405472838,6,0,3,9,-0.1339889649,-11.5757468,13.04399015,5,0,4,9,9,9,9,9,9,9,9,descriptive design grid within one frozen realization; ranges are not uncertainty intervals,1,conditional on one frozen realization; no sampling inference,2026-08-26T18:12:43.884305+00:00,publication-outputs-1.0.0,0950b556111bec172d56ad34fe3569f251832a44e44c7eb43f636e6af321a5a1,ac36628fef7684bc08672b4c0678d32822a62f1b86b86ed9e5e19afa29f97220,cf2fef52687428f0eab74fc123ceb2a36cb6d0fc70d5442d221c955a4753ae2f,a0b23907336269b78a7cfd2eb7057232c7afcf87129f8a4c9d0f5e93faa0a5ef,d0bde0ec0552c341e5ead1b4598d63352fb999a1674433bd60a7c7c3d3287ac0,9c306d57a391d92a493f0b9590b5ec0d2af7679ab1dc1116abab6b6253017763,300
MN,V0D,off_diagonal,inhibitory,9,9,0,0,9,-4.542805596,-10.19082117,6.986501383,7,0,2,9,0.02756715173,-4.949540148,6.2249945,4,0,5,9,-7.476531408,-12.18109619,-1.807822096,9,0,0,9,-2.79280654,-10.43557054,-0.1268133902,9,0,0,9,1.069598079,0.5599932597,10.57075031,0,0,9,9,0.1183873452,-2.76720121,5.287955437,3,0,6,9,0.3307099554,-5.420923798,1.802816182,2,0,7,9,-1.239639094,-9.621991264,0.08841196767,8,0,1,9,9,9,9,9,9,9,9,descriptive design grid within one frozen realization; ranges are not uncertainty intervals,1,conditional on one frozen realization; no sampling inference,2026-08-26T18:12:43.884305+00:00,publication-outputs-1.0.0,0950b556111bec172d56ad34fe3569f251832a44e44c7eb43f636e6af321a5a1,ac36628fef7684bc08672b4c0678d32822a62f1b86b86ed9e5e19afa29f97220,cf2fef52687428f0eab74fc123ceb2a36cb6d0fc70d5442d221c955a4753ae2f,a0b23907336269b78a7cfd2eb7057232c7afcf87129f8a4c9d0f5e93faa0a5ef,d0bde0ec0552c341e5ead1b4598d63352fb999a1674433bd60a7c7c3d3287ac0,9c306d57a391d92a493f0b9590b5ec0d2af7679ab1dc1116abab6b6253017763,300
MN,V0V,off_diagonal,none,9,9,0,0,9,-6.108561289,-8.719947447,8.200230059,7,0,2,9,-0.003996768116,-11.72681718,14.0899718,5,0,4,9,-7.351400298,-11.76345343,2.545337919,7,0,2,9,-0.488699347,-19.74486394,6.07192504,7,0,2,9,1.410219041,-5.430512852,9.940031163,2,0,7,9,-0.07402181101,-12.77463156,11.81795365,6,0,3,9,1.280065252,-9.666770372,5.703773642,1,0,8,9,-0.0561319775,-16.05421118,8.53837404,5,0,4,,,,,,,,,descriptive design grid within one frozen realization; ranges are not uncertainty intervals,1,conditional on one frozen realization; no sampling inference,2026-08-26T18:12:43.884305+00:00,publication-outputs-1.0.0,0950b556111bec172d56ad34fe3569f251832a44e44c7eb43f636e6af321a5a1,ac36628fef7684bc08672b4c0678d32822a62f1b86b86ed9e5e19afa29f97220,cf2fef52687428f0eab74fc123ceb2a36cb6d0fc70d5442d221c955a4753ae2f,a0b23907336269b78a7cfd2eb7057232c7afcf87129f8a4c9d0f5e93faa0a5ef,d0bde0ec0552c341e5ead1b4598d63352fb999a1674433bd60a7c7c3d3287ac0,9c306d57a391d92a493f0b9590b5ec0d2af7679ab1dc1116abab6b6253017763,300
MN,V0V,off_diagonal,excitatory,9,9,0,0,9,-8.064378343,-18.62187547,7.333668076,8,0,1,9,0,-11.71076518,8.781780944,4,1,4,9,-8.78523647,-24.06768827,-2.492200729,9,0,0,9,-0.1691669557,-18.60764975,11.28543178,5,0,4,9,-2.163717208,-17.99318975,6.114640355,5,0,4,9,0.04881498003,-14.89459464,4.591250911,3,1,5,9,-3.117427817,-16.34432858,7.315615216,5,0,4,9,-0.0007433651484,-13.82331908,24.60803187,5,0,4,9,9,9,9,9,9,9,9,descriptive design grid within one frozen realization; ranges are not uncertainty intervals,1,conditional on one frozen realization; no sampling inference,2026-08-26T18:12:43.884305+00:00,publication-outputs-1.0.0,0950b556111bec172d56ad34fe3569f251832a44e44c7eb43f636e6af321a5a1,ac36628fef7684bc08672b4c0678d32822a62f1b86b86ed9e5e19afa29f97220,cf2fef52687428f0eab74fc123ceb2a36cb6d0fc70d5442d221c955a4753ae2f,a0b23907336269b78a7cfd2eb7057232c7afcf87129f8a4c9d0f5e93faa0a5ef,d0bde0ec0552c341e5ead1b4598d63352fb999a1674433bd60a7c7c3d3287ac0,9c306d57a391d92a493f0b9590b5ec0d2af7679ab1dc1116abab6b6253017763,300
MN,V0V,off_diagonal,inhibitory,9,9,0,0,9,-4.542805596,-10.19082117,6.986501383,7,0,2,9,0.05172836118,-3.688030454,7.0051361,3,0,6,9,-4.811336023,-10.29084531,1.677421854,8,0,1,9,-0.4102666285,-12.31421563,-0.1237771058,9,0,0,9,1.069598079,0.5599932597,10.57075031,0,0,9,9,-0.08994719801,-5.228123276,6.380009816,6,0,3,9,0.7986892509,-2.692519883,4.531220097,2,0,7,9,-0.03633454407,-12.41954003,0.408970449,6,0,3,9,9,9,9,9,9,9,9,descriptive design grid within one frozen realization; ranges are not uncertainty intervals,1,conditional on one frozen realization; no sampling inference,2026-08-26T18:12:43.884305+00:00,publication-outputs-1.0.0,0950b556111bec172d56ad34fe3569f251832a44e44c7eb43f636e6af321a5a1,ac36628fef7684bc08672b4c0678d32822a62f1b86b86ed9e5e19afa29f97220,cf2fef52687428f0eab74fc123ceb2a36cb6d0fc70d5442d221c955a4753ae2f,a0b23907336269b78a7cfd2eb7057232c7afcf87129f8a4c9d0f5e93faa0a5ef,d0bde0ec0552c341e5ead1b4598d63352fb999a1674433bd60a7c7c3d3287ac0,9c306d57a391d92a493f0b9590b5ec0d2af7679ab1dc1116abab6b6253017763,300
MN,V2a,off_diagonal,none,9,9,0,0,9,-6.108561289,-8.719947447,8.200230059,7,0,2,9,-0.09024583231,-9.644689165,1.890867591,5,0,4,9,-7.633602091,-15.17319737,-0.864406025,9,0,0,9,0.07545664875,-10.95550368,0.5800530813,4,0,5,9,1.410219041,-5.430512852,9.940031163,2,0,7,9,-0.2559473438,-8.367892515,2.120312378,5,0,4,9,0.952384843,-14.23040881,1.308903409,3,0,6,9,-0.4458585841,-10.92020833,0.6906409118,7,0,2,,,,,,,,,descriptive design grid within one frozen realization; ranges are not uncertainty intervals,1,conditional on one frozen realization; no sampling inference,2026-08-26T18:12:43.884305+00:00,publication-outputs-1.0.0,0950b556111bec172d56ad34fe3569f251832a44e44c7eb43f636e6af321a5a1,ac36628fef7684bc08672b4c0678d32822a62f1b86b86ed9e5e19afa29f97220,cf2fef52687428f0eab74fc123ceb2a36cb6d0fc70d5442d221c955a4753ae2f,a0b23907336269b78a7cfd2eb7057232c7afcf87129f8a4c9d0f5e93faa0a5ef,d0bde0ec0552c341e5ead1b4598d63352fb999a1674433bd60a7c7c3d3287ac0,9c306d57a391d92a493f0b9590b5ec0d2af7679ab1dc1116abab6b6253017763,300
MN,V2a,off_diagonal,excitatory,9,9,0,0,9,-8.064378343,-18.62187547,7.333668076,8,0,1,9,0.9089382621,-5.665078828,21.73198266,3,0,6,9,-10.71915376,-23.80171536,-2.226227821,9,0,0,9,-3.563713677,-31.29187855,3.010303414,7,0,2,9,-2.163717208,-17.99318975,6.114640355,5,0,4,9,-0.2902632994,-5.622391402,5.326276511,6,0,3,9,-5.910521862,-21.50588959,4.404729473,5,0,4,9,-2.990446862,-10.12395366,3.865750006,6,0,3,9,9,9,9,9,9,9,9,descriptive design grid within one frozen realization; ranges are not uncertainty intervals,1,conditional on one frozen realization; no sampling inference,2026-08-26T18:12:43.884305+00:00,publication-outputs-1.0.0,0950b556111bec172d56ad34fe3569f251832a44e44c7eb43f636e6af321a5a1,ac36628fef7684bc08672b4c0678d32822a62f1b86b86ed9e5e19afa29f97220,cf2fef52687428f0eab74fc123ceb2a36cb6d0fc70d5442d221c955a4753ae2f,a0b23907336269b78a7cfd2eb7057232c7afcf87129f8a4c9d0f5e93faa0a5ef,d0bde0ec0552c341e5ead1b4598d63352fb999a1674433bd60a7c7c3d3287ac0,9c306d57a391d92a493f0b9590b5ec0d2af7679ab1dc1116abab6b6253017763,300
MN,V2a,off_diagonal,inhibitory,9,9,0,0,9,-4.542805596,-10.19082117,6.986501383,7,0,2,9,-1.143338442,-4.540148965,6.477691251,5,0,4,9,-5.693722681,-9.927984435,1.52278839,8,0,1,9,0.02262882386,-11.94140424,1.765109351,4,0,5,9,1.069598079,0.5599932597,10.57075031,0,0,9,9,0.07422689279,-1.949120915,1.425321008,4,0,5,9,0.8127600136,-2.850865498,4.372874482,2,0,7,9,-0.2302941628,-7.623196834,1.236086561,5,0,4,9,9,9,9,9,9,9,9,descriptive design grid within one frozen realization; ranges are not uncertainty intervals,1,conditional on one frozen realization; no sampling inference,2026-08-26T18:12:43.884305+00:00,publication-outputs-1.0.0,0950b556111bec172d56ad34fe3569f251832a44e44c7eb43f636e6af321a5a1,ac36628fef7684bc08672b4c0678d32822a62f1b86b86ed9e5e19afa29f97220,cf2fef52687428f0eab74fc123ceb2a36cb6d0fc70d5442d221c955a4753ae2f,a0b23907336269b78a7cfd2eb7057232c7afcf87129f8a4c9d0f5e93faa0a5ef,d0bde0ec0552c341e5ead1b4598d63352fb999a1674433bd60a7c7c3d3287ac0,9c306d57a391d92a493f0b9590b5ec0d2af7679ab1dc1116abab6b6253017763,300
MN,V3,off_diagonal,none,9,9,0,0,9,-6.108561289,-8.719947447,8.200230059,7,0,2,9,0,-5.683552172,5.507114803,2,4,3,9,-6.108561289,-8.719947447,8.200230059,7,0,2,9,0,-5.507114803,5.683552172,3,4,2,9,1.410219041,-5.430512852,9.940031163,2,0,7,9,0,-4.121713865,5.204434927,2,4,3,9,1.410219041,-5.430512852,9.940031163,2,0,7,9,0,-5.204434927,4.121713865,3,4,2,,,,,,,,,descriptive design grid within one frozen realization; ranges are not uncertainty intervals,1,conditional on one frozen realization; no sampling inference,2026-08-26T18:12:43.884305+00:00,publication-outputs-1.0.0,0950b556111bec172d56ad34fe3569f251832a44e44c7eb43f636e6af321a5a1,ac36628fef7684bc08672b4c0678d32822a62f1b86b86ed9e5e19afa29f97220,cf2fef52687428f0eab74fc123ceb2a36cb6d0fc70d5442d221c955a4753ae2f,a0b23907336269b78a7cfd2eb7057232c7afcf87129f8a4c9d0f5e93faa0a5ef,d0bde0ec0552c341e5ead1b4598d63352fb999a1674433bd60a7c7c3d3287ac0,9c306d57a391d92a493f0b9590b5ec0d2af7679ab1dc1116abab6b6253017763,300
MN,V3,off_diagonal,excitatory,9,9,0,0,9,-8.064378343,-18.62187547,7.333668076,8,0,1,9,0.0001278292883,-0.5483558344,3.781604423,2,2,5,9,-8.064378343,-18.62187547,7.333668076,8,0,1,9,-0.0001278292883,-3.781604423,0.5483558344,5,2,2,9,-2.163717208,-17.99318975,6.114640355,5,0,4,9,0,-0.6034253864,4.628985039,4,2,3,9,-2.163717208,-17.99318975,6.114640355,5,0,4,9,0,-4.628985039,0.6034253864,3,2,4,9,9,9,9,9,9,9,9,descriptive design grid within one frozen realization; ranges are not uncertainty intervals,1,conditional on one frozen realization; no sampling inference,2026-08-26T18:12:43.884305+00:00,publication-outputs-1.0.0,0950b556111bec172d56ad34fe3569f251832a44e44c7eb43f636e6af321a5a1,ac36628fef7684bc08672b4c0678d32822a62f1b86b86ed9e5e19afa29f97220,cf2fef52687428f0eab74fc123ceb2a36cb6d0fc70d5442d221c955a4753ae2f,a0b23907336269b78a7cfd2eb7057232c7afcf87129f8a4c9d0f5e93faa0a5ef,d0bde0ec0552c341e5ead1b4598d63352fb999a1674433bd60a7c7c3d3287ac0,9c306d57a391d92a493f0b9590b5ec0d2af7679ab1dc1116abab6b6253017763,300
MN,V3,off_diagonal,inhibitory,9,9,0,0,9,-4.542805596,-10.19082117,6.986501383,7,0,2,9,0.009495716273,-0.9981802217,1.617788149,2,2,5,9,-4.542805596,-10.19082117,6.986501383,7,0,2,9,-0.009495716273,-1.617788149,0.9981802217,5,2,2,9,1.069598079,0.5599932597,10.57075031,0,0,9,9,0,-1.465663406,0.6712800417,3,3,3,9,1.069598079,0.5599932597,10.57075031,0,0,9,9,0,-0.6712800417,1.465663406,3,3,3,9,9,9,9,9,9,9,9,descriptive design grid within one frozen realization; ranges are not uncertainty intervals,1,conditional on one frozen realization; no sampling inference,2026-08-26T18:12:43.884305+00:00,publication-outputs-1.0.0,0950b556111bec172d56ad34fe3569f251832a44e44c7eb43f636e6af321a5a1,ac36628fef7684bc08672b4c0678d32822a62f1b86b86ed9e5e19afa29f97220,cf2fef52687428f0eab74fc123ceb2a36cb6d0fc70d5442d221c955a4753ae2f,a0b23907336269b78a7cfd2eb7057232c7afcf87129f8a4c9d0f5e93faa0a5ef,d0bde0ec0552c341e5ead1b4598d63352fb999a1674433bd60a7c7c3d3287ac0,9c306d57a391d92a493f0b9590b5ec0d2af7679ab1dc1116abab6b6253017763,300
MN,V1Ia,off_diagonal,none,9,9,0,0,9,-6.108561289,-8.719947447,8.200230059,7,0,2,9,-0.1269727105,-0.9610000183,3.336709977,5,0,4,9,-7.68723202,-16.77432408,-2.465532732,9,0,0,9,-1.136202428,-14.00247277,0.1149612559,7,0,2,9,1.410219041,-5.430512852,9.940031163,2,0,7,9,0.02036111692,-4.323843525,6.809697092,4,0,5,9,0.3616932443,-14.20287731,1.333775611,4,0,5,9,-0.6427725505,-15.58206155,-0.3173166123,9,0,0,,,,,,,,,descriptive design grid within one frozen realization; ranges are not uncertainty intervals,1,conditional on one frozen realization; no sampling inference,2026-08-26T18:12:43.884305+00:00,publication-outputs-1.0.0,0950b556111bec172d56ad34fe3569f251832a44e44c7eb43f636e6af321a5a1,ac36628fef7684bc08672b4c0678d32822a62f1b86b86ed9e5e19afa29f97220,cf2fef52687428f0eab74fc123ceb2a36cb6d0fc70d5442d221c955a4753ae2f,a0b23907336269b78a7cfd2eb7057232c7afcf87129f8a4c9d0f5e93faa0a5ef,d0bde0ec0552c341e5ead1b4598d63352fb999a1674433bd60a7c7c3d3287ac0,9c306d57a391d92a493f0b9590b5ec0d2af7679ab1dc1116abab6b6253017763,300
MN,V1Ia,off_diagonal,excitatory,9,9,0,0,9,-8.064378343,-18.62187547,7.333668076,8,0,1,9,0.1425756599,-17.16208498,20.40886289,4,0,5,9,-10.26704909,-24.18192879,-2.606441249,9,0,0,9,0.2505328658,-30.34897221,7.221975652,4,0,5,9,-2.163717208,-17.99318975,6.114640355,5,0,4,9,0.6024481381,-12.79642834,9.150176688,3,0,6,9,-2.738675025,-18.33404276,5.236699392,5,0,4,9,0.2287784162,-10.72702383,8.732369777,4,0,5,9,9,9,9,9,9,9,9,descriptive design grid within one frozen realization; ranges are not uncertainty intervals,1,conditional on one frozen realization; no sampling inference,2026-08-26T18:12:43.884305+00:00,publication-outputs-1.0.0,0950b556111bec172d56ad34fe3569f251832a44e44c7eb43f636e6af321a5a1,ac36628fef7684bc08672b4c0678d32822a62f1b86b86ed9e5e19afa29f97220,cf2fef52687428f0eab74fc123ceb2a36cb6d0fc70d5442d221c955a4753ae2f,a0b23907336269b78a7cfd2eb7057232c7afcf87129f8a4c9d0f5e93faa0a5ef,d0bde0ec0552c341e5ead1b4598d63352fb999a1674433bd60a7c7c3d3287ac0,9c306d57a391d92a493f0b9590b5ec0d2af7679ab1dc1116abab6b6253017763,300
MN,V1Ia,off_diagonal,inhibitory,9,9,0,0,9,-4.542805596,-10.19082117,6.986501383,7,0,2,9,0.02756715173,-4.345708136,11.26774037,4,0,5,9,-7.643977279,-13.80837004,-3.43509595,9,0,0,9,-0.2115057849,-21.68933771,0.62256901,5,0,4,9,1.069598079,0.5599932597,10.57075031,0,0,9,9,-0.1943476615,-7.71173631,9.725145447,6,0,3,9,0.2171827481,-7.448848173,1.808988428,4,0,5,9,-0.7386017848,-20.52100395,1.87170811,6,0,3,9,9,9,9,9,9,9,9,descriptive design grid within one frozen realization; ranges are not uncertainty intervals,1,conditional on one frozen realization; no sampling inference,2026-08-26T18:12:43.884305+00:00,publication-outputs-1.0.0,0950b556111bec172d56ad34fe3569f251832a44e44c7eb43f636e6af321a5a1,ac36628fef7684bc08672b4c0678d32822a62f1b86b86ed9e5e19afa29f97220,cf2fef52687428f0eab74fc123ceb2a36cb6d0fc70d5442d221c955a4753ae2f,a0b23907336269b78a7cfd2eb7057232c7afcf87129f8a4c9d0f5e93faa0a5ef,d0bde0ec0552c341e5ead1b4598d63352fb999a1674433bd60a7c7c3d3287ac0,9c306d57a391d92a493f0b9590b5ec0d2af7679ab1dc1116abab6b6253017763,300
MN,V1Ren,off_diagonal,none,9,9,0,0,9,-6.108561289,-8.719947447,8.200230059,7,0,2,9,-0.02753812834,-7.561792011,12.55299006,6,0,3,9,-6.108561289,-8.719947447,8.200230059,7,0,2,9,0.02753812834,-12.55299006,7.561792011,3,0,6,9,1.410219041,-5.430512852,9.940031163,2,0,7,9,0.02301321728,-9.690937504,10.22343828,4,0,5,9,1.410219041,-5.430512852,9.940031163,2,0,7,9,-0.02301321728,-10.22343828,9.690937504,5,0,4,,,,,,,,,descriptive design grid within one frozen realization; ranges are not uncertainty intervals,1,conditional on one frozen realization; no sampling inference,2026-08-26T18:12:43.884305+00:00,publication-outputs-1.0.0,0950b556111bec172d56ad34fe3569f251832a44e44c7eb43f636e6af321a5a1,ac36628fef7684bc08672b4c0678d32822a62f1b86b86ed9e5e19afa29f97220,cf2fef52687428f0eab74fc123ceb2a36cb6d0fc70d5442d221c955a4753ae2f,a0b23907336269b78a7cfd2eb7057232c7afcf87129f8a4c9d0f5e93faa0a5ef,d0bde0ec0552c341e5ead1b4598d63352fb999a1674433bd60a7c7c3d3287ac0,9c306d57a391d92a493f0b9590b5ec0d2af7679ab1dc1116abab6b6253017763,300
MN,V1Ren,off_diagonal,excitatory,9,9,0,0,9,-8.064378343,-18.62187547,7.333668076,8,0,1,9,0.07314067603,-16.23006162,10.26295498,4,0,5,9,-8.064378343,-18.62187547,7.333668076,8,0,1,9,-0.07314067603,-10.26295498,16.23006162,5,0,4,9,-2.163717208,-17.99318975,6.114640355,5,0,4,9,0.1093937287,-14.67401801,10.386384,3,0,6,9,-2.163717208,-17.99318975,6.114640355,5,0,4,9,-0.1093937287,-10.386384,14.67401801,6,0,3,9,9,9,9,9,9,9,9,descriptive design grid within one frozen realization; ranges are not uncertainty intervals,1,conditional on one frozen realization; no sampling inference,2026-08-26T18:12:43.884305+00:00,publication-outputs-1.0.0,0950b556111bec172d56ad34fe3569f251832a44e44c7eb43f636e6af321a5a1,ac36628fef7684bc08672b4c0678d32822a62f1b86b86ed9e5e19afa29f97220,cf2fef52687428f0eab74fc123ceb2a36cb6d0fc70d5442d221c955a4753ae2f,a0b23907336269b78a7cfd2eb7057232c7afcf87129f8a4c9d0f5e93faa0a5ef,d0bde0ec0552c341e5ead1b4598d63352fb999a1674433bd60a7c7c3d3287ac0,9c306d57a391d92a493f0b9590b5ec0d2af7679ab1dc1116abab6b6253017763,300
MN,V1Ren,off_diagonal,inhibitory,9,9,0,0,9,-4.542805596,-10.19082117,6.986501383,7,0,2,9,0.2900652225,-2.722190418,16.09535807,2,0,7,9,-4.542805596,-10.19082117,6.986501383,7,0,2,9,-0.2900652225,-16.09535807,2.722190418,7,0,2,9,1.069598079,0.5599932597,10.57075031,0,0,9,9,0.08105321366,-0.7610828082,12.43443248,3,0,6,9,1.069598079,0.5599932597,10.57075031,0,0,9,9,-0.08105321366,-12.43443248,0.7610828082,6,0,3,9,9,9,9,9,9,9,9,descriptive design grid within one frozen realization; ranges are not uncertainty intervals,1,conditional on one frozen realization; no sampling inference,2026-08-26T18:12:43.884305+00:00,publication-outputs-1.0.0,0950b556111bec172d56ad34fe3569f251832a44e44c7eb43f636e6af321a5a1,ac36628fef7684bc08672b4c0678d32822a62f1b86b86ed9e5e19afa29f97220,cf2fef52687428f0eab74fc123ceb2a36cb6d0fc70d5442d221c955a4753ae2f,a0b23907336269b78a7cfd2eb7057232c7afcf87129f8a4c9d0f5e93faa0a5ef,d0bde0ec0552c341e5ead1b4598d63352fb999a1674433bd60a7c7c3d3287ac0,9c306d57a391d92a493f0b9590b5ec0d2af7679ab1dc1116abab6b6253017763,300
MN,V2b,off_diagonal,none,9,9,0,0,9,-6.108561289,-8.719947447,8.200230059,7,0,2,9,-0.03534609033,-14.02139068,15.09542504,5,0,4,9,-8.087321216,-12.25377224,2.055019106,7,0,2,9,-0.5810676866,-21.24063599,7.876179723,7,0,2,9,1.410219041,-5.430512852,9.940031163,2,0,7,9,0.03998574811,-15.67145664,17.60657418,3,0,6,9,1.090310435,-10.88031933,4.490224684,1,0,8,9,-0.1910461887,-23.05638066,10.22165016,5,0,4,,,,,,,,,descriptive design grid within one frozen realization; ranges are not uncertainty intervals,1,conditional on one frozen realization; no sampling inference,2026-08-26T18:12:43.884305+00:00,publication-outputs-1.0.0,0950b556111bec172d56ad34fe3569f251832a44e44c7eb43f636e6af321a5a1,ac36628fef7684bc08672b4c0678d32822a62f1b86b86ed9e5e19afa29f97220,cf2fef52687428f0eab74fc123ceb2a36cb6d0fc70d5442d221c955a4753ae2f,a0b23907336269b78a7cfd2eb7057232c7afcf87129f8a4c9d0f5e93faa0a5ef,d0bde0ec0552c341e5ead1b4598d63352fb999a1674433bd60a7c7c3d3287ac0,9c306d57a391d92a493f0b9590b5ec0d2af7679ab1dc1116abab6b6253017763,300
MN,V2b,off_diagonal,excitatory,9,9,0,0,9,-8.064378343,-18.62187547,7.333668076,8,0,1,9,-0.4273063956,-12.61107269,3.636603236,6,0,3,9,-8.702140878,-24.09983662,-2.367763135,9,0,0,9,0.2975028985,-11.51809606,18.3076879,4,0,5,9,-2.163717208,-17.99318975,6.114640355,5,0,4,9,-2.69033523,-15.12517784,1.768887336,7,0,2,9,-0.3623260222,-15.95769375,4.976095961,5,0,4,9,1.048522427,-5.751344817,17.16067384,2,0,7,9,9,9,9,9,9,9,9,descriptive design grid within one frozen realization; ranges are not uncertainty intervals,1,conditional on one frozen realization; no sampling inference,2026-08-26T18:12:43.884305+00:00,publication-outputs-1.0.0,0950b556111bec172d56ad34fe3569f251832a44e44c7eb43f636e6af321a5a1,ac36628fef7684bc08672b4c0678d32822a62f1b86b86ed9e5e19afa29f97220,cf2fef52687428f0eab74fc123ceb2a36cb6d0fc70d5442d221c955a4753ae2f,a0b23907336269b78a7cfd2eb7057232c7afcf87129f8a4c9d0f5e93faa0a5ef,d0bde0ec0552c341e5ead1b4598d63352fb999a1674433bd60a7c7c3d3287ac0,9c306d57a391d92a493f0b9590b5ec0d2af7679ab1dc1116abab6b6253017763,300
MN,V2b,off_diagonal,inhibitory,9,9,0,0,9,-4.542805596,-10.19082117,6.986501383,7,0,2,9,0.017952521,-8.355669056,6.922179222,4,0,5,9,-7.509654424,-14.18501864,-3.811744551,9,0,0,9,-0.5117619737,-17.72042516,0.3977406873,6,0,3,9,1.069598079,0.5599932597,10.57075031,0,0,9,9,0.1264301617,-6.815456325,5.838837771,3,0,6,9,1.176838928,-7.535530974,1.426557552,3,0,6,9,-0.09450679387,-16.72137907,0.67855234,5,0,4,9,9,9,9,9,9,9,9,descriptive design grid within one frozen realization; ranges are not uncertainty intervals,1,conditional on one frozen realization; no sampling inference,2026-08-26T18:12:43.884305+00:00,publication-outputs-1.0.0,0950b556111bec172d56ad34fe3569f251832a44e44c7eb43f636e6af321a5a1,ac36628fef7684bc08672b4c0678d32822a62f1b86b86ed9e5e19afa29f97220,cf2fef52687428f0eab74fc123ceb2a36cb6d0fc70d5442d221c955a4753ae2f,a0b23907336269b78a7cfd2eb7057232c7afcf87129f8a4c9d0f5e93faa0a5ef,d0bde0ec0552c341e5ead1b4598d63352fb999a1674433bd60a7c7c3d3287ac0,9c306d57a391d92a493f0b9590b5ec0d2af7679ab1dc1116abab6b6253017763,300
V0D,RG,off_diagonal,none,9,9,0,0,9,26.46124585,14.79403711,63.80135438,0,0,9,9,0.1001917426,-5.109835655,1.150952189,4,0,5,9,23.75072043,3.12986961,40.4450543,0,0,9,9,-0.497634409,-55.56164912,7.848188243,5,0,4,9,5.003865761,1.431089443,33.2921303,0,0,9,9,0.1422541386,-5.182846303,0.9445109457,3,0,6,9,5.460996154,-1.628409141,33.62493715,1,0,8,9,0.082725737,-21.83504022,17.3025103,4,0,5,,,,,,,,,descriptive design grid within one frozen realization; ranges are not uncertainty intervals,1,conditional on one frozen realization; no sampling inference,2026-08-26T18:12:43.884305+00:00,publication-outputs-1.0.0,0950b556111bec172d56ad34fe3569f251832a44e44c7eb43f636e6af321a5a1,ac36628fef7684bc08672b4c0678d32822a62f1b86b86ed9e5e19afa29f97220,cf2fef52687428f0eab74fc123ceb2a36cb6d0fc70d5442d221c955a4753ae2f,a0b23907336269b78a7cfd2eb7057232c7afcf87129f8a4c9d0f5e93faa0a5ef,d0bde0ec0552c341e5ead1b4598d63352fb999a1674433bd60a7c7c3d3287ac0,9c306d57a391d92a493f0b9590b5ec0d2af7679ab1dc1116abab6b6253017763,300
V0D,RG,off_diagonal,excitatory,9,9,0,0,9,28.741128,11.09834798,63.07090244,0,0,9,9,0.1303040684,-17.37539699,22.51025205,4,0,5,9,21.57649063,11.86956161,105.2139598,0,0,9,9,4.340285077,-29.67488942,38.765032,4,0,5,9,-1.120363094,-15.08881006,15.18225262,5,0,4,9,-0.2203954482,-11.91543775,27.31094382,5,0,4,9,1.807623014,-10.01886639,19.67933479,2,0,7,9,3.827622101,-22.81386165,18.37053635,2,0,7,9,9,9,7,9,9,9,6,descriptive design grid within one frozen realization; ranges are not uncertainty intervals,1,conditional on one frozen realization; no sampling inference,2026-08-26T18:12:43.884305+00:00,publication-outputs-1.0.0,0950b556111bec172d56ad34fe3569f251832a44e44c7eb43f636e6af321a5a1,ac36628fef7684bc08672b4c0678d32822a62f1b86b86ed9e5e19afa29f97220,cf2fef52687428f0eab74fc123ceb2a36cb6d0fc70d5442d221c955a4753ae2f,a0b23907336269b78a7cfd2eb7057232c7afcf87129f8a4c9d0f5e93faa0a5ef,d0bde0ec0552c341e5ead1b4598d63352fb999a1674433bd60a7c7c3d3287ac0,9c306d57a391d92a493f0b9590b5ec0d2af7679ab1dc1116abab6b6253017763,300
V0D,RG,off_diagonal,inhibitory,9,9,0,0,9,24.64971491,12.9939976,43.45521453,0,0,9,9,-0.3525882725,-5.879007006,2.330552888,5,0,4,9,18.69556448,14.73281985,37.13179664,0,0,9,9,-0.4074309978,-19.69008224,24.49038731,5,0,4,9,6.292580028,1.842999433,19.77845582,0,0,9,9,0.03846927553,-4.383657952,0.545177358,3,0,6,9,3.206697398,1.961393234,29.76344921,0,0,9,9,0.2406975759,-9.404629691,23.18478948,2,0,7,9,9,9,8,9,9,9,8,descriptive design grid within one frozen realization; ranges are not uncertainty intervals,1,conditional on one frozen realization; no sampling inference,2026-08-26T18:12:43.884305+00:00,publication-outputs-1.0.0,0950b556111bec172d56ad34fe3569f251832a44e44c7eb43f636e6af321a5a1,ac36628fef7684bc08672b4c0678d32822a62f1b86b86ed9e5e19afa29f97220,cf2fef52687428f0eab74fc123ceb2a36cb6d0fc70d5442d221c955a4753ae2f,a0b23907336269b78a7cfd2eb7057232c7afcf87129f8a4c9d0f5e93faa0a5ef,d0bde0ec0552c341e5ead1b4598d63352fb999a1674433bd60a7c7c3d3287ac0,9c306d57a391d92a493f0b9590b5ec0d2af7679ab1dc1116abab6b6253017763,300
V0D,PF,off_diagonal,none,9,9,0,0,9,26.46124585,14.79403711,63.80135438,0,0,9,9,0.03039713982,-10.82724485,5.29148442,4,0,5,9,24.04135049,-10.14411511,91.27248526,1,0,8,9,-0.5528343261,-63.11822464,41.18254001,6,0,3,9,5.003865761,1.431089443,33.2921303,0,0,9,9,-0.3726475631,-14.0961597,7.347511887,8,0,1,9,2.547298658,-13.02390581,29.43344669,1,0,8,9,0.390274863,-8.388453091,6.708018892,3,0,6,,,,,,,,,descriptive design grid within one frozen realization; ranges are not uncertainty intervals,1,conditional on one frozen realization; no sampling inference,2026-08-26T18:12:43.884305+00:00,publication-outputs-1.0.0,0950b556111bec172d56ad34fe3569f251832a44e44c7eb43f636e6af321a5a1,ac36628fef7684bc08672b4c0678d32822a62f1b86b86ed9e5e19afa29f97220,cf2fef52687428f0eab74fc123ceb2a36cb6d0fc70d5442d221c955a4753ae2f,a0b23907336269b78a7cfd2eb7057232c7afcf87129f8a4c9d0f5e93faa0a5ef,d0bde0ec0552c341e5ead1b4598d63352fb999a1674433bd60a7c7c3d3287ac0,9c306d57a391d92a493f0b9590b5ec0d2af7679ab1dc1116abab6b6253017763,300
V0D,PF,off_diagonal,excitatory,9,9,0,0,9,28.741128,11.09834798,63.07090244,0,0,9,9,0.1445608819,-16.85700968,5.35105073,3,0,6,9,28.15714814,13.27062737,63.20516939,0,0,9,9,0.01938288595,-5.550400512,17.19783567,4,0,5,9,-1.120363094,-15.08881006,15.18225262,5,0,4,9,0.02364516252,-14.280437,5.85211782,4,0,5,9,-1.340118698,-14.43276031,8.551835236,5,0,4,9,-0.09723469161,-23.52321265,18.98573754,5,0,4,9,9,9,7,9,9,9,9,descriptive design grid within one frozen realization; ranges are not uncertainty intervals,1,conditional on one frozen realization; no sampling inference,2026-08-26T18:12:43.884305+00:00,publication-outputs-1.0.0,0950b556111bec172d56ad34fe3569f251832a44e44c7eb43f636e6af321a5a1,ac36628fef7684bc08672b4c0678d32822a62f1b86b86ed9e5e19afa29f97220,cf2fef52687428f0eab74fc123ceb2a36cb6d0fc70d5442d221c955a4753ae2f,a0b23907336269b78a7cfd2eb7057232c7afcf87129f8a4c9d0f5e93faa0a5ef,d0bde0ec0552c341e5ead1b4598d63352fb999a1674433bd60a7c7c3d3287ac0,9c306d57a391d92a493f0b9590b5ec0d2af7679ab1dc1116abab6b6253017763,300
V0D,PF,off_diagonal,inhibitory,9,9,0,0,9,24.64971491,12.9939976,43.45521453,0,0,9,9,-1.420871879,-5.577497408,2.74119681,5,0,4,9,20.91495399,-0.2124940277,64.28589543,1,0,8,9,-2.318666628,-26.74900269,48.55070102,6,0,3,9,6.292580028,1.842999433,19.77845582,0,0,9,9,-0.01054312042,-5.838100381,1.099181112,5,0,4,9,2.927848149,-4.103253172,26.86721027,1,0,8,9,-0.01693413534,-18.04360861,19.21606282,5,0,4,9,9,9,8,9,9,9,9,descriptive design grid within one frozen realization; ranges are not uncertainty intervals,1,conditional on one frozen realization; no sampling inference,2026-08-26T18:12:43.884305+00:00,publication-outputs-1.0.0,0950b556111bec172d56ad34fe3569f251832a44e44c7eb43f636e6af321a5a1,ac36628fef7684bc08672b4c0678d32822a62f1b86b86ed9e5e19afa29f97220,cf2fef52687428f0eab74fc123ceb2a36cb6d0fc70d5442d221c955a4753ae2f,a0b23907336269b78a7cfd2eb7057232c7afcf87129f8a4c9d0f5e93faa0a5ef,d0bde0ec0552c341e5ead1b4598d63352fb999a1674433bd60a7c7c3d3287ac0,9c306d57a391d92a493f0b9590b5ec0d2af7679ab1dc1116abab6b6253017763,300
V0D,MN,off_diagonal,none,9,9,0,0,9,26.46124585,14.79403711,63.80135438,0,0,9,9,-0.1301498489,-13.12044858,11.18795089,5,0,4,9,23.61782259,8.363285385,44.14943982,0,0,9,9,-1.292392488,-42.31762042,1.569999451,6,0,3,9,5.003865761,1.431089443,33.2921303,0,0,9,9,-0.1424882411,-14.63500264,8.048894925,5,0,4,9,2.778810332,0.3360525573,23.33121678,0,0,9,9,0.3711747415,-18.00980845,6.447859194,2,0,7,,,,,,,,,descriptive design grid within one frozen realization; ranges are not uncertainty intervals,1,conditional on one frozen realization; no sampling inference,2026-08-26T18:12:43.884305+00:00,publication-outputs-1.0.0,0950b556111bec172d56ad34fe3569f251832a44e44c7eb43f636e6af321a5a1,ac36628fef7684bc08672b4c0678d32822a62f1b86b86ed9e5e19afa29f97220,cf2fef52687428f0eab74fc123ceb2a36cb6d0fc70d5442d221c955a4753ae2f,a0b23907336269b78a7cfd2eb7057232c7afcf87129f8a4c9d0f5e93faa0a5ef,d0bde0ec0552c341e5ead1b4598d63352fb999a1674433bd60a7c7c3d3287ac0,9c306d57a391d92a493f0b9590b5ec0d2af7679ab1dc1116abab6b6253017763,300
V0D,MN,off_diagonal,excitatory,9,9,0,0,9,28.741128,11.09834798,63.07090244,0,0,9,9,0.1554482056,-13.29057422,5.662073151,3,0,6,9,42.80597152,11.9681502,62.82345898,0,0,9,9,0.7284228806,-18.49984844,37.3855316,4,0,5,9,-1.120363094,-15.08881006,15.18225262,5,0,4,9,0.1418366257,-8.091418611,11.16366843,3,0,6,9,2.052992265,-15.20172804,13.5387945,3,0,6,9,0.07371390609,-12.80712655,23.58129005,4,0,5,9,9,9,7,9,9,9,8,descriptive design grid within one frozen realization; ranges are not uncertainty intervals,1,conditional on one frozen realization; no sampling inference,2026-08-26T18:12:43.884305+00:00,publication-outputs-1.0.0,0950b556111bec172d56ad34fe3569f251832a44e44c7eb43f636e6af321a5a1,ac36628fef7684bc08672b4c0678d32822a62f1b86b86ed9e5e19afa29f97220,cf2fef52687428f0eab74fc123ceb2a36cb6d0fc70d5442d221c955a4753ae2f,a0b23907336269b78a7cfd2eb7057232c7afcf87129f8a4c9d0f5e93faa0a5ef,d0bde0ec0552c341e5ead1b4598d63352fb999a1674433bd60a7c7c3d3287ac0,9c306d57a391d92a493f0b9590b5ec0d2af7679ab1dc1116abab6b6253017763,300
V0D,MN,off_diagonal,inhibitory,9,9,0,0,9,24.64971491,12.9939976,43.45521453,0,0,9,9,-0.02585095362,-7.212839255,14.37606313,5,0,4,9,24.85014544,15.52445927,33.82342831,0,0,9,9,0.4758483054,-7.296650329,4.04317592,4,0,5,9,6.292580028,1.842999433,19.77845582,0,0,9,9,0.0119287897,-6.923700649,10.98219517,4,0,5,9,6.099124451,2.830056272,14.63055251,0,0,9,9,0.5710369876,-13.05804161,12.63302049,4,0,5,9,9,9,8,9,9,9,8,descriptive design grid within one frozen realization; ranges are not uncertainty intervals,1,conditional on one frozen realization; no sampling inference,2026-08-26T18:12:43.884305+00:00,publication-outputs-1.0.0,0950b556111bec172d56ad34fe3569f251832a44e44c7eb43f636e6af321a5a1,ac36628fef7684bc08672b4c0678d32822a62f1b86b86ed9e5e19afa29f97220,cf2fef52687428f0eab74fc123ceb2a36cb6d0fc70d5442d221c955a4753ae2f,a0b23907336269b78a7cfd2eb7057232c7afcf87129f8a4c9d0f5e93faa0a5ef,d0bde0ec0552c341e5ead1b4598d63352fb999a1674433bd60a7c7c3d3287ac0,9c306d57a391d92a493f0b9590b5ec0d2af7679ab1dc1116abab6b6253017763,300
V0D,V0D,diagonal,none,9,9,0,0,9,26.46124585,14.79403711,63.80135438,0,0,9,9,-0.3163063316,-1.86486278,2.716080324,5,0,4,9,26.46124585,14.79403711,63.80135438,0,0,9,9,0.3163063316,-2.716080324,1.86486278,4,0,5,9,5.003865761,1.431089443,33.2921303,0,0,9,9,0.05915773152,-2.425927127,1.184054278,4,0,5,9,5.003865761,1.431089443,33.2921303,0,0,9,9,-0.05915773152,-1.184054278,2.425927127,5,0,4,,,,,,,,,descriptive design grid within one frozen realization; ranges are not uncertainty intervals,1,conditional on one frozen realization; no sampling inference,2026-08-26T18:12:43.884305+00:00,publication-outputs-1.0.0,0950b556111bec172d56ad34fe3569f251832a44e44c7eb43f636e6af321a5a1,ac36628fef7684bc08672b4c0678d32822a62f1b86b86ed9e5e19afa29f97220,cf2fef52687428f0eab74fc123ceb2a36cb6d0fc70d5442d221c955a4753ae2f,a0b23907336269b78a7cfd2eb7057232c7afcf87129f8a4c9d0f5e93faa0a5ef,d0bde0ec0552c341e5ead1b4598d63352fb999a1674433bd60a7c7c3d3287ac0,9c306d57a391d92a493f0b9590b5ec0d2af7679ab1dc1116abab6b6253017763,300
V0D,V0D,diagonal,excitatory,9,9,0,0,9,28.741128,11.09834798,63.07090244,0,0,9,9,-0.8931558241,-8.304737349,1.925695312,5,0,4,9,28.741128,11.09834798,63.07090244,0,0,9,9,0.8931558241,-1.925695312,8.304737349,4,0,5,9,-1.120363094,-15.08881006,15.18225262,5,0,4,9,-0.08614679914,-13.93033481,2.435247222,6,0,3,9,-1.120363094,-15.08881006,15.18225262,5,0,4,9,0.08614679914,-2.435247222,13.93033481,3,0,6,9,9,9,7,9,9,9,7,descriptive design grid within one frozen realization; ranges are not uncertainty intervals,1,conditional on one frozen realization; no sampling inference,2026-08-26T18:12:43.884305+00:00,publication-outputs-1.0.0,0950b556111bec172d56ad34fe3569f251832a44e44c7eb43f636e6af321a5a1,ac36628fef7684bc08672b4c0678d32822a62f1b86b86ed9e5e19afa29f97220,cf2fef52687428f0eab74fc123ceb2a36cb6d0fc70d5442d221c955a4753ae2f,a0b23907336269b78a7cfd2eb7057232c7afcf87129f8a4c9d0f5e93faa0a5ef,d0bde0ec0552c341e5ead1b4598d63352fb999a1674433bd60a7c7c3d3287ac0,9c306d57a391d92a493f0b9590b5ec0d2af7679ab1dc1116abab6b6253017763,300
V0D,V0D,diagonal,inhibitory,9,9,0,0,9,24.64971491,12.9939976,43.45521453,0,0,9,9,0.02756715173,-4.949540148,6.2249945,4,0,5,9,24.64971491,12.9939976,43.45521453,0,0,9,9,-0.02756715173,-6.2249945,4.949540148,5,0,4,9,6.292580028,1.842999433,19.77845582,0,0,9,9,0.1183873452,-2.76720121,5.287955437,3,0,6,9,6.292580028,1.842999433,19.77845582,0,0,9,9,-0.1183873452,-5.287955437,2.76720121,6,0,3,9,9,9,8,9,9,9,8,descriptive design grid within one frozen realization; ranges are not uncertainty intervals,1,conditional on one frozen realization; no sampling inference,2026-08-26T18:12:43.884305+00:00,publication-outputs-1.0.0,0950b556111bec172d56ad34fe3569f251832a44e44c7eb43f636e6af321a5a1,ac36628fef7684bc08672b4c0678d32822a62f1b86b86ed9e5e19afa29f97220,cf2fef52687428f0eab74fc123ceb2a36cb6d0fc70d5442d221c955a4753ae2f,a0b23907336269b78a7cfd2eb7057232c7afcf87129f8a4c9d0f5e93faa0a5ef,d0bde0ec0552c341e5ead1b4598d63352fb999a1674433bd60a7c7c3d3287ac0,9c306d57a391d92a493f0b9590b5ec0d2af7679ab1dc1116abab6b6253017763,300
V0D,V0V,off_diagonal,none,9,9,0,0,9,26.46124585,14.79403711,63.80135438,0,0,9,9,-0.003996768116,-11.72681718,14.0899718,5,0,4,9,24.7199627,15.60142879,85.20938718,0,0,9,9,0.06075482237,-27.3545745,36.44384842,4,0,5,9,5.003865761,1.431089443,33.2921303,0,0,9,9,-0.07402181101,-12.77463156,11.81795365,6,0,3,9,5.551503031,1.571242734,28.69349357,0,0,9,9,0.363926448,-4.029739476,9.424391937,3,0,6,,,,,,,,,descriptive design grid within one frozen realization; ranges are not uncertainty intervals,1,conditional on one frozen realization; no sampling inference,2026-08-26T18:12:43.884305+00:00,publication-outputs-1.0.0,0950b556111bec172d56ad34fe3569f251832a44e44c7eb43f636e6af321a5a1,ac36628fef7684bc08672b4c0678d32822a62f1b86b86ed9e5e19afa29f97220,cf2fef52687428f0eab74fc123ceb2a36cb6d0fc70d5442d221c955a4753ae2f,a0b23907336269b78a7cfd2eb7057232c7afcf87129f8a4c9d0f5e93faa0a5ef,d0bde0ec0552c341e5ead1b4598d63352fb999a1674433bd60a7c7c3d3287ac0,9c306d57a391d92a493f0b9590b5ec0d2af7679ab1dc1116abab6b6253017763,300
V0D,V0V,off_diagonal,excitatory,9,9,0,0,9,28.741128,11.09834798,63.07090244,0,0,9,9,0,-11.71076518,8.781780944,4,1,4,9,41.20633166,14.89556975,101.7361302,0,0,9,9,-0.3134693395,-8.673924349,76.26731101,6,0,3,9,-1.120363094,-15.08881006,15.18225262,5,0,4,9,0.04881498003,-14.89459464,4.591250911,3,1,5,9,1.692319301,-14.76871023,16.98096619,3,0,6,9,0.03790228566,-4.794993097,42.98629221,4,0,5,9,9,9,7,9,9,9,7,descriptive design grid within one frozen realization; ranges are not uncertainty intervals,1,conditional on one frozen realization; no sampling inference,2026-08-26T18:12:43.884305+00:00,publication-outputs-1.0.0,0950b556111bec172d56ad34fe3569f251832a44e44c7eb43f636e6af321a5a1,ac36628fef7684bc08672b4c0678d32822a62f1b86b86ed9e5e19afa29f97220,cf2fef52687428f0eab74fc123ceb2a36cb6d0fc70d5442d221c955a4753ae2f,a0b23907336269b78a7cfd2eb7057232c7afcf87129f8a4c9d0f5e93faa0a5ef,d0bde0ec0552c341e5ead1b4598d63352fb999a1674433bd60a7c7c3d3287ac0,9c306d57a391d92a493f0b9590b5ec0d2af7679ab1dc1116abab6b6253017763,300
V0D,V0V,off_diagonal,inhibitory,9,9,0,0,9,24.64971491,12.9939976,43.45521453,0,0,9,9,0.05172836118,-3.688030454,7.0051361,3,0,6,9,24.58326727,14.32823794,66.23665765,0,0,9,9,-0.3770465127,-4.350145703,36.76353114,5,0,4,9,6.292580028,1.842999433,19.77845582,0,0,9,9,-0.08994719801,-5.228123276,6.380009816,6,0,3,9,5.086162007,1.095272738,21.39258544,0,0,9,9,0.6104423385,-4.52118301,16.38778267,4,0,5,9,9,9,8,9,9,9,9,descriptive design grid within one frozen realization; ranges are not uncertainty intervals,1,conditional on one frozen realization; no sampling inference,2026-08-26T18:12:43.884305+00:00,publication-outputs-1.0.0,0950b556111bec172d56ad34fe3569f251832a44e44c7eb43f636e6af321a5a1,ac36628fef7684bc08672b4c0678d32822a62f1b86b86ed9e5e19afa29f97220,cf2fef52687428f0eab74fc123ceb2a36cb6d0fc70d5442d221c955a4753ae2f,a0b23907336269b78a7cfd2eb7057232c7afcf87129f8a4c9d0f5e93faa0a5ef,d0bde0ec0552c341e5ead1b4598d63352fb999a1674433bd60a7c7c3d3287ac0,9c306d57a391d92a493f0b9590b5ec0d2af7679ab1dc1116abab6b6253017763,300
V0D,V2a,off_diagonal,none,9,9,0,0,9,26.46124585,14.79403711,63.80135438,0,0,9,9,-0.09024583231,-9.644689165,1.890867591,5,0,4,9,23.83826312,14.44800151,45.74326628,0,0,9,9,-0.200813396,-29.36821023,1.813017472,6,0,3,9,5.003865761,1.431089443,33.2921303,0,0,9,9,-0.2559473438,-8.367892515,2.120312378,5,0,4,9,2.501325438,1.166068296,19.35583048,0,0,9,9,-0.1300913786,-13.49157322,1.066555723,5,0,4,,,,,,,,,descriptive design grid within one frozen realization; ranges are not uncertainty intervals,1,conditional on one frozen realization; no sampling inference,2026-08-26T18:12:43.884305+00:00,publication-outputs-1.0.0,0950b556111bec172d56ad34fe3569f251832a44e44c7eb43f636e6af321a5a1,ac36628fef7684bc08672b4c0678d32822a62f1b86b86ed9e5e19afa29f97220,cf2fef52687428f0eab74fc123ceb2a36cb6d0fc70d5442d221c955a4753ae2f,a0b23907336269b78a7cfd2eb7057232c7afcf87129f8a4c9d0f5e93faa0a5ef,d0bde0ec0552c341e5ead1b4598d63352fb999a1674433bd60a7c7c3d3287ac0,9c306d57a391d92a493f0b9590b5ec0d2af7679ab1dc1116abab6b6253017763,300
V0D,V2a,off_diagonal,excitatory,9,9,0,0,9,28.741128,11.09834798,63.07090244,0,0,9,9,0.9089382621,-5.665078828,21.73198266,3,0,6,9,27.77872739,15.26010143,63.21007071,0,0,9,9,-0.8846866027,-19.76951654,21.44599855,5,0,4,9,-1.120363094,-15.08881006,15.18225262,5,0,4,9,-0.2902632994,-5.622391402,5.326276511,6,0,3,9,-0.3665594879,-16.25025772,31.24776052,5,0,4,9,0.07017871073,-5.348156914,16.3557712,4,0,5,9,9,9,7,9,9,9,9,descriptive design grid within one frozen realization; ranges are not uncertainty intervals,1,conditional on one frozen realization; no sampling inference,2026-08-26T18:12:43.884305+00:00,publication-outputs-1.0.0,0950b556111bec172d56ad34fe3569f251832a44e44c7eb43f636e6af321a5a1,ac36628fef7684bc08672b4c0678d32822a62f1b86b86ed9e5e19afa29f97220,cf2fef52687428f0eab74fc123ceb2a36cb6d0fc70d5442d221c955a4753ae2f,a0b23907336269b78a7cfd2eb7057232c7afcf87129f8a4c9d0f5e93faa0a5ef,d0bde0ec0552c341e5ead1b4598d63352fb999a1674433bd60a7c7c3d3287ac0,9c306d57a391d92a493f0b9590b5ec0d2af7679ab1dc1116abab6b6253017763,300
V0D,V2a,off_diagonal,inhibitory,9,9,0,0,9,24.64971491,12.9939976,43.45521453,0,0,9,9,-1.143338442,-4.540148965,6.477691251,5,0,4,9,22.6850541,15.5531474,66.10920145,0,0,9,9,1.53716445,-8.67997327,33.01720694,2,0,7,9,6.292580028,1.842999433,19.77845582,0,0,9,9,0.07422689279,-1.949120915,1.425321008,4,0,5,9,5.014806271,1.2771001,26.53626692,0,0,9,9,0.7819846721,-6.299138865,21.22669655,3,0,6,9,9,9,8,9,9,9,8,descriptive design grid within one frozen realization; ranges are not uncertainty intervals,1,conditional on one frozen realization; no sampling inference,2026-08-26T18:12:43.884305+00:00,publication-outputs-1.0.0,0950b556111bec172d56ad34fe3569f251832a44e44c7eb43f636e6af321a5a1,ac36628fef7684bc08672b4c0678d32822a62f1b86b86ed9e5e19afa29f97220,cf2fef52687428f0eab74fc123ceb2a36cb6d0fc70d5442d221c955a4753ae2f,a0b23907336269b78a7cfd2eb7057232c7afcf87129f8a4c9d0f5e93faa0a5ef,d0bde0ec0552c341e5ead1b4598d63352fb999a1674433bd60a7c7c3d3287ac0,9c306d57a391d92a493f0b9590b5ec0d2af7679ab1dc1116abab6b6253017763,300
V0D,V3,off_diagonal,none,9,9,0,0,9,26.46124585,14.79403711,63.80135438,0,0,9,9,0,-5.683552172,5.507114803,2,4,3,9,24.59010177,13.82888409,82.54867775,0,0,9,9,-0.02095663625,-34.82104033,24.43087554,5,2,2,9,5.003865761,1.431089443,33.2921303,0,0,9,9,0,-4.121713865,5.204434927,2,4,3,9,5.003865761,1.431089443,9.189508957,0,0,9,9,0,-27.12736679,2.985203144,4,2,3,,,,,,,,,descriptive design grid within one frozen realization; ranges are not uncertainty intervals,1,conditional on one frozen realization; no sampling inference,2026-08-26T18:12:43.884305+00:00,publication-outputs-1.0.0,0950b556111bec172d56ad34fe3569f251832a44e44c7eb43f636e6af321a5a1,ac36628fef7684bc08672b4c0678d32822a62f1b86b86ed9e5e19afa29f97220,cf2fef52687428f0eab74fc123ceb2a36cb6d0fc70d5442d221c955a4753ae2f,a0b23907336269b78a7cfd2eb7057232c7afcf87129f8a4c9d0f5e93faa0a5ef,d0bde0ec0552c341e5ead1b4598d63352fb999a1674433bd60a7c7c3d3287ac0,9c306d57a391d92a493f0b9590b5ec0d2af7679ab1dc1116abab6b6253017763,300
V0D,V3,off_diagonal,excitatory,9,9,0,0,9,28.741128,11.09834798,63.07090244,0,0,9,9,0.0001278292883,-0.5483558344,3.781604423,2,2,5,9,37.70172949,11.09834798,63.11761474,0,0,9,9,0,-0.3041142952,13.34405175,3,2,4,9,-1.120363094,-15.08881006,15.18225262,5,0,4,9,0,-0.6034253864,4.628985039,4,2,3,9,-1.094119423,-15.08881006,16.22450151,5,0,4,9,0.01110496597,-3.586736149,2.245538659,2,2,5,9,9,9,7,9,9,9,8,descriptive design grid within one frozen realization; ranges are not uncertainty intervals,1,conditional on one frozen realization; no sampling inference,2026-08-26T18:12:43.884305+00:00,publication-outputs-1.0.0,0950b556111bec172d56ad34fe3569f251832a44e44c7eb43f636e6af321a5a1,ac36628fef7684bc08672b4c0678d32822a62f1b86b86ed9e5e19afa29f97220,cf2fef52687428f0eab74fc123ceb2a36cb6d0fc70d5442d221c955a4753ae2f,a0b23907336269b78a7cfd2eb7057232c7afcf87129f8a4c9d0f5e93faa0a5ef,d0bde0ec0552c341e5ead1b4598d63352fb999a1674433bd60a7c7c3d3287ac0,9c306d57a391d92a493f0b9590b5ec0d2af7679ab1dc1116abab6b6253017763,300
V0D,V3,off_diagonal,inhibitory,9,9,0,0,9,24.64971491,12.9939976,43.45521453,0,0,9,9,0.009495716273,-0.9981802217,1.617788149,2,2,5,9,24.60871026,11.80578283,56.01233264,0,0,9,9,0,-30.65125147,22.28053843,4,2,3,9,6.292580028,1.842999433,19.77845582,0,0,9,9,0,-1.465663406,0.6712800417,3,3,3,9,2.870967328,1.485678492,13.82761451,0,0,9,9,0,-6.032537251,4.256837536,3,3,3,9,9,9,8,9,9,9,9,descriptive design grid within one frozen realization; ranges are not uncertainty intervals,1,conditional on one frozen realization; no sampling inference,2026-08-26T18:12:43.884305+00:00,publication-outputs-1.0.0,0950b556111bec172d56ad34fe3569f251832a44e44c7eb43f636e6af321a5a1,ac36628fef7684bc08672b4c0678d32822a62f1b86b86ed9e5e19afa29f97220,cf2fef52687428f0eab74fc123ceb2a36cb6d0fc70d5442d221c955a4753ae2f,a0b23907336269b78a7cfd2eb7057232c7afcf87129f8a4c9d0f5e93faa0a5ef,d0bde0ec0552c341e5ead1b4598d63352fb999a1674433bd60a7c7c3d3287ac0,9c306d57a391d92a493f0b9590b5ec0d2af7679ab1dc1116abab6b6253017763,300
V0D,V1Ia,off_diagonal,none,9,9,0,0,9,26.46124585,14.79403711,63.80135438,0,0,9,9,-0.1269727105,-0.9610000183,3.336709977,5,0,4,9,25.4336228,16.8250199,43.22966326,0,0,9,9,-0.817209904,-36.97540979,2.580079786,5,0,4,9,5.003865761,1.431089443,33.2921303,0,0,9,9,0.02036111692,-4.323843525,6.809697092,4,0,5,9,6.780565521,1.220299217,24.04423541,0,0,9,9,-0.1811908089,-8.430580736,8.658292797,6,0,3,,,,,,,,,descriptive design grid within one frozen realization; ranges are not uncertainty intervals,1,conditional on one frozen realization; no sampling inference,2026-08-26T18:12:43.884305+00:00,publication-outputs-1.0.0,0950b556111bec172d56ad34fe3569f251832a44e44c7eb43f636e6af321a5a1,ac36628fef7684bc08672b4c0678d32822a62f1b86b86ed9e5e19afa29f97220,cf2fef52687428f0eab74fc123ceb2a36cb6d0fc70d5442d221c955a4753ae2f,a0b23907336269b78a7cfd2eb7057232c7afcf87129f8a4c9d0f5e93faa0a5ef,d0bde0ec0552c341e5ead1b4598d63352fb999a1674433bd60a7c7c3d3287ac0,9c306d57a391d92a493f0b9590b5ec0d2af7679ab1dc1116abab6b6253017763,300
V0D,V1Ia,off_diagonal,excitatory,9,9,0,0,9,28.741128,11.09834798,63.07090244,0,0,9,9,0.1425756599,-17.16208498,20.40886289,4,0,5,9,37.16142511,12.08292705,62.90474888,0,0,9,9,1.145941888,-22.14664105,23.03022047,3,0,6,9,-1.120363094,-15.08881006,15.18225262,5,0,4,9,0.6024481381,-12.79642834,9.150176688,3,0,6,9,-1.002198952,-10.47328529,28.71335079,5,0,4,9,-0.2926108804,-5.948923981,17.41195311,5,0,4,9,9,9,7,9,9,9,8,descriptive design grid within one frozen realization; ranges are not uncertainty intervals,1,conditional on one frozen realization; no sampling inference,2026-08-26T18:12:43.884305+00:00,publication-outputs-1.0.0,0950b556111bec172d56ad34fe3569f251832a44e44c7eb43f636e6af321a5a1,ac36628fef7684bc08672b4c0678d32822a62f1b86b86ed9e5e19afa29f97220,cf2fef52687428f0eab74fc123ceb2a36cb6d0fc70d5442d221c955a4753ae2f,a0b23907336269b78a7cfd2eb7057232c7afcf87129f8a4c9d0f5e93faa0a5ef,d0bde0ec0552c341e5ead1b4598d63352fb999a1674433bd60a7c7c3d3287ac0,9c306d57a391d92a493f0b9590b5ec0d2af7679ab1dc1116abab6b6253017763,300
V0D,V1Ia,off_diagonal,inhibitory,9,9,0,0,9,24.64971491,12.9939976,43.45521453,0,0,9,9,0.02756715173,-4.345708136,11.26774037,4,0,5,9,23.65898401,11.09866814,108.5205726,0,0,9,9,-0.1811732769,-7.925966154,84.25883467,5,0,4,9,6.292580028,1.842999433,19.77845582,0,0,9,9,-0.1943476615,-7.71173631,9.725145447,6,0,3,9,3.220369128,0.4414185319,22.97023455,0,0,9,9,0.4355303503,-5.743292885,21.03955205,4,0,5,9,9,9,8,9,9,9,7,descriptive design grid within one frozen realization; ranges are not uncertainty intervals,1,conditional on one frozen realization; no sampling inference,2026-08-26T18:12:43.884305+00:00,publication-outputs-1.0.0,0950b556111bec172d56ad34fe3569f251832a44e44c7eb43f636e6af321a5a1,ac36628fef7684bc08672b4c0678d32822a62f1b86b86ed9e5e19afa29f97220,cf2fef52687428f0eab74fc123ceb2a36cb6d0fc70d5442d221c955a4753ae2f,a0b23907336269b78a7cfd2eb7057232c7afcf87129f8a4c9d0f5e93faa0a5ef,d0bde0ec0552c341e5ead1b4598d63352fb999a1674433bd60a7c7c3d3287ac0,9c306d57a391d92a493f0b9590b5ec0d2af7679ab1dc1116abab6b6253017763,300
V0D,V1Ren,off_diagonal,none,9,9,0,0,9,26.46124585,14.79403711,63.80135438,0,0,9,9,-0.02753812834,-7.561792011,12.55299006,6,0,3,9,23.81767441,13.10859237,39.91654277,0,0,9,9,-0.8176542881,-40.61870197,1.451727189,6,0,3,9,5.003865761,1.431089443,33.2921303,0,0,9,9,0.02301321728,-9.690937504,10.22343828,4,0,5,9,2.871004071,-3.031599492,15.8315517,1,0,8,9,-0.1191513072,-21.75776362,3.835568166,5,0,4,,,,,,,,,descriptive design grid within one frozen realization; ranges are not uncertainty intervals,1,conditional on one frozen realization; no sampling inference,2026-08-26T18:12:43.884305+00:00,publication-outputs-1.0.0,0950b556111bec172d56ad34fe3569f251832a44e44c7eb43f636e6af321a5a1,ac36628fef7684bc08672b4c0678d32822a62f1b86b86ed9e5e19afa29f97220,cf2fef52687428f0eab74fc123ceb2a36cb6d0fc70d5442d221c955a4753ae2f,a0b23907336269b78a7cfd2eb7057232c7afcf87129f8a4c9d0f5e93faa0a5ef,d0bde0ec0552c341e5ead1b4598d63352fb999a1674433bd60a7c7c3d3287ac0,9c306d57a391d92a493f0b9590b5ec0d2af7679ab1dc1116abab6b6253017763,300
V0D,V1Ren,off_diagonal,excitatory,9,9,0,0,9,28.741128,11.09834798,63.07090244,0,0,9,9,0.07314067603,-16.23006162,10.26295498,4,0,5,9,44.17100169,13.84184386,99.30725547,0,0,9,9,0.6080554112,-25.16223913,88.13576682,3,0,6,9,-1.120363094,-15.08881006,15.18225262,5,0,4,9,0.1093937287,-14.67401801,10.386384,3,0,6,9,1.574069573,-15.3245958,18.5243337,4,0,5,9,3.770455718,-9.477897506,24.94647037,4,0,5,9,9,9,7,9,9,9,7,descriptive design grid within one frozen realization; ranges are not uncertainty intervals,1,conditional on one frozen realization; no sampling inference,2026-08-26T18:12:43.884305+00:00,publication-outputs-1.0.0,0950b556111bec172d56ad34fe3569f251832a44e44c7eb43f636e6af321a5a1,ac36628fef7684bc08672b4c0678d32822a62f1b86b86ed9e5e19afa29f97220,cf2fef52687428f0eab74fc123ceb2a36cb6d0fc70d5442d221c955a4753ae2f,a0b23907336269b78a7cfd2eb7057232c7afcf87129f8a4c9d0f5e93faa0a5ef,d0bde0ec0552c341e5ead1b4598d63352fb999a1674433bd60a7c7c3d3287ac0,9c306d57a391d92a493f0b9590b5ec0d2af7679ab1dc1116abab6b6253017763,300
V0D,V1Ren,off_diagonal,inhibitory,9,9,0,0,9,24.64971491,12.9939976,43.45521453,0,0,9,9,0.2900652225,-2.722190418,16.09535807,2,0,7,9,24.43391349,11.40359221,26.02389042,0,0,9,9,-0.4227737801,-36.80577192,3.387558485,5,0,4,9,6.292580028,1.842999433,19.77845582,0,0,9,9,0.08105321366,-0.7610828082,12.43443248,3,0,6,9,2.723295326,1.202630983,19.68639028,0,0,9,9,-0.2089316575,-29.50511807,6.332481693,5,0,4,9,9,9,8,9,9,9,9,descriptive design grid within one frozen realization; ranges are not uncertainty intervals,1,conditional on one frozen realization; no sampling inference,2026-08-26T18:12:43.884305+00:00,publication-outputs-1.0.0,0950b556111bec172d56ad34fe3569f251832a44e44c7eb43f636e6af321a5a1,ac36628fef7684bc08672b4c0678d32822a62f1b86b86ed9e5e19afa29f97220,cf2fef52687428f0eab74fc123ceb2a36cb6d0fc70d5442d221c955a4753ae2f,a0b23907336269b78a7cfd2eb7057232c7afcf87129f8a4c9d0f5e93faa0a5ef,d0bde0ec0552c341e5ead1b4598d63352fb999a1674433bd60a7c7c3d3287ac0,9c306d57a391d92a493f0b9590b5ec0d2af7679ab1dc1116abab6b6253017763,300
V0D,V2b,off_diagonal,none,9,9,0,0,9,26.46124585,14.79403711,63.80135438,0,0,9,9,-0.03534609033,-14.02139068,15.09542504,5,0,4,9,26.16548914,15.14425631,76.27149205,0,0,9,9,0.5706189399,-24.97926065,16.37760618,4,0,5,9,5.003865761,1.431089443,33.2921303,0,0,9,9,0.03998574811,-15.67145664,17.60657418,3,0,6,9,6.05901663,1.335430873,18.93792108,0,0,9,9,0.1492212386,-27.53049397,14.56208193,4,0,5,,,,,,,,,descriptive design grid within one frozen realization; ranges are not uncertainty intervals,1,conditional on one frozen realization; no sampling inference,2026-08-26T18:12:43.884305+00:00,publication-outputs-1.0.0,0950b556111bec172d56ad34fe3569f251832a44e44c7eb43f636e6af321a5a1,ac36628fef7684bc08672b4c0678d32822a62f1b86b86ed9e5e19afa29f97220,cf2fef52687428f0eab74fc123ceb2a36cb6d0fc70d5442d221c955a4753ae2f,a0b23907336269b78a7cfd2eb7057232c7afcf87129f8a4c9d0f5e93faa0a5ef,d0bde0ec0552c341e5ead1b4598d63352fb999a1674433bd60a7c7c3d3287ac0,9c306d57a391d92a493f0b9590b5ec0d2af7679ab1dc1116abab6b6253017763,300
V0D,V2b,off_diagonal,excitatory,9,9,0,0,9,28.741128,11.09834798,63.07090244,0,0,9,9,-0.4273063956,-12.61107269,3.636603236,6,0,3,9,42.49614609,11.58404286,63.99099728,0,0,9,9,3.116370806,0.04078256523,32.80585869,0,0,9,9,-1.120363094,-15.08881006,15.18225262,5,0,4,9,-2.69033523,-15.12517784,1.768887336,7,0,2,9,1.617771771,-15.37852027,21.33649947,4,0,5,9,2.354952069,-1.531494543,27.70757971,1,0,8,9,9,9,7,9,9,9,9,descriptive design grid within one frozen realization; ranges are not uncertainty intervals,1,conditional on one frozen realization; no sampling inference,2026-08-26T18:12:43.884305+00:00,publication-outputs-1.0.0,0950b556111bec172d56ad34fe3569f251832a44e44c7eb43f636e6af321a5a1,ac36628fef7684bc08672b4c0678d32822a62f1b86b86ed9e5e19afa29f97220,cf2fef52687428f0eab74fc123ceb2a36cb6d0fc70d5442d221c955a4753ae2f,a0b23907336269b78a7cfd2eb7057232c7afcf87129f8a4c9d0f5e93faa0a5ef,d0bde0ec0552c341e5ead1b4598d63352fb999a1674433bd60a7c7c3d3287ac0,9c306d57a391d92a493f0b9590b5ec0d2af7679ab1dc1116abab6b6253017763,300
V0D,V2b,off_diagonal,inhibitory,9,9,0,0,9,24.64971491,12.9939976,43.45521453,0,0,9,9,0.017952521,-8.355669056,6.922179222,4,0,5,9,23.73218267,14.27416913,67.84764795,0,0,9,9,0.2787270183,-1.614259135,27.91909774,4,0,5,9,6.292580028,1.842999433,19.77845582,0,0,9,9,0.1264301617,-6.815456325,5.838837771,3,0,6,9,6.431336182,2.878466005,17.1784634,0,0,9,9,0.3387998167,-3.251719276,8.345959954,3,0,6,9,9,9,8,9,9,9,8,descriptive design grid within one frozen realization; ranges are not uncertainty intervals,1,conditional on one frozen realization; no sampling inference,2026-08-26T18:12:43.884305+00:00,publication-outputs-1.0.0,0950b556111bec172d56ad34fe3569f251832a44e44c7eb43f636e6af321a5a1,ac36628fef7684bc08672b4c0678d32822a62f1b86b86ed9e5e19afa29f97220,cf2fef52687428f0eab74fc123ceb2a36cb6d0fc70d5442d221c955a4753ae2f,a0b23907336269b78a7cfd2eb7057232c7afcf87129f8a4c9d0f5e93faa0a5ef,d0bde0ec0552c341e5ead1b4598d63352fb999a1674433bd60a7c7c3d3287ac0,9c306d57a391d92a493f0b9590b5ec0d2af7679ab1dc1116abab6b6253017763,300
V0V,RG,off_diagonal,none,9,9,0,0,9,-0.899911952,-10.97890082,26.60564056,5,0,4,9,0.1001917426,-5.109835655,1.150952189,4,0,5,9,-1.275212074,-8.742207777,9.507394198,6,0,3,9,-0.9446338558,-17.3089548,11.14750703,7,0,2,9,2.719629841,-13.59694535,11.90786009,4,0,5,9,0.1422541386,-5.182846303,0.9445109457,3,0,6,9,2.4138791,-9.105085161,11.80390281,4,0,5,9,-0.1335570057,-4.603631049,9.67470649,5,0,4,,,,,,,,,descriptive design grid within one frozen realization; ranges are not uncertainty intervals,1,conditional on one frozen realization; no sampling inference,2026-08-26T18:12:43.884305+00:00,publication-outputs-1.0.0,0950b556111bec172d56ad34fe3569f251832a44e44c7eb43f636e6af321a5a1,ac36628fef7684bc08672b4c0678d32822a62f1b86b86ed9e5e19afa29f97220,cf2fef52687428f0eab74fc123ceb2a36cb6d0fc70d5442d221c955a4753ae2f,a0b23907336269b78a7cfd2eb7057232c7afcf87129f8a4c9d0f5e93faa0a5ef,d0bde0ec0552c341e5ead1b4598d63352fb999a1674433bd60a7c7c3d3287ac0,9c306d57a391d92a493f0b9590b5ec0d2af7679ab1dc1116abab6b6253017763,300
V0V,RG,off_diagonal,excitatory,9,9,0,0,9,-1.558595088,-11.91467782,20.33337837,5,0,4,9,0.1303040684,-17.37539699,22.51025205,4,0,5,9,0.2486218205,-16.53143191,25.39504975,4,0,5,9,-4.281664182,-20.90748966,22.8184218,5,0,4,9,-5.557755074,-13.02027598,15.43150525,5,0,4,9,-0.2203954482,-11.91543775,27.31094382,5,0,4,9,-2.686331719,-21.7840424,15.58747816,5,0,4,9,-0.5517017264,-24.43952046,11.22811534,6,0,3,9,9,9,9,9,9,9,9,descriptive design grid within one frozen realization; ranges are not uncertainty intervals,1,conditional on one frozen realization; no sampling inference,2026-08-26T18:12:43.884305+00:00,publication-outputs-1.0.0,0950b556111bec172d56ad34fe3569f251832a44e44c7eb43f636e6af321a5a1,ac36628fef7684bc08672b4c0678d32822a62f1b86b86ed9e5e19afa29f97220,cf2fef52687428f0eab74fc123ceb2a36cb6d0fc70d5442d221c955a4753ae2f,a0b23907336269b78a7cfd2eb7057232c7afcf87129f8a4c9d0f5e93faa0a5ef,d0bde0ec0552c341e5ead1b4598d63352fb999a1674433bd60a7c7c3d3287ac0,9c306d57a391d92a493f0b9590b5ec0d2af7679ab1dc1116abab6b6253017763,300
V0V,RG,off_diagonal,inhibitory,9,9,0,0,9,-1.647513002,-8.881418392,6.70186961,5,0,4,9,-0.3525882725,-5.879007006,2.330552888,5,0,4,9,1.349213493,-6.665916899,7.854192743,4,0,5,9,1.504911406,-2.501504179,8.094508499,2,0,7,9,-0.3033579371,-6.354820041,15.14082644,5,0,4,9,0.03846927553,-4.383657952,0.545177358,3,0,6,9,-0.2202793227,-6.07061716,15.42602492,5,0,4,9,0.0641566611,-0.5095906994,6.844870297,4,0,5,9,9,9,9,9,9,9,9,descriptive design grid within one frozen realization; ranges are not uncertainty intervals,1,conditional on one frozen realization; no sampling inference,2026-08-26T18:12:43.884305+00:00,publication-outputs-1.0.0,0950b556111bec172d56ad34fe3569f251832a44e44c7eb43f636e6af321a5a1,ac36628fef7684bc08672b4c0678d32822a62f1b86b86ed9e5e19afa29f97220,cf2fef52687428f0eab74fc123ceb2a36cb6d0fc70d5442d221c955a4753ae2f,a0b23907336269b78a7cfd2eb7057232c7afcf87129f8a4c9d0f5e93faa0a5ef,d0bde0ec0552c341e5ead1b4598d63352fb999a1674433bd60a7c7c3d3287ac0,9c306d57a391d92a493f0b9590b5ec0d2af7679ab1dc1116abab6b6253017763,300
V0V,PF,off_diagonal,none,9,9,0,0,9,-0.899911952,-10.97890082,26.60564056,5,0,4,9,0.03039713982,-10.82724485,5.29148442,4,0,5,9,-0.899911952,-8.91028111,8.410285096,5,0,4,9,-0.4798590437,-18.2257526,12.89586456,5,0,4,9,2.719629841,-13.59694535,11.90786009,4,0,5,9,-0.3726475631,-14.0961597,7.347511887,8,0,1,9,4.257371438,-13.87789908,11.90786009,4,0,5,9,0.3726475631,-6.569963168,13.81520597,1,0,8,,,,,,,,,descriptive design grid within one frozen realization; ranges are not uncertainty intervals,1,conditional on one frozen realization; no sampling inference,2026-08-26T18:12:43.884305+00:00,publication-outputs-1.0.0,0950b556111bec172d56ad34fe3569f251832a44e44c7eb43f636e6af321a5a1,ac36628fef7684bc08672b4c0678d32822a62f1b86b86ed9e5e19afa29f97220,cf2fef52687428f0eab74fc123ceb2a36cb6d0fc70d5442d221c955a4753ae2f,a0b23907336269b78a7cfd2eb7057232c7afcf87129f8a4c9d0f5e93faa0a5ef,d0bde0ec0552c341e5ead1b4598d63352fb999a1674433bd60a7c7c3d3287ac0,9c306d57a391d92a493f0b9590b5ec0d2af7679ab1dc1116abab6b6253017763,300
V0V,PF,off_diagonal,excitatory,9,9,0,0,9,-1.558595088,-11.91467782,20.33337837,5,0,4,9,0.1445608819,-16.85700968,5.35105073,3,0,6,9,0.2020284091,-15.29733874,20.35669539,4,0,5,9,-0.1445608819,-3.950790645,17.24113839,5,0,4,9,-5.557755074,-13.02027598,15.43150525,5,0,4,9,0.02364516252,-14.280437,5.85211782,4,0,5,9,-1.709572437,-20.01433225,15.38058587,5,0,4,9,-0.2218109467,-3.476873333,12.34179695,5,0,4,9,9,9,9,9,9,9,9,descriptive design grid within one frozen realization; ranges are not uncertainty intervals,1,conditional on one frozen realization; no sampling inference,2026-08-26T18:12:43.884305+00:00,publication-outputs-1.0.0,0950b556111bec172d56ad34fe3569f251832a44e44c7eb43f636e6af321a5a1,ac36628fef7684bc08672b4c0678d32822a62f1b86b86ed9e5e19afa29f97220,cf2fef52687428f0eab74fc123ceb2a36cb6d0fc70d5442d221c955a4753ae2f,a0b23907336269b78a7cfd2eb7057232c7afcf87129f8a4c9d0f5e93faa0a5ef,d0bde0ec0552c341e5ead1b4598d63352fb999a1674433bd60a7c7c3d3287ac0,9c306d57a391d92a493f0b9590b5ec0d2af7679ab1dc1116abab6b6253017763,300
V0V,PF,off_diagonal,inhibitory,9,9,0,0,9,-1.647513002,-8.881418392,6.70186961,5,0,4,9,-1.420871879,-5.577497408,2.74119681,5,0,4,9,0.3593357787,-7.069414413,8.314868266,4,0,5,9,1.493238042,-1.128198154,7.58434619,4,0,5,9,-0.3033579371,-6.354820041,15.14082644,5,0,4,9,-0.01054312042,-5.838100381,1.099181112,5,0,4,9,-0.1359240436,-7.146812247,15.14082644,5,0,4,9,0.178122959,-0.2893646422,9.795661271,4,0,5,9,9,9,9,9,9,9,9,descriptive design grid within one frozen realization; ranges are not uncertainty intervals,1,conditional on one frozen realization; no sampling inference,2026-08-26T18:12:43.884305+00:00,publication-outputs-1.0.0,0950b556111bec172d56ad34fe3569f251832a44e44c7eb43f636e6af321a5a1,ac36628fef7684bc08672b4c0678d32822a62f1b86b86ed9e5e19afa29f97220,cf2fef52687428f0eab74fc123ceb2a36cb6d0fc70d5442d221c955a4753ae2f,a0b23907336269b78a7cfd2eb7057232c7afcf87129f8a4c9d0f5e93faa0a5ef,d0bde0ec0552c341e5ead1b4598d63352fb999a1674433bd60a7c7c3d3287ac0,9c306d57a391d92a493f0b9590b5ec0d2af7679ab1dc1116abab6b6253017763,300
V0V,MN,off_diagonal,none,9,9,0,0,9,-0.899911952,-10.97890082,26.60564056,5,0,4,9,-0.1301498489,-13.12044858,11.18795089,5,0,4,9,-0.8749396989,-11.09889688,6.640366746,5,0,4,9,0.1301498489,-35.20320601,13.00045252,4,0,5,9,2.719629841,-13.59694535,11.90786009,4,0,5,9,-0.1424882411,-14.63500264,8.048894925,5,0,4,9,-0.04992952195,-13.6914432,11.93207912,5,0,4,9,0.1667072713,-10.81845429,14.54050479,4,0,5,,,,,,,,,descriptive design grid within one frozen realization; ranges are not uncertainty intervals,1,conditional on one frozen realization; no sampling inference,2026-08-26T18:12:43.884305+00:00,publication-outputs-1.0.0,0950b556111bec172d56ad34fe3569f251832a44e44c7eb43f636e6af321a5a1,ac36628fef7684bc08672b4c0678d32822a62f1b86b86ed9e5e19afa29f97220,cf2fef52687428f0eab74fc123ceb2a36cb6d0fc70d5442d221c955a4753ae2f,a0b23907336269b78a7cfd2eb7057232c7afcf87129f8a4c9d0f5e93faa0a5ef,d0bde0ec0552c341e5ead1b4598d63352fb999a1674433bd60a7c7c3d3287ac0,9c306d57a391d92a493f0b9590b5ec0d2af7679ab1dc1116abab6b6253017763,300
V0V,MN,off_diagonal,excitatory,9,9,0,0,9,-1.558595088,-11.91467782,20.33337837,5,0,4,9,0.1554482056,-13.29057422,5.662073151,3,0,6,9,-1.482417709,-16.75409506,20.31665309,5,0,4,9,-0.3435692072,-14.65743655,13.3667516,7,0,2,9,-5.557755074,-13.02027598,15.43150525,5,0,4,9,0.1418366257,-8.091418611,11.16366843,3,0,6,9,-2.662382788,-21.57601743,15.43272197,5,0,4,9,-0.2436320044,-18.29856122,8.008610472,7,0,2,9,9,9,9,9,9,9,9,descriptive design grid within one frozen realization; ranges are not uncertainty intervals,1,conditional on one frozen realization; no sampling inference,2026-08-26T18:12:43.884305+00:00,publication-outputs-1.0.0,0950b556111bec172d56ad34fe3569f251832a44e44c7eb43f636e6af321a5a1,ac36628fef7684bc08672b4c0678d32822a62f1b86b86ed9e5e19afa29f97220,cf2fef52687428f0eab74fc123ceb2a36cb6d0fc70d5442d221c955a4753ae2f,a0b23907336269b78a7cfd2eb7057232c7afcf87129f8a4c9d0f5e93faa0a5ef,d0bde0ec0552c341e5ead1b4598d63352fb999a1674433bd60a7c7c3d3287ac0,9c306d57a391d92a493f0b9590b5ec0d2af7679ab1dc1116abab6b6253017763,300
V0V,MN,off_diagonal,inhibitory,9,9,0,0,9,-1.647513002,-8.881418392,6.70186961,5,0,4,9,-0.02585095362,-7.212839255,14.37606313,5,0,4,9,-1.775401028,-6.968431712,4.439737743,5,0,4,9,-0.02104223905,-17.65860412,9.960469143,5,0,4,9,-0.3033579371,-6.354820041,15.14082644,5,0,4,9,0.0119287897,-6.923700649,10.98219517,4,0,5,9,-0.2226908963,-6.727113185,15.16315387,6,0,3,9,-0.0119287897,-15.63189967,6.551407505,5,0,4,9,9,9,9,9,9,9,9,descriptive design grid within one frozen realization; ranges are not uncertainty intervals,1,conditional on one frozen realization; no sampling inference,2026-08-26T18:12:43.884305+00:00,publication-outputs-1.0.0,0950b556111bec172d56ad34fe3569f251832a44e44c7eb43f636e6af321a5a1,ac36628fef7684bc08672b4c0678d32822a62f1b86b86ed9e5e19afa29f97220,cf2fef52687428f0eab74fc123ceb2a36cb6d0fc70d5442d221c955a4753ae2f,a0b23907336269b78a7cfd2eb7057232c7afcf87129f8a4c9d0f5e93faa0a5ef,d0bde0ec0552c341e5ead1b4598d63352fb999a1674433bd60a7c7c3d3287ac0,9c306d57a391d92a493f0b9590b5ec0d2af7679ab1dc1116abab6b6253017763,300
V0V,V0D,off_diagonal,none,9,9,0,0,9,-0.899911952,-10.97890082,26.60564056,5,0,4,9,-0.3163063316,-1.86486278,2.716080324,5,0,4,9,-0.899911952,-8.172766848,5.298769811,5,0,4,9,0.3743733332,-24.70442681,4.12371812,3,0,6,9,2.719629841,-13.59694535,11.90786009,4,0,5,9,0.05915773152,-2.425927127,1.184054278,4,0,5,9,-0.2041526672,-10.41056611,11.90786009,5,0,4,9,-0.156654563,-3.140749704,5.612306364,6,0,3,,,,,,,,,descriptive design grid within one frozen realization; ranges are not uncertainty intervals,1,conditional on one frozen realization; no sampling inference,2026-08-26T18:12:43.884305+00:00,publication-outputs-1.0.0,0950b556111bec172d56ad34fe3569f251832a44e44c7eb43f636e6af321a5a1,ac36628fef7684bc08672b4c0678d32822a62f1b86b86ed9e5e19afa29f97220,cf2fef52687428f0eab74fc123ceb2a36cb6d0fc70d5442d221c955a4753ae2f,a0b23907336269b78a7cfd2eb7057232c7afcf87129f8a4c9d0f5e93faa0a5ef,d0bde0ec0552c341e5ead1b4598d63352fb999a1674433bd60a7c7c3d3287ac0,9c306d57a391d92a493f0b9590b5ec0d2af7679ab1dc1116abab6b6253017763,300
V0V,V0D,off_diagonal,excitatory,9,9,0,0,9,-1.558595088,-11.91467782,20.33337837,5,0,4,9,-0.8931558241,-8.304737349,1.925695312,5,0,4,9,-1.558679591,-17.26434055,20.20575455,5,0,4,9,1.068928331,-2.070497857,5.898059633,2,0,7,9,-5.557755074,-13.02027598,15.43150525,5,0,4,9,-0.08614679914,-13.93033481,2.435247222,6,0,3,9,-1.03261807,-21.95822499,15.43249317,5,0,4,9,0.08713472171,-3.587981373,5.841623076,4,0,5,9,9,9,9,9,9,9,9,descriptive design grid within one frozen realization; ranges are not uncertainty intervals,1,conditional on one frozen realization; no sampling inference,2026-08-26T18:12:43.884305+00:00,publication-outputs-1.0.0,0950b556111bec172d56ad34fe3569f251832a44e44c7eb43f636e6af321a5a1,ac36628fef7684bc08672b4c0678d32822a62f1b86b86ed9e5e19afa29f97220,cf2fef52687428f0eab74fc123ceb2a36cb6d0fc70d5442d221c955a4753ae2f,a0b23907336269b78a7cfd2eb7057232c7afcf87129f8a4c9d0f5e93faa0a5ef,d0bde0ec0552c341e5ead1b4598d63352fb999a1674433bd60a7c7c3d3287ac0,9c306d57a391d92a493f0b9590b5ec0d2af7679ab1dc1116abab6b6253017763,300
V0V,V0D,off_diagonal,inhibitory,9,9,0,0,9,-1.647513002,-8.881418392,6.70186961,5,0,4,9,0.02756715173,-4.949540148,6.2249945,4,0,5,9,-2.803758657,-7.195064129,4.439737743,5,0,4,9,-0.02756715173,-5.967204396,7.139219931,5,0,4,9,-0.3033579371,-6.354820041,15.14082644,5,0,4,9,0.1183873452,-2.76720121,5.287955437,3,0,6,9,-0.2106933828,-5.419232109,15.14082644,5,0,4,9,-0.07066362184,-4.988047674,3.608758366,6,0,3,9,9,9,9,9,9,9,9,descriptive design grid within one frozen realization; ranges are not uncertainty intervals,1,conditional on one frozen realization; no sampling inference,2026-08-26T18:12:43.884305+00:00,publication-outputs-1.0.0,0950b556111bec172d56ad34fe3569f251832a44e44c7eb43f636e6af321a5a1,ac36628fef7684bc08672b4c0678d32822a62f1b86b86ed9e5e19afa29f97220,cf2fef52687428f0eab74fc123ceb2a36cb6d0fc70d5442d221c955a4753ae2f,a0b23907336269b78a7cfd2eb7057232c7afcf87129f8a4c9d0f5e93faa0a5ef,d0bde0ec0552c341e5ead1b4598d63352fb999a1674433bd60a7c7c3d3287ac0,9c306d57a391d92a493f0b9590b5ec0d2af7679ab1dc1116abab6b6253017763,300
V0V,V0V,diagonal,none,9,9,0,0,9,-0.899911952,-10.97890082,26.60564056,5,0,4,9,-0.003996768116,-11.72681718,14.0899718,5,0,4,9,-0.899911952,-10.97890082,26.60564056,5,0,4,9,0.003996768116,-14.0899718,11.72681718,4,0,5,9,2.719629841,-13.59694535,11.90786009,4,0,5,9,-0.07402181101,-12.77463156,11.81795365,6,0,3,9,2.719629841,-13.59694535,11.90786009,4,0,5,9,0.07402181101,-11.81795365,12.77463156,3,0,6,,,,,,,,,descriptive design grid within one frozen realization; ranges are not uncertainty intervals,1,conditional on one frozen realization; no sampling inference,2026-08-26T18:12:43.884305+00:00,publication-outputs-1.0.0,0950b556111bec172d56ad34fe3569f251832a44e44c7eb43f636e6af321a5a1,ac36628fef7684bc08672b4c0678d32822a62f1b86b86ed9e5e19afa29f97220,cf2fef52687428f0eab74fc123ceb2a36cb6d0fc70d5442d221c955a4753ae2f,a0b23907336269b78a7cfd2eb7057232c7afcf87129f8a4c9d0f5e93faa0a5ef,d0bde0ec0552c341e5ead1b4598d63352fb999a1674433bd60a7c7c3d3287ac0,9c306d57a391d92a493f0b9590b5ec0d2af7679ab1dc1116abab6b6253017763,300
V0V,V0V,diagonal,excitatory,9,9,0,0,9,-1.558595088,-11.91467782,20.33337837,5,0,4,9,0,-11.71076518,8.781780944,4,1,4,9,-1.558595088,-11.91467782,20.33337837,5,0,4,9,0,-8.781780944,11.71076518,4,1,4,9,-5.557755074,-13.02027598,15.43150525,5,0,4,9,0.04881498003,-14.89459464,4.591250911,3,1,5,9,-5.557755074,-13.02027598,15.43150525,5,0,4,9,-0.04881498003,-4.591250911,14.89459464,5,1,3,9,9,9,9,9,9,9,9,descriptive design grid within one frozen realization; ranges are not uncertainty intervals,1,conditional on one frozen realization; no sampling inference,2026-08-26T18:12:43.884305+00:00,publication-outputs-1.0.0,0950b556111bec172d56ad34fe3569f251832a44e44c7eb43f636e6af321a5a1,ac36628fef7684bc08672b4c0678d32822a62f1b86b86ed9e5e19afa29f97220,cf2fef52687428f0eab74fc123ceb2a36cb6d0fc70d5442d221c955a4753ae2f,a0b23907336269b78a7cfd2eb7057232c7afcf87129f8a4c9d0f5e93faa0a5ef,d0bde0ec0552c341e5ead1b4598d63352fb999a1674433bd60a7c7c3d3287ac0,9c306d57a391d92a493f0b9590b5ec0d2af7679ab1dc1116abab6b6253017763,300
V0V,V0V,diagonal,inhibitory,9,9,0,0,9,-1.647513002,-8.881418392,6.70186961,5,0,4,9,0.05172836118,-3.688030454,7.0051361,3,0,6,9,-1.647513002,-8.881418392,6.70186961,5,0,4,9,-0.05172836118,-7.0051361,3.688030454,6,0,3,9,-0.3033579371,-6.354820041,15.14082644,5,0,4,9,-0.08994719801,-5.228123276,6.380009816,6,0,3,9,-0.3033579371,-6.354820041,15.14082644,5,0,4,9,0.08994719801,-6.380009816,5.228123276,3,0,6,9,9,9,9,9,9,9,9,descriptive design grid within one frozen realization; ranges are not uncertainty intervals,1,conditional on one frozen realization; no sampling inference,2026-08-26T18:12:43.884305+00:00,publication-outputs-1.0.0,0950b556111bec172d56ad34fe3569f251832a44e44c7eb43f636e6af321a5a1,ac36628fef7684bc08672b4c0678d32822a62f1b86b86ed9e5e19afa29f97220,cf2fef52687428f0eab74fc123ceb2a36cb6d0fc70d5442d221c955a4753ae2f,a0b23907336269b78a7cfd2eb7057232c7afcf87129f8a4c9d0f5e93faa0a5ef,d0bde0ec0552c341e5ead1b4598d63352fb999a1674433bd60a7c7c3d3287ac0,9c306d57a391d92a493f0b9590b5ec0d2af7679ab1dc1116abab6b6253017763,300
V0V,V2a,off_diagonal,none,9,9,0,0,9,-0.899911952,-10.97890082,26.60564056,5,0,4,9,-0.09024583231,-9.644689165,1.890867591,5,0,4,9,-0.899911952,-8.481031,5.631113769,5,0,4,9,0.09024583231,-22.86539438,12.14255898,4,0,5,9,2.719629841,-13.59694535,11.90786009,4,0,5,9,-0.2559473438,-8.367892515,2.120312378,5,0,4,9,3.884206476,-9.435403926,11.90786009,4,0,5,9,0.2559473438,-1.963489508,12.52943394,4,0,5,,,,,,,,,descriptive design grid within one frozen realization; ranges are not uncertainty intervals,1,conditional on one frozen realization; no sampling inference,2026-08-26T18:12:43.884305+00:00,publication-outputs-1.0.0,0950b556111bec172d56ad34fe3569f251832a44e44c7eb43f636e6af321a5a1,ac36628fef7684bc08672b4c0678d32822a62f1b86b86ed9e5e19afa29f97220,cf2fef52687428f0eab74fc123ceb2a36cb6d0fc70d5442d221c955a4753ae2f,a0b23907336269b78a7cfd2eb7057232c7afcf87129f8a4c9d0f5e93faa0a5ef,d0bde0ec0552c341e5ead1b4598d63352fb999a1674433bd60a7c7c3d3287ac0,9c306d57a391d92a493f0b9590b5ec0d2af7679ab1dc1116abab6b6253017763,300
V0V,V2a,off_diagonal,excitatory,9,9,0,0,9,-1.558595088,-11.91467782,20.33337837,5,0,4,9,0.9089382621,-5.665078828,21.73198266,3,0,6,9,0.2020284091,-14.0863475,20.23975601,4,0,5,9,-1.11747723,-21.77896268,12.53448332,6,0,3,9,-5.557755074,-13.02027598,15.43150525,5,0,4,9,-0.2902632994,-5.622391402,5.326276511,6,0,3,9,0.3206575644,-16.32005662,15.40592014,4,0,5,9,0.01934910432,-5.377762328,8.775577728,4,0,5,9,9,9,9,9,9,9,9,descriptive design grid within one frozen realization; ranges are not uncertainty intervals,1,conditional on one frozen realization; no sampling inference,2026-08-26T18:12:43.884305+00:00,publication-outputs-1.0.0,0950b556111bec172d56ad34fe3569f251832a44e44c7eb43f636e6af321a5a1,ac36628fef7684bc08672b4c0678d32822a62f1b86b86ed9e5e19afa29f97220,cf2fef52687428f0eab74fc123ceb2a36cb6d0fc70d5442d221c955a4753ae2f,a0b23907336269b78a7cfd2eb7057232c7afcf87129f8a4c9d0f5e93faa0a5ef,d0bde0ec0552c341e5ead1b4598d63352fb999a1674433bd60a7c7c3d3287ac0,9c306d57a391d92a493f0b9590b5ec0d2af7679ab1dc1116abab6b6253017763,300
V0V,V2a,off_diagonal,inhibitory,9,9,0,0,9,-1.647513002,-8.881418392,6.70186961,5,0,4,9,-1.143338442,-4.540148965,6.477691251,5,0,4,9,-1.889733635,-6.570487591,4.424340655,5,0,4,9,1.502272615,-10.59666847,11.0866509,4,0,5,9,-0.3033579371,-6.354820041,15.14082644,5,0,4,9,0.07422689279,-1.949120915,1.425321008,4,0,5,9,-0.2350924536,-5.632527783,15.14082644,6,0,3,9,0.06274610452,-6.13658748,4.655254879,4,0,5,9,9,9,9,9,9,9,9,descriptive design grid within one frozen realization; ranges are not uncertainty intervals,1,conditional on one frozen realization; no sampling inference,2026-08-26T18:12:43.884305+00:00,publication-outputs-1.0.0,0950b556111bec172d56ad34fe3569f251832a44e44c7eb43f636e6af321a5a1,ac36628fef7684bc08672b4c0678d32822a62f1b86b86ed9e5e19afa29f97220,cf2fef52687428f0eab74fc123ceb2a36cb6d0fc70d5442d221c955a4753ae2f,a0b23907336269b78a7cfd2eb7057232c7afcf87129f8a4c9d0f5e93faa0a5ef,d0bde0ec0552c341e5ead1b4598d63352fb999a1674433bd60a7c7c3d3287ac0,9c306d57a391d92a493f0b9590b5ec0d2af7679ab1dc1116abab6b6253017763,300
V0V,V3,off_diagonal,none,9,9,0,0,9,-0.899911952,-10.97890082,26.60564056,5,0,4,9,0,-5.683552172,5.507114803,2,4,3,9,-0.899911952,-12.34436305,12.56204457,5,0,4,9,0,-18.32603386,4.318089935,3,4,2,9,2.719629841,-13.59694535,11.90786009,4,0,5,9,0,-4.121713865,5.204434927,2,4,3,9,5.305417061,-14.23436153,11.90786009,4,0,5,9,0,-5.37756971,4.049024807,3,4,2,,,,,,,,,descriptive design grid within one frozen realization; ranges are not uncertainty intervals,1,conditional on one frozen realization; no sampling inference,2026-08-26T18:12:43.884305+00:00,publication-outputs-1.0.0,0950b556111bec172d56ad34fe3569f251832a44e44c7eb43f636e6af321a5a1,ac36628fef7684bc08672b4c0678d32822a62f1b86b86ed9e5e19afa29f97220,cf2fef52687428f0eab74fc123ceb2a36cb6d0fc70d5442d221c955a4753ae2f,a0b23907336269b78a7cfd2eb7057232c7afcf87129f8a4c9d0f5e93faa0a5ef,d0bde0ec0552c341e5ead1b4598d63352fb999a1674433bd60a7c7c3d3287ac0,9c306d57a391d92a493f0b9590b5ec0d2af7679ab1dc1116abab6b6253017763,300
V0V,V3,off_diagonal,excitatory,9,9,0,0,9,-1.558595088,-11.91467782,20.33337837,5,0,4,9,0.0001278292883,-0.5483558344,3.781604423,2,2,5,9,-0.8345907857,-12.81237932,20.2543767,5,0,4,9,-0.02886432663,-2.705932852,1.354684759,6,2,1,9,-5.557755074,-13.02027598,15.43150525,5,0,4,9,0,-0.6034253864,4.628985039,4,2,3,9,-5.846227639,-13.47753933,15.38058587,5,0,4,9,0,-4.917457605,1.089149698,3,2,4,9,9,9,9,9,9,9,9,descriptive design grid within one frozen realization; ranges are not uncertainty intervals,1,conditional on one frozen realization; no sampling inference,2026-08-26T18:12:43.884305+00:00,publication-outputs-1.0.0,0950b556111bec172d56ad34fe3569f251832a44e44c7eb43f636e6af321a5a1,ac36628fef7684bc08672b4c0678d32822a62f1b86b86ed9e5e19afa29f97220,cf2fef52687428f0eab74fc123ceb2a36cb6d0fc70d5442d221c955a4753ae2f,a0b23907336269b78a7cfd2eb7057232c7afcf87129f8a4c9d0f5e93faa0a5ef,d0bde0ec0552c341e5ead1b4598d63352fb999a1674433bd60a7c7c3d3287ac0,9c306d57a391d92a493f0b9590b5ec0d2af7679ab1dc1116abab6b6253017763,300
V0V,V3,off_diagonal,inhibitory,9,9,0,0,9,-1.647513002,-8.881418392,6.70186961,5,0,4,9,0.009495716273,-0.9981802217,1.617788149,2,2,5,9,-1.74902284,-7.453654791,7.539299335,5,0,4,9,-0.01306356648,-1.719297987,2.425943823,6,1,2,9,-0.3033579371,-6.354820041,15.14082644,5,0,4,9,0,-1.465663406,0.6712800417,3,3,3,9,-0.3033579371,-6.1155314,15.16393744,5,0,4,9,8.881784197e-16,-0.8789059622,1.704952047,3,2,4,9,9,9,9,9,9,9,9,descriptive design grid within one frozen realization; ranges are not uncertainty intervals,1,conditional on one frozen realization; no sampling inference,2026-08-26T18:12:43.884305+00:00,publication-outputs-1.0.0,0950b556111bec172d56ad34fe3569f251832a44e44c7eb43f636e6af321a5a1,ac36628fef7684bc08672b4c0678d32822a62f1b86b86ed9e5e19afa29f97220,cf2fef52687428f0eab74fc123ceb2a36cb6d0fc70d5442d221c955a4753ae2f,a0b23907336269b78a7cfd2eb7057232c7afcf87129f8a4c9d0f5e93faa0a5ef,d0bde0ec0552c341e5ead1b4598d63352fb999a1674433bd60a7c7c3d3287ac0,9c306d57a391d92a493f0b9590b5ec0d2af7679ab1dc1116abab6b6253017763,300
V0V,V1Ia,off_diagonal,none,9,9,0,0,9,-0.899911952,-10.97890082,26.60564056,5,0,4,9,-0.1269727105,-0.9610000183,3.336709977,5,0,4,9,-0.899911952,-8.263776121,23.24900839,5,0,4,9,0.2264485719,-3.229659456,2.548649181,4,0,5,9,2.719629841,-13.59694535,11.90786009,4,0,5,9,0.02036111692,-4.323843525,6.809697092,4,0,5,9,5.25313362,-9.186018471,11.91929327,4,0,5,9,-0.1819579452,-7.035115316,8.734770402,5,0,4,,,,,,,,,descriptive design grid within one frozen realization; ranges are not uncertainty intervals,1,conditional on one frozen realization; no sampling inference,2026-08-26T18:12:43.884305+00:00,publication-outputs-1.0.0,0950b556111bec172d56ad34fe3569f251832a44e44c7eb43f636e6af321a5a1,ac36628fef7684bc08672b4c0678d32822a62f1b86b86ed9e5e19afa29f97220,cf2fef52687428f0eab74fc123ceb2a36cb6d0fc70d5442d221c955a4753ae2f,a0b23907336269b78a7cfd2eb7057232c7afcf87129f8a4c9d0f5e93faa0a5ef,d0bde0ec0552c341e5ead1b4598d63352fb999a1674433bd60a7c7c3d3287ac0,9c306d57a391d92a493f0b9590b5ec0d2af7679ab1dc1116abab6b6253017763,300
V0V,V1Ia,off_diagonal,excitatory,9,9,0,0,9,-1.558595088,-11.91467782,20.33337837,5,0,4,9,0.1425756599,-17.16208498,20.40886289,4,0,5,9,0.2845371104,-12.29135536,25.34555713,4,0,5,9,0.8075726153,-15.16201121,17.16975667,4,0,5,9,-5.557755074,-13.02027598,15.43150525,5,0,4,9,0.6024481381,-12.79642834,9.150176688,3,0,6,9,-1.520002317,-17.20516446,15.38095804,6,0,3,9,-1.307168147,-7.848950125,12.81726857,7,0,2,9,9,9,9,9,9,9,9,descriptive design grid within one frozen realization; ranges are not uncertainty intervals,1,conditional on one frozen realization; no sampling inference,2026-08-26T18:12:43.884305+00:00,publication-outputs-1.0.0,0950b556111bec172d56ad34fe3569f251832a44e44c7eb43f636e6af321a5a1,ac36628fef7684bc08672b4c0678d32822a62f1b86b86ed9e5e19afa29f97220,cf2fef52687428f0eab74fc123ceb2a36cb6d0fc70d5442d221c955a4753ae2f,a0b23907336269b78a7cfd2eb7057232c7afcf87129f8a4c9d0f5e93faa0a5ef,d0bde0ec0552c341e5ead1b4598d63352fb999a1674433bd60a7c7c3d3287ac0,9c306d57a391d92a493f0b9590b5ec0d2af7679ab1dc1116abab6b6253017763,300
V0V,V1Ia,off_diagonal,inhibitory,9,9,0,0,9,-1.647513002,-8.881418392,6.70186961,5,0,4,9,0.02756715173,-4.345708136,11.26774037,4,0,5,9,0.11217297,-7.922449706,4.365051942,4,0,5,9,0.7058909284,-17.25963386,6.105394108,4,0,5,9,-0.3033579371,-6.354820041,15.14082644,5,0,4,9,-0.1943476615,-7.71173631,9.725145447,6,0,3,9,0.07306136392,-6.317486871,15.11709539,4,0,5,9,0.2683462485,-14.06651682,11.64640582,3,0,6,9,9,9,9,9,9,9,9,descriptive design grid within one frozen realization; ranges are not uncertainty intervals,1,conditional on one frozen realization; no sampling inference,2026-08-26T18:12:43.884305+00:00,publication-outputs-1.0.0,0950b556111bec172d56ad34fe3569f251832a44e44c7eb43f636e6af321a5a1,ac36628fef7684bc08672b4c0678d32822a62f1b86b86ed9e5e19afa29f97220,cf2fef52687428f0eab74fc123ceb2a36cb6d0fc70d5442d221c955a4753ae2f,a0b23907336269b78a7cfd2eb7057232c7afcf87129f8a4c9d0f5e93faa0a5ef,d0bde0ec0552c341e5ead1b4598d63352fb999a1674433bd60a7c7c3d3287ac0,9c306d57a391d92a493f0b9590b5ec0d2af7679ab1dc1116abab6b6253017763,300
V0V,V1Ren,off_diagonal,none,9,9,0,0,9,-0.899911952,-10.97890082,26.60564056,5,0,4,9,-0.02753812834,-7.561792011,12.55299006,6,0,3,9,-0.8749396989,-8.172766848,32.38642382,5,0,4,9,0.04681079648,-25.25552614,14.896466,2,0,7,9,2.719629841,-13.59694535,11.90786009,4,0,5,9,0.02301321728,-9.690937504,10.22343828,4,0,5,9,0.3288788213,-9.145904672,11.90786009,4,0,5,9,-0.06798314611,-11.96542298,14.14197818,6,0,3,,,,,,,,,descriptive design grid within one frozen realization; ranges are not uncertainty intervals,1,conditional on one frozen realization; no sampling inference,2026-08-26T18:12:43.884305+00:00,publication-outputs-1.0.0,0950b556111bec172d56ad34fe3569f251832a44e44c7eb43f636e6af321a5a1,ac36628fef7684bc08672b4c0678d32822a62f1b86b86ed9e5e19afa29f97220,cf2fef52687428f0eab74fc123ceb2a36cb6d0fc70d5442d221c955a4753ae2f,a0b23907336269b78a7cfd2eb7057232c7afcf87129f8a4c9d0f5e93faa0a5ef,d0bde0ec0552c341e5ead1b4598d63352fb999a1674433bd60a7c7c3d3287ac0,9c306d57a391d92a493f0b9590b5ec0d2af7679ab1dc1116abab6b6253017763,300
V0V,V1Ren,off_diagonal,excitatory,9,9,0,0,9,-1.558595088,-11.91467782,20.33337837,5,0,4,9,0.07314067603,-16.23006162,10.26295498,4,0,5,9,0.9994432115,-3.821351624,20.23206106,3,0,6,9,-0.07457298454,-4.213010705,16.37860247,5,0,4,9,-5.557755074,-13.02027598,15.43150525,5,0,4,9,0.1093937287,-14.67401801,10.386384,3,0,6,9,0.8013023058,-13.99738427,15.43272197,4,0,5,9,-0.0381376566,-4.336965862,17.39053614,5,0,4,9,9,9,9,9,9,9,9,descriptive design grid within one frozen realization; ranges are not uncertainty intervals,1,conditional on one frozen realization; no sampling inference,2026-08-26T18:12:43.884305+00:00,publication-outputs-1.0.0,0950b556111bec172d56ad34fe3569f251832a44e44c7eb43f636e6af321a5a1,ac36628fef7684bc08672b4c0678d32822a62f1b86b86ed9e5e19afa29f97220,cf2fef52687428f0eab74fc123ceb2a36cb6d0fc70d5442d221c955a4753ae2f,a0b23907336269b78a7cfd2eb7057232c7afcf87129f8a4c9d0f5e93faa0a5ef,d0bde0ec0552c341e5ead1b4598d63352fb999a1674433bd60a7c7c3d3287ac0,9c306d57a391d92a493f0b9590b5ec0d2af7679ab1dc1116abab6b6253017763,300
V0V,V1Ren,off_diagonal,inhibitory,9,9,0,0,9,-1.647513002,-8.881418392,6.70186961,5,0,4,9,0.2900652225,-2.722190418,16.09535807,2,0,7,9,1.468581358,-7.090472311,4.439737743,4,0,5,9,-0.189158655,-12.97926371,2.794717734,7,0,2,9,-0.3033579371,-6.354820041,15.14082644,5,0,4,9,0.08105321366,-0.7610828082,12.43443248,3,0,6,9,-0.2106933828,-7.738185697,15.16315387,5,0,4,9,-0.08105321366,-10.29896463,0.7179773954,5,0,4,9,9,9,9,9,9,9,9,descriptive design grid within one frozen realization; ranges are not uncertainty intervals,1,conditional on one frozen realization; no sampling inference,2026-08-26T18:12:43.884305+00:00,publication-outputs-1.0.0,0950b556111bec172d56ad34fe3569f251832a44e44c7eb43f636e6af321a5a1,ac36628fef7684bc08672b4c0678d32822a62f1b86b86ed9e5e19afa29f97220,cf2fef52687428f0eab74fc123ceb2a36cb6d0fc70d5442d221c955a4753ae2f,a0b23907336269b78a7cfd2eb7057232c7afcf87129f8a4c9d0f5e93faa0a5ef,d0bde0ec0552c341e5ead1b4598d63352fb999a1674433bd60a7c7c3d3287ac0,9c306d57a391d92a493f0b9590b5ec0d2af7679ab1dc1116abab6b6253017763,300
V0V,V2b,off_diagonal,none,9,9,0,0,9,-0.899911952,-10.97890082,26.60564056,5,0,4,9,-0.03534609033,-14.02139068,15.09542504,5,0,4,9,2.590408493,-8.172089321,19.9060704,4,0,5,9,0.1304727605,-24.76232298,27.59069999,4,0,5,9,2.719629841,-13.59694535,11.90786009,4,0,5,9,0.03998574811,-15.67145664,17.60657418,3,0,6,9,3.276990992,-1.237744135,11.94338965,4,0,5,9,-0.02018082604,-19.80813503,28.39040876,5,0,4,,,,,,,,,descriptive design grid within one frozen realization; ranges are not uncertainty intervals,1,conditional on one frozen realization; no sampling inference,2026-08-26T18:12:43.884305+00:00,publication-outputs-1.0.0,0950b556111bec172d56ad34fe3569f251832a44e44c7eb43f636e6af321a5a1,ac36628fef7684bc08672b4c0678d32822a62f1b86b86ed9e5e19afa29f97220,cf2fef52687428f0eab74fc123ceb2a36cb6d0fc70d5442d221c955a4753ae2f,a0b23907336269b78a7cfd2eb7057232c7afcf87129f8a4c9d0f5e93faa0a5ef,d0bde0ec0552c341e5ead1b4598d63352fb999a1674433bd60a7c7c3d3287ac0,9c306d57a391d92a493f0b9590b5ec0d2af7679ab1dc1116abab6b6253017763,300
V0V,V2b,off_diagonal,excitatory,9,9,0,0,9,-1.558595088,-11.91467782,20.33337837,5,0,4,9,-0.4273063956,-12.61107269,3.636603236,6,0,3,9,-1.407861449,-16.2460656,19.99956869,5,0,4,9,0.5084045893,-18.24174913,13.19510187,3,0,6,9,-5.557755074,-13.02027598,15.43150525,5,0,4,9,-2.69033523,-15.12517784,1.768887336,7,0,2,9,-0.3585408683,-22.29666374,15.14827004,5,0,4,9,0.4237738222,-7.37597375,14.11780176,3,0,6,9,9,9,9,9,9,9,9,descriptive design grid within one frozen realization; ranges are not uncertainty intervals,1,conditional on one frozen realization; no sampling inference,2026-08-26T18:12:43.884305+00:00,publication-outputs-1.0.0,0950b556111bec172d56ad34fe3569f251832a44e44c7eb43f636e6af321a5a1,ac36628fef7684bc08672b4c0678d32822a62f1b86b86ed9e5e19afa29f97220,cf2fef52687428f0eab74fc123ceb2a36cb6d0fc70d5442d221c955a4753ae2f,a0b23907336269b78a7cfd2eb7057232c7afcf87129f8a4c9d0f5e93faa0a5ef,d0bde0ec0552c341e5ead1b4598d63352fb999a1674433bd60a7c7c3d3287ac0,9c306d57a391d92a493f0b9590b5ec0d2af7679ab1dc1116abab6b6253017763,300
V0V,V2b,off_diagonal,inhibitory,9,9,0,0,9,-1.647513002,-8.881418392,6.70186961,5,0,4,9,0.017952521,-8.355669056,6.922179222,4,0,5,9,0.3999306912,-6.705973246,4.08669119,4,0,5,9,-0.1059712133,-12.84724678,10.40311275,6,0,3,9,-0.3033579371,-6.354820041,15.14082644,5,0,4,9,0.1264301617,-6.815456325,5.838837771,3,0,6,9,-0.2537969886,-6.75688014,15.11709539,6,0,3,9,-0.1871640899,-10.59985111,10.80785283,6,0,3,9,9,9,9,9,9,9,9,descriptive design grid within one frozen realization; ranges are not uncertainty intervals,1,conditional on one frozen realization; no sampling inference,2026-08-26T18:12:43.884305+00:00,publication-outputs-1.0.0,0950b556111bec172d56ad34fe3569f251832a44e44c7eb43f636e6af321a5a1,ac36628fef7684bc08672b4c0678d32822a62f1b86b86ed9e5e19afa29f97220,cf2fef52687428f0eab74fc123ceb2a36cb6d0fc70d5442d221c955a4753ae2f,a0b23907336269b78a7cfd2eb7057232c7afcf87129f8a4c9d0f5e93faa0a5ef,d0bde0ec0552c341e5ead1b4598d63352fb999a1674433bd60a7c7c3d3287ac0,9c306d57a391d92a493f0b9590b5ec0d2af7679ab1dc1116abab6b6253017763,300
V2a,RG,off_diagonal,none,9,9,0,0,9,-0.6747481065,-8.571437121,18.93935156,6,0,3,9,0.1001917426,-5.109835655,1.150952189,4,0,5,9,-0.8958736617,-13.57872122,8.36578652,6,0,3,9,-0.2259010108,-12.64978927,5.141906282,6,0,3,9,2.99164256,-5.501785833,8.376200714,4,0,5,9,0.1422541386,-5.182846303,0.9445109457,3,0,6,9,3.608100669,-14.95215967,8.891891002,4,0,5,9,-0.04689887644,-4.267527533,4.955737496,5,0,4,,,,,,,,,descriptive design grid within one frozen realization; ranges are not uncertainty intervals,1,conditional on one frozen realization; no sampling inference,2026-08-26T18:12:43.884305+00:00,publication-outputs-1.0.0,0950b556111bec172d56ad34fe3569f251832a44e44c7eb43f636e6af321a5a1,ac36628fef7684bc08672b4c0678d32822a62f1b86b86ed9e5e19afa29f97220,cf2fef52687428f0eab74fc123ceb2a36cb6d0fc70d5442d221c955a4753ae2f,a0b23907336269b78a7cfd2eb7057232c7afcf87129f8a4c9d0f5e93faa0a5ef,d0bde0ec0552c341e5ead1b4598d63352fb999a1674433bd60a7c7c3d3287ac0,9c306d57a391d92a493f0b9590b5ec0d2af7679ab1dc1116abab6b6253017763,300
V2a,RG,off_diagonal,excitatory,9,9,0,0,9,0.8224639481,-12.2887231,25.75390495,3,0,6,9,0.1303040684,-17.37539699,22.51025205,4,0,5,9,0.1756877722,-19.19197825,25.41951128,4,0,5,9,-3.712419022,-29.8348781,17.10451939,6,0,3,9,-2.769077305,-18.90607805,10.60258368,6,0,3,9,-0.2203954482,-11.91543775,27.31094382,5,0,4,9,-2.748972891,-22.11573703,10.95939757,6,0,3,9,-0.1829780212,-27.21727631,11.57105262,5,0,4,9,9,9,9,9,9,9,9,descriptive design grid within one frozen realization; ranges are not uncertainty intervals,1,conditional on one frozen realization; no sampling inference,2026-08-26T18:12:43.884305+00:00,publication-outputs-1.0.0,0950b556111bec172d56ad34fe3569f251832a44e44c7eb43f636e6af321a5a1,ac36628fef7684bc08672b4c0678d32822a62f1b86b86ed9e5e19afa29f97220,cf2fef52687428f0eab74fc123ceb2a36cb6d0fc70d5442d221c955a4753ae2f,a0b23907336269b78a7cfd2eb7057232c7afcf87129f8a4c9d0f5e93faa0a5ef,d0bde0ec0552c341e5ead1b4598d63352fb999a1674433bd60a7c7c3d3287ac0,9c306d57a391d92a493f0b9590b5ec0d2af7679ab1dc1116abab6b6253017763,300
V2a,RG,off_diagonal,inhibitory,9,9,0,0,9,1.782832228,-6.966699312,6.505311067,4,0,5,9,-0.3525882725,-5.879007006,2.330552888,5,0,4,9,-4.96321995,-8.322066905,3.824688756,5,0,4,9,-0.1963087344,-7.695670276,4.134801762,5,0,4,9,0.03401599153,-4.986546716,11.50816646,4,0,5,9,0.03846927553,-4.383657952,0.545177358,3,0,6,9,0.07887075473,-6.74889046,11.56276794,3,0,6,9,0.009536000481,-5.200605205,2.621314207,4,0,5,9,9,9,9,9,9,9,9,descriptive design grid within one frozen realization; ranges are not uncertainty intervals,1,conditional on one frozen realization; no sampling inference,2026-08-26T18:12:43.884305+00:00,publication-outputs-1.0.0,0950b556111bec172d56ad34fe3569f251832a44e44c7eb43f636e6af321a5a1,ac36628fef7684bc08672b4c0678d32822a62f1b86b86ed9e5e19afa29f97220,cf2fef52687428f0eab74fc123ceb2a36cb6d0fc70d5442d221c955a4753ae2f,a0b23907336269b78a7cfd2eb7057232c7afcf87129f8a4c9d0f5e93faa0a5ef,d0bde0ec0552c341e5ead1b4598d63352fb999a1674433bd60a7c7c3d3287ac0,9c306d57a391d92a493f0b9590b5ec0d2af7679ab1dc1116abab6b6253017763,300
V2a,PF,off_diagonal,none,9,9,0,0,9,-0.6747481065,-8.571437121,18.93935156,6,0,3,9,0.03039713982,-10.82724485,5.29148442,4,0,5,9,-0.6632207745,-8.627474396,16.05857926,6,0,3,9,-0.4913863756,-7.325882282,9.952141716,7,0,2,9,2.99164256,-5.501785833,8.376200714,4,0,5,9,-0.3726475631,-14.0961597,7.347511887,8,0,1,9,2.499310532,-9.197017106,8.57149514,4,0,5,9,0.4598650092,-7.839843915,10.40092842,1,0,8,,,,,,,,,descriptive design grid within one frozen realization; ranges are not uncertainty intervals,1,conditional on one frozen realization; no sampling inference,2026-08-26T18:12:43.884305+00:00,publication-outputs-1.0.0,0950b556111bec172d56ad34fe3569f251832a44e44c7eb43f636e6af321a5a1,ac36628fef7684bc08672b4c0678d32822a62f1b86b86ed9e5e19afa29f97220,cf2fef52687428f0eab74fc123ceb2a36cb6d0fc70d5442d221c955a4753ae2f,a0b23907336269b78a7cfd2eb7057232c7afcf87129f8a4c9d0f5e93faa0a5ef,d0bde0ec0552c341e5ead1b4598d63352fb999a1674433bd60a7c7c3d3287ac0,9c306d57a391d92a493f0b9590b5ec0d2af7679ab1dc1116abab6b6253017763,300
V2a,PF,off_diagonal,excitatory,9,9,0,0,9,0.8224639481,-12.2887231,25.75390495,3,0,6,9,0.1445608819,-16.85700968,5.35105073,3,0,6,9,0.09862085606,-13.2145534,25.61148408,4,0,5,9,-1.456339107,-10.7517573,16.85700968,7,0,2,9,-2.769077305,-18.90607805,10.60258368,6,0,3,9,0.02364516252,-14.280437,5.85211782,4,0,5,9,-3.526154286,-18.18045308,10.92383984,6,0,3,9,-0.05203803296,-6.535631713,12.59173608,6,0,3,9,9,9,9,9,9,9,9,descriptive design grid within one frozen realization; ranges are not uncertainty intervals,1,conditional on one frozen realization; no sampling inference,2026-08-26T18:12:43.884305+00:00,publication-outputs-1.0.0,0950b556111bec172d56ad34fe3569f251832a44e44c7eb43f636e6af321a5a1,ac36628fef7684bc08672b4c0678d32822a62f1b86b86ed9e5e19afa29f97220,cf2fef52687428f0eab74fc123ceb2a36cb6d0fc70d5442d221c955a4753ae2f,a0b23907336269b78a7cfd2eb7057232c7afcf87129f8a4c9d0f5e93faa0a5ef,d0bde0ec0552c341e5ead1b4598d63352fb999a1674433bd60a7c7c3d3287ac0,9c306d57a391d92a493f0b9590b5ec0d2af7679ab1dc1116abab6b6253017763,300
V2a,PF,off_diagonal,inhibitory,9,9,0,0,9,1.782832228,-6.966699312,6.505311067,4,0,5,9,-1.420871879,-5.577497408,2.74119681,5,0,4,9,1.734121422,-6.920067187,14.05336475,4,0,5,9,1.531154004,-0.4100072657,5.901562116,3,0,6,9,0.03401599153,-4.986546716,11.50816646,4,0,5,9,-0.01054312042,-5.838100381,1.099181112,5,0,4,9,0.03401599153,-5.367324357,11.50816646,4,0,5,9,0.01054312042,-0.4643979605,6.020929797,4,0,5,9,9,9,9,9,9,9,9,descriptive design grid within one frozen realization; ranges are not uncertainty intervals,1,conditional on one frozen realization; no sampling inference,2026-08-26T18:12:43.884305+00:00,publication-outputs-1.0.0,0950b556111bec172d56ad34fe3569f251832a44e44c7eb43f636e6af321a5a1,ac36628fef7684bc08672b4c0678d32822a62f1b86b86ed9e5e19afa29f97220,cf2fef52687428f0eab74fc123ceb2a36cb6d0fc70d5442d221c955a4753ae2f,a0b23907336269b78a7cfd2eb7057232c7afcf87129f8a4c9d0f5e93faa0a5ef,d0bde0ec0552c341e5ead1b4598d63352fb999a1674433bd60a7c7c3d3287ac0,9c306d57a391d92a493f0b9590b5ec0d2af7679ab1dc1116abab6b6253017763,300
V2a,MN,off_diagonal,none,9,9,0,0,9,-0.6747481065,-8.571437121,18.93935156,6,0,3,9,-0.1301498489,-13.12044858,11.18795089,5,0,4,9,-0.6380723288,-11.24058957,26.89250656,6,0,3,9,0.2143792488,-3.2347959,6.149059613,3,0,6,9,2.99164256,-5.501785833,8.376200714,4,0,5,9,-0.1424882411,-14.63500264,8.048894925,5,0,4,9,7.179527465,-13.16145659,15.21612635,4,0,5,9,0.1424882411,-1.208969293,6.975331878,3,0,6,,,,,,,,,descriptive design grid within one frozen realization; ranges are not uncertainty intervals,1,conditional on one frozen realization; no sampling inference,2026-08-26T18:12:43.884305+00:00,publication-outputs-1.0.0,0950b556111bec172d56ad34fe3569f251832a44e44c7eb43f636e6af321a5a1,ac36628fef7684bc08672b4c0678d32822a62f1b86b86ed9e5e19afa29f97220,cf2fef52687428f0eab74fc123ceb2a36cb6d0fc70d5442d221c955a4753ae2f,a0b23907336269b78a7cfd2eb7057232c7afcf87129f8a4c9d0f5e93faa0a5ef,d0bde0ec0552c341e5ead1b4598d63352fb999a1674433bd60a7c7c3d3287ac0,9c306d57a391d92a493f0b9590b5ec0d2af7679ab1dc1116abab6b6253017763,300
V2a,MN,off_diagonal,excitatory,9,9,0,0,9,0.8224639481,-12.2887231,25.75390495,3,0,6,9,0.1554482056,-13.29057422,5.662073151,3,0,6,9,0.8230873302,-14.19636649,25.65913533,3,0,6,9,-0.3667077811,-26.38314262,13.29057422,7,0,2,9,-2.769077305,-18.90607805,10.60258368,6,0,3,9,0.1418366257,-8.091418611,11.16366843,3,0,6,9,-3.534301916,-18.30377603,10.88646251,6,0,3,9,-0.1804491679,-11.85532995,8.091418611,6,0,3,9,9,9,9,9,9,9,9,descriptive design grid within one frozen realization; ranges are not uncertainty intervals,1,conditional on one frozen realization; no sampling inference,2026-08-26T18:12:43.884305+00:00,publication-outputs-1.0.0,0950b556111bec172d56ad34fe3569f251832a44e44c7eb43f636e6af321a5a1,ac36628fef7684bc08672b4c0678d32822a62f1b86b86ed9e5e19afa29f97220,cf2fef52687428f0eab74fc123ceb2a36cb6d0fc70d5442d221c955a4753ae2f,a0b23907336269b78a7cfd2eb7057232c7afcf87129f8a4c9d0f5e93faa0a5ef,d0bde0ec0552c341e5ead1b4598d63352fb999a1674433bd60a7c7c3d3287ac0,9c306d57a391d92a493f0b9590b5ec0d2af7679ab1dc1116abab6b6253017763,300
V2a,MN,off_diagonal,inhibitory,9,9,0,0,9,1.782832228,-6.966699312,6.505311067,4,0,5,9,-0.02585095362,-7.212839255,14.37606313,5,0,4,9,-1.977303113,-6.966699312,4.0005,5,0,4,9,0.02585095362,-17.79827127,11.8133978,4,0,5,9,0.03401599153,-4.986546716,11.50816646,4,0,5,9,0.0119287897,-6.923700649,10.98219517,4,0,5,9,0.03401599153,-6.497408712,11.57799096,4,0,5,9,-0.0119287897,-14.96367942,9.227992729,5,0,4,9,9,9,9,9,9,9,9,descriptive design grid within one frozen realization; ranges are not uncertainty intervals,1,conditional on one frozen realization; no sampling inference,2026-08-26T18:12:43.884305+00:00,publication-outputs-1.0.0,0950b556111bec172d56ad34fe3569f251832a44e44c7eb43f636e6af321a5a1,ac36628fef7684bc08672b4c0678d32822a62f1b86b86ed9e5e19afa29f97220,cf2fef52687428f0eab74fc123ceb2a36cb6d0fc70d5442d221c955a4753ae2f,a0b23907336269b78a7cfd2eb7057232c7afcf87129f8a4c9d0f5e93faa0a5ef,d0bde0ec0552c341e5ead1b4598d63352fb999a1674433bd60a7c7c3d3287ac0,9c306d57a391d92a493f0b9590b5ec0d2af7679ab1dc1116abab6b6253017763,300
V2a,V0D,off_diagonal,none,9,9,0,0,9,-0.6747481065,-8.571437121,18.93935156,6,0,3,9,-0.3163063316,-1.86486278,2.716080324,5,0,4,9,-0.8224058969,-12.37148357,21.01274548,6,0,3,9,0.3047789997,-10.81836328,4.168551802,2,0,7,9,2.99164256,-5.501785833,8.376200714,4,0,5,9,0.05915773152,-2.425927127,1.184054278,4,0,5,9,6.355777091,-13.03107874,7.559710841,4,0,5,9,-0.1143156581,-5.103365781,2.180080253,6,0,3,,,,,,,,,descriptive design grid within one frozen realization; ranges are not uncertainty intervals,1,conditional on one frozen realization; no sampling inference,2026-08-26T18:12:43.884305+00:00,publication-outputs-1.0.0,0950b556111bec172d56ad34fe3569f251832a44e44c7eb43f636e6af321a5a1,ac36628fef7684bc08672b4c0678d32822a62f1b86b86ed9e5e19afa29f97220,cf2fef52687428f0eab74fc123ceb2a36cb6d0fc70d5442d221c955a4753ae2f,a0b23907336269b78a7cfd2eb7057232c7afcf87129f8a4c9d0f5e93faa0a5ef,d0bde0ec0552c341e5ead1b4598d63352fb999a1674433bd60a7c7c3d3287ac0,9c306d57a391d92a493f0b9590b5ec0d2af7679ab1dc1116abab6b6253017763,300
V2a,V0D,off_diagonal,excitatory,9,9,0,0,9,0.8224639481,-12.2887231,25.75390495,3,0,6,9,-0.8931558241,-8.304737349,1.925695312,5,0,4,9,0.1062773801,-12.62266145,25.65913533,4,0,5,9,-0.05834470093,-16.96043903,10.4476276,5,0,4,9,-2.769077305,-18.90607805,10.60258368,6,0,3,9,-0.08614679914,-13.93033481,2.435247222,6,0,3,9,-2.517620787,-20.82097412,10.59882166,6,0,3,9,0.08238477173,-2.110227615,5.775997308,4,0,5,9,9,9,9,9,9,9,9,descriptive design grid within one frozen realization; ranges are not uncertainty intervals,1,conditional on one frozen realization; no sampling inference,2026-08-26T18:12:43.884305+00:00,publication-outputs-1.0.0,0950b556111bec172d56ad34fe3569f251832a44e44c7eb43f636e6af321a5a1,ac36628fef7684bc08672b4c0678d32822a62f1b86b86ed9e5e19afa29f97220,cf2fef52687428f0eab74fc123ceb2a36cb6d0fc70d5442d221c955a4753ae2f,a0b23907336269b78a7cfd2eb7057232c7afcf87129f8a4c9d0f5e93faa0a5ef,d0bde0ec0552c341e5ead1b4598d63352fb999a1674433bd60a7c7c3d3287ac0,9c306d57a391d92a493f0b9590b5ec0d2af7679ab1dc1116abab6b6253017763,300
V2a,V0D,off_diagonal,inhibitory,9,9,0,0,9,1.782832228,-6.966699312,6.505311067,4,0,5,9,0.02756715173,-4.949540148,6.2249945,4,0,5,9,-2.172538164,-9.206340957,3.999594961,5,0,4,9,-0.1168490334,-6.347442207,1.294857434,6,0,3,9,0.03401599153,-4.986546716,11.50816646,4,0,5,9,0.1183873452,-2.76720121,5.287955437,3,0,6,9,-0.1474969433,-7.266541999,11.57332497,5,0,4,9,-0.712882073,-5.710178366,0.06727155991,8,0,1,9,9,9,9,9,9,9,9,descriptive design grid within one frozen realization; ranges are not uncertainty intervals,1,conditional on one frozen realization; no sampling inference,2026-08-26T18:12:43.884305+00:00,publication-outputs-1.0.0,0950b556111bec172d56ad34fe3569f251832a44e44c7eb43f636e6af321a5a1,ac36628fef7684bc08672b4c0678d32822a62f1b86b86ed9e5e19afa29f97220,cf2fef52687428f0eab74fc123ceb2a36cb6d0fc70d5442d221c955a4753ae2f,a0b23907336269b78a7cfd2eb7057232c7afcf87129f8a4c9d0f5e93faa0a5ef,d0bde0ec0552c341e5ead1b4598d63352fb999a1674433bd60a7c7c3d3287ac0,9c306d57a391d92a493f0b9590b5ec0d2af7679ab1dc1116abab6b6253017763,300
V2a,V0V,off_diagonal,none,9,9,0,0,9,-0.6747481065,-8.571437121,18.93935156,6,0,3,9,-0.003996768116,-11.72681718,14.0899718,5,0,4,9,-0.6747481065,-8.571437121,18.93935156,6,0,3,9,0.003996768116,-14.0899718,11.72681718,4,0,5,9,2.99164256,-5.501785833,8.376200714,4,0,5,9,-0.07402181101,-12.77463156,11.81795365,6,0,3,9,2.99164256,-5.501785833,8.376200714,4,0,5,9,0.07402181101,-11.81795365,12.77463156,3,0,6,,,,,,,,,descriptive design grid within one frozen realization; ranges are not uncertainty intervals,1,conditional on one frozen realization; no sampling inference,2026-08-26T18:12:43.884305+00:00,publication-outputs-1.0.0,0950b556111bec172d56ad34fe3569f251832a44e44c7eb43f636e6af321a5a1,ac36628fef7684bc08672b4c0678d32822a62f1b86b86ed9e5e19afa29f97220,cf2fef52687428f0eab74fc123ceb2a36cb6d0fc70d5442d221c955a4753ae2f,a0b23907336269b78a7cfd2eb7057232c7afcf87129f8a4c9d0f5e93faa0a5ef,d0bde0ec0552c341e5ead1b4598d63352fb999a1674433bd60a7c7c3d3287ac0,9c306d57a391d92a493f0b9590b5ec0d2af7679ab1dc1116abab6b6253017763,300
V2a,V0V,off_diagonal,excitatory,9,9,0,0,9,0.8224639481,-12.2887231,25.75390495,3,0,6,9,0,-11.71076518,8.781780944,4,1,4,9,0.8224639481,-12.2887231,25.75390495,3,0,6,9,0,-8.781780944,11.71076518,4,1,4,9,-2.769077305,-18.90607805,10.60258368,6,0,3,9,0.04881498003,-14.89459464,4.591250911,3,1,5,9,-2.769077305,-18.90607805,10.60258368,6,0,3,9,-0.04881498003,-4.591250911,14.89459464,5,1,3,9,9,9,9,9,9,9,9,descriptive design grid within one frozen realization; ranges are not uncertainty intervals,1,conditional on one frozen realization; no sampling inference,2026-08-26T18:12:43.884305+00:00,publication-outputs-1.0.0,0950b556111bec172d56ad34fe3569f251832a44e44c7eb43f636e6af321a5a1,ac36628fef7684bc08672b4c0678d32822a62f1b86b86ed9e5e19afa29f97220,cf2fef52687428f0eab74fc123ceb2a36cb6d0fc70d5442d221c955a4753ae2f,a0b23907336269b78a7cfd2eb7057232c7afcf87129f8a4c9d0f5e93faa0a5ef,d0bde0ec0552c341e5ead1b4598d63352fb999a1674433bd60a7c7c3d3287ac0,9c306d57a391d92a493f0b9590b5ec0d2af7679ab1dc1116abab6b6253017763,300
V2a,V0V,off_diagonal,inhibitory,9,9,0,0,9,1.782832228,-6.966699312,6.505311067,4,0,5,9,0.05172836118,-3.688030454,7.0051361,3,0,6,9,1.782832228,-6.966699312,6.505311067,4,0,5,9,-0.05172836118,-7.0051361,3.688030454,6,0,3,9,0.03401599153,-4.986546716,11.50816646,4,0,5,9,-0.08994719801,-5.228123276,6.380009816,6,0,3,9,0.03401599153,-4.986546716,11.50816646,4,0,5,9,0.08994719801,-6.380009816,5.228123276,3,0,6,9,9,9,9,9,9,9,9,descriptive design grid within one frozen realization; ranges are not uncertainty intervals,1,conditional on one frozen realization; no sampling inference,2026-08-26T18:12:43.884305+00:00,publication-outputs-1.0.0,0950b556111bec172d56ad34fe3569f251832a44e44c7eb43f636e6af321a5a1,ac36628fef7684bc08672b4c0678d32822a62f1b86b86ed9e5e19afa29f97220,cf2fef52687428f0eab74fc123ceb2a36cb6d0fc70d5442d221c955a4753ae2f,a0b23907336269b78a7cfd2eb7057232c7afcf87129f8a4c9d0f5e93faa0a5ef,d0bde0ec0552c341e5ead1b4598d63352fb999a1674433bd60a7c7c3d3287ac0,9c306d57a391d92a493f0b9590b5ec0d2af7679ab1dc1116abab6b6253017763,300
V2a,V2a,diagonal,none,9,9,0,0,9,-0.6747481065,-8.571437121,18.93935156,6,0,3,9,-0.09024583231,-9.644689165,1.890867591,5,0,4,9,-0.6747481065,-8.571437121,18.93935156,6,0,3,9,0.09024583231,-1.890867591,9.644689165,4,0,5,9,2.99164256,-5.501785833,8.376200714,4,0,5,9,-0.2559473438,-8.367892515,2.120312378,5,0,4,9,2.99164256,-5.501785833,8.376200714,4,0,5,9,0.2559473438,-2.120312378,8.367892515,4,0,5,,,,,,,,,descriptive design grid within one frozen realization; ranges are not uncertainty intervals,1,conditional on one frozen realization; no sampling inference,2026-08-26T18:12:43.884305+00:00,publication-outputs-1.0.0,0950b556111bec172d56ad34fe3569f251832a44e44c7eb43f636e6af321a5a1,ac36628fef7684bc08672b4c0678d32822a62f1b86b86ed9e5e19afa29f97220,cf2fef52687428f0eab74fc123ceb2a36cb6d0fc70d5442d221c955a4753ae2f,a0b23907336269b78a7cfd2eb7057232c7afcf87129f8a4c9d0f5e93faa0a5ef,d0bde0ec0552c341e5ead1b4598d63352fb999a1674433bd60a7c7c3d3287ac0,9c306d57a391d92a493f0b9590b5ec0d2af7679ab1dc1116abab6b6253017763,300
V2a,V2a,diagonal,excitatory,9,9,0,0,9,0.8224639481,-12.2887231,25.75390495,3,0,6,9,0.9089382621,-5.665078828,21.73198266,3,0,6,9,0.8224639481,-12.2887231,25.75390495,3,0,6,9,-0.9089382621,-21.73198266,5.665078828,6,0,3,9,-2.769077305,-18.90607805,10.60258368,6,0,3,9,-0.2902632994,-5.622391402,5.326276511,6,0,3,9,-2.769077305,-18.90607805,10.60258368,6,0,3,9,0.2902632994,-5.326276511,5.622391402,3,0,6,9,9,9,9,9,9,9,9,descriptive design grid within one frozen realization; ranges are not uncertainty intervals,1,conditional on one frozen realization; no sampling inference,2026-08-26T18:12:43.884305+00:00,publication-outputs-1.0.0,0950b556111bec172d56ad34fe3569f251832a44e44c7eb43f636e6af321a5a1,ac36628fef7684bc08672b4c0678d32822a62f1b86b86ed9e5e19afa29f97220,cf2fef52687428f0eab74fc123ceb2a36cb6d0fc70d5442d221c955a4753ae2f,a0b23907336269b78a7cfd2eb7057232c7afcf87129f8a4c9d0f5e93faa0a5ef,d0bde0ec0552c341e5ead1b4598d63352fb999a1674433bd60a7c7c3d3287ac0,9c306d57a391d92a493f0b9590b5ec0d2af7679ab1dc1116abab6b6253017763,300
V2a,V2a,diagonal,inhibitory,9,9,0,0,9,1.782832228,-6.966699312,6.505311067,4,0,5,9,-1.143338442,-4.540148965,6.477691251,5,0,4,9,1.782832228,-6.966699312,6.505311067,4,0,5,9,1.143338442,-6.477691251,4.540148965,4,0,5,9,0.03401599153,-4.986546716,11.50816646,4,0,5,9,0.07422689279,-1.949120915,1.425321008,4,0,5,9,0.03401599153,-4.986546716,11.50816646,4,0,5,9,-0.07422689279,-1.425321008,1.949120915,5,0,4,9,9,9,9,9,9,9,9,descriptive design grid within one frozen realization; ranges are not uncertainty intervals,1,conditional on one frozen realization; no sampling inference,2026-08-26T18:12:43.884305+00:00,publication-outputs-1.0.0,0950b556111bec172d56ad34fe3569f251832a44e44c7eb43f636e6af321a5a1,ac36628fef7684bc08672b4c0678d32822a62f1b86b86ed9e5e19afa29f97220,cf2fef52687428f0eab74fc123ceb2a36cb6d0fc70d5442d221c955a4753ae2f,a0b23907336269b78a7cfd2eb7057232c7afcf87129f8a4c9d0f5e93faa0a5ef,d0bde0ec0552c341e5ead1b4598d63352fb999a1674433bd60a7c7c3d3287ac0,9c306d57a391d92a493f0b9590b5ec0d2af7679ab1dc1116abab6b6253017763,300
V2a,V3,off_diagonal,none,9,9,0,0,9,-0.6747481065,-8.571437121,18.93935156,6,0,3,9,0,-5.683552172,5.507114803,2,4,3,9,-0.6747481065,-8.571437121,7.202991898,6,0,3,9,0,-16.01879753,2.006025068,2,4,3,9,2.99164256,-5.501785833,8.376200714,4,0,5,9,0,-4.121713865,5.204434927,2,4,3,9,2.765257563,-9.785494884,7.608211946,4,0,5,9,0,-8.276372582,0.02449044034,4,4,1,,,,,,,,,descriptive design grid within one frozen realization; ranges are not uncertainty intervals,1,conditional on one frozen realization; no sampling inference,2026-08-26T18:12:43.884305+00:00,publication-outputs-1.0.0,0950b556111bec172d56ad34fe3569f251832a44e44c7eb43f636e6af321a5a1,ac36628fef7684bc08672b4c0678d32822a62f1b86b86ed9e5e19afa29f97220,cf2fef52687428f0eab74fc123ceb2a36cb6d0fc70d5442d221c955a4753ae2f,a0b23907336269b78a7cfd2eb7057232c7afcf87129f8a4c9d0f5e93faa0a5ef,d0bde0ec0552c341e5ead1b4598d63352fb999a1674433bd60a7c7c3d3287ac0,9c306d57a391d92a493f0b9590b5ec0d2af7679ab1dc1116abab6b6253017763,300
V2a,V3,off_diagonal,excitatory,9,9,0,0,9,0.8224639481,-12.2887231,25.75390495,3,0,6,9,0.0001278292883,-0.5483558344,3.781604423,2,2,5,9,3.148949236,-12.21616257,25.61201344,2,0,7,9,-0.04933115222,-4.856346037,0.2712393396,6,2,1,9,-2.769077305,-18.90607805,10.60258368,6,0,3,9,0,-0.6034253864,4.628985039,4,2,3,9,-0.2452429913,-18.75695145,10.60258368,5,0,4,9,0,-4.848099535,0.7525519858,4,2,3,9,9,9,9,9,9,9,9,descriptive design grid within one frozen realization; ranges are not uncertainty intervals,1,conditional on one frozen realization; no sampling inference,2026-08-26T18:12:43.884305+00:00,publication-outputs-1.0.0,0950b556111bec172d56ad34fe3569f251832a44e44c7eb43f636e6af321a5a1,ac36628fef7684bc08672b4c0678d32822a62f1b86b86ed9e5e19afa29f97220,cf2fef52687428f0eab74fc123ceb2a36cb6d0fc70d5442d221c955a4753ae2f,a0b23907336269b78a7cfd2eb7057232c7afcf87129f8a4c9d0f5e93faa0a5ef,d0bde0ec0552c341e5ead1b4598d63352fb999a1674433bd60a7c7c3d3287ac0,9c306d57a391d92a493f0b9590b5ec0d2af7679ab1dc1116abab6b6253017763,300
V2a,V3,off_diagonal,inhibitory,9,9,0,0,9,1.782832228,-6.966699312,6.505311067,4,0,5,9,0.009495716273,-0.9981802217,1.617788149,2,2,5,9,-2.215147064,-6.966699312,3.975251132,5,0,4,9,-0.009495716273,-5.851977128,2.051745701,5,2,2,9,0.03401599153,-4.986546716,11.50816646,4,0,5,9,0,-1.465663406,0.6712800417,3,3,3,9,0.03401599153,-5.799979798,11.50816646,4,0,5,9,0,-5.076932192,0.6522303242,3,3,3,9,9,9,9,9,9,9,9,descriptive design grid within one frozen realization; ranges are not uncertainty intervals,1,conditional on one frozen realization; no sampling inference,2026-08-26T18:12:43.884305+00:00,publication-outputs-1.0.0,0950b556111bec172d56ad34fe3569f251832a44e44c7eb43f636e6af321a5a1,ac36628fef7684bc08672b4c0678d32822a62f1b86b86ed9e5e19afa29f97220,cf2fef52687428f0eab74fc123ceb2a36cb6d0fc70d5442d221c955a4753ae2f,a0b23907336269b78a7cfd2eb7057232c7afcf87129f8a4c9d0f5e93faa0a5ef,d0bde0ec0552c341e5ead1b4598d63352fb999a1674433bd60a7c7c3d3287ac0,9c306d57a391d92a493f0b9590b5ec0d2af7679ab1dc1116abab6b6253017763,300
V2a,V1Ia,off_diagonal,none,9,9,0,0,9,-0.6747481065,-8.571437121,18.93935156,6,0,3,9,-0.1269727105,-0.9610000183,3.336709977,5,0,4,9,-0.7099645008,-8.62792155,9.694550957,6,0,3,9,0.1500695054,-13.05859481,3.341361476,4,0,5,9,2.99164256,-5.501785833,8.376200714,4,0,5,9,0.02036111692,-4.323843525,6.809697092,4,0,5,9,0.84066653,-10.77007901,9.964125422,4,0,5,9,-0.1089652444,-6.718220029,0.1627857707,5,0,4,,,,,,,,,descriptive design grid within one frozen realization; ranges are not uncertainty intervals,1,conditional on one frozen realization; no sampling inference,2026-08-26T18:12:43.884305+00:00,publication-outputs-1.0.0,0950b556111bec172d56ad34fe3569f251832a44e44c7eb43f636e6af321a5a1,ac36628fef7684bc08672b4c0678d32822a62f1b86b86ed9e5e19afa29f97220,cf2fef52687428f0eab74fc123ceb2a36cb6d0fc70d5442d221c955a4753ae2f,a0b23907336269b78a7cfd2eb7057232c7afcf87129f8a4c9d0f5e93faa0a5ef,d0bde0ec0552c341e5ead1b4598d63352fb999a1674433bd60a7c7c3d3287ac0,9c306d57a391d92a493f0b9590b5ec0d2af7679ab1dc1116abab6b6253017763,300
V2a,V1Ia,off_diagonal,excitatory,9,9,0,0,9,0.8224639481,-12.2887231,25.75390495,3,0,6,9,0.1425756599,-17.16208498,20.40886289,4,0,5,9,0.09862085606,-15.34991416,25.65733564,4,0,5,9,-0.1906337344,-23.68786287,17.14372329,5,0,4,9,-2.769077305,-18.90607805,10.60258368,6,0,3,9,0.6024481381,-12.79642834,9.150176688,3,0,6,9,-4.183774755,-17.41005402,10.70278529,6,0,3,9,-0.615644368,-10.56665136,12.77703699,6,0,3,9,9,9,9,9,9,9,9,descriptive design grid within one frozen realization; ranges are not uncertainty intervals,1,conditional on one frozen realization; no sampling inference,2026-08-26T18:12:43.884305+00:00,publication-outputs-1.0.0,0950b556111bec172d56ad34fe3569f251832a44e44c7eb43f636e6af321a5a1,ac36628fef7684bc08672b4c0678d32822a62f1b86b86ed9e5e19afa29f97220,cf2fef52687428f0eab74fc123ceb2a36cb6d0fc70d5442d221c955a4753ae2f,a0b23907336269b78a7cfd2eb7057232c7afcf87129f8a4c9d0f5e93faa0a5ef,d0bde0ec0552c341e5ead1b4598d63352fb999a1674433bd60a7c7c3d3287ac0,9c306d57a391d92a493f0b9590b5ec0d2af7679ab1dc1116abab6b6253017763,300
V2a,V1Ia,off_diagonal,inhibitory,9,9,0,0,9,1.782832228,-6.966699312,6.505311067,4,0,5,9,0.02756715173,-4.345708136,11.26774037,4,0,5,9,-1.148776401,-6.920672414,4.217536232,5,0,4,9,0.932728266,-13.55551521,2.661233364,4,0,5,9,0.03401599153,-4.986546716,11.50816646,4,0,5,9,-0.1943476615,-7.71173631,9.725145447,6,0,3,9,-0.0107210075,-2.836259974,11.60190822,5,0,4,9,0.1943476615,-12.69872115,7.784519605,3,0,6,9,9,9,9,9,9,9,9,descriptive design grid within one frozen realization; ranges are not uncertainty intervals,1,conditional on one frozen realization; no sampling inference,2026-08-26T18:12:43.884305+00:00,publication-outputs-1.0.0,0950b556111bec172d56ad34fe3569f251832a44e44c7eb43f636e6af321a5a1,ac36628fef7684bc08672b4c0678d32822a62f1b86b86ed9e5e19afa29f97220,cf2fef52687428f0eab74fc123ceb2a36cb6d0fc70d5442d221c955a4753ae2f,a0b23907336269b78a7cfd2eb7057232c7afcf87129f8a4c9d0f5e93faa0a5ef,d0bde0ec0552c341e5ead1b4598d63352fb999a1674433bd60a7c7c3d3287ac0,9c306d57a391d92a493f0b9590b5ec0d2af7679ab1dc1116abab6b6253017763,300
V2a,V1Ren,off_diagonal,none,9,9,0,0,9,-0.6747481065,-8.571437121,18.93935156,6,0,3,9,-0.02753812834,-7.561792011,12.55299006,6,0,3,9,-0.6747481065,-8.651117426,30.29119716,6,0,3,9,0.2961038859,-0.247197775,9.944391761,2,0,7,9,2.99164256,-5.501785833,8.376200714,4,0,5,9,0.02301321728,-9.690937504,10.22343828,4,0,5,9,7.179527465,-8.155411334,16.85974382,4,0,5,9,-0.02301321728,-2.661151898,9.07916866,5,0,4,,,,,,,,,descriptive design grid within one frozen realization; ranges are not uncertainty intervals,1,conditional on one frozen realization; no sampling inference,2026-08-26T18:12:43.884305+00:00,publication-outputs-1.0.0,0950b556111bec172d56ad34fe3569f251832a44e44c7eb43f636e6af321a5a1,ac36628fef7684bc08672b4c0678d32822a62f1b86b86ed9e5e19afa29f97220,cf2fef52687428f0eab74fc123ceb2a36cb6d0fc70d5442d221c955a4753ae2f,a0b23907336269b78a7cfd2eb7057232c7afcf87129f8a4c9d0f5e93faa0a5ef,d0bde0ec0552c341e5ead1b4598d63352fb999a1674433bd60a7c7c3d3287ac0,9c306d57a391d92a493f0b9590b5ec0d2af7679ab1dc1116abab6b6253017763,300
V2a,V1Ren,off_diagonal,excitatory,9,9,0,0,9,0.8224639481,-12.2887231,25.75390495,3,0,6,9,0.07314067603,-16.23006162,10.26295498,4,0,5,9,0.09862085606,-17.89965296,25.64775501,4,0,5,9,-0.3760410769,-14.83942711,16.23006162,7,0,2,9,-2.769077305,-18.90607805,10.60258368,6,0,3,9,0.1093937287,-14.67401801,10.386384,3,0,6,9,-7.655197524,-21.68614781,10.57680495,6,0,3,9,-0.1225899586,-15.19894113,12.2928514,6,0,3,9,9,9,9,9,9,9,9,descriptive design grid within one frozen realization; ranges are not uncertainty intervals,1,conditional on one frozen realization; no sampling inference,2026-08-26T18:12:43.884305+00:00,publication-outputs-1.0.0,0950b556111bec172d56ad34fe3569f251832a44e44c7eb43f636e6af321a5a1,ac36628fef7684bc08672b4c0678d32822a62f1b86b86ed9e5e19afa29f97220,cf2fef52687428f0eab74fc123ceb2a36cb6d0fc70d5442d221c955a4753ae2f,a0b23907336269b78a7cfd2eb7057232c7afcf87129f8a4c9d0f5e93faa0a5ef,d0bde0ec0552c341e5ead1b4598d63352fb999a1674433bd60a7c7c3d3287ac0,9c306d57a391d92a493f0b9590b5ec0d2af7679ab1dc1116abab6b6253017763,300
V2a,V1Ren,off_diagonal,inhibitory,9,9,0,0,9,1.782832228,-6.966699312,6.505311067,4,0,5,9,0.2900652225,-2.722190418,16.09535807,2,0,7,9,0.3147066785,-7.769076515,4.0005,4,0,5,9,-0.2900652225,-17.79969331,2.556070457,7,0,2,9,0.03401599153,-4.986546716,11.50816646,4,0,5,9,0.08105321366,-0.7610828082,12.43443248,3,0,6,9,0.02774235575,-5.330437141,11.57799096,4,0,5,9,-0.08105321366,-12.46251608,0.7382140955,6,0,3,9,9,9,9,9,9,9,9,descriptive design grid within one frozen realization; ranges are not uncertainty intervals,1,conditional on one frozen realization; no sampling inference,2026-08-26T18:12:43.884305+00:00,publication-outputs-1.0.0,0950b556111bec172d56ad34fe3569f251832a44e44c7eb43f636e6af321a5a1,ac36628fef7684bc08672b4c0678d32822a62f1b86b86ed9e5e19afa29f97220,cf2fef52687428f0eab74fc123ceb2a36cb6d0fc70d5442d221c955a4753ae2f,a0b23907336269b78a7cfd2eb7057232c7afcf87129f8a4c9d0f5e93faa0a5ef,d0bde0ec0552c341e5ead1b4598d63352fb999a1674433bd60a7c7c3d3287ac0,9c306d57a391d92a493f0b9590b5ec0d2af7679ab1dc1116abab6b6253017763,300
V2a,V2b,off_diagonal,none,9,9,0,0,9,-0.6747481065,-8.571437121,18.93935156,6,0,3,9,-0.03534609033,-14.02139068,15.09542504,5,0,4,9,-0.7287122363,-8.464642421,6.372880535,7,0,2,9,0.04746053549,-18.84061678,12.32848769,3,0,6,9,2.99164256,-5.501785833,8.376200714,4,0,5,9,0.03998574811,-15.67145664,17.60657418,3,0,6,9,0.2072032823,-8.862599611,7.608211946,4,0,5,9,0.05703803073,-20.39101346,12.31064286,3,0,6,,,,,,,,,descriptive design grid within one frozen realization; ranges are not uncertainty intervals,1,conditional on one frozen realization; no sampling inference,2026-08-26T18:12:43.884305+00:00,publication-outputs-1.0.0,0950b556111bec172d56ad34fe3569f251832a44e44c7eb43f636e6af321a5a1,ac36628fef7684bc08672b4c0678d32822a62f1b86b86ed9e5e19afa29f97220,cf2fef52687428f0eab74fc123ceb2a36cb6d0fc70d5442d221c955a4753ae2f,a0b23907336269b78a7cfd2eb7057232c7afcf87129f8a4c9d0f5e93faa0a5ef,d0bde0ec0552c341e5ead1b4598d63352fb999a1674433bd60a7c7c3d3287ac0,9c306d57a391d92a493f0b9590b5ec0d2af7679ab1dc1116abab6b6253017763,300
V2a,V2b,off_diagonal,excitatory,9,9,0,0,9,0.8224639481,-12.2887231,25.75390495,3,0,6,9,-0.4273063956,-12.61107269,3.636603236,6,0,3,9,0.09862085606,-13.64114054,25.68317379,4,0,5,9,0.47711615,-29.92025871,13.4430751,3,0,6,9,-2.769077305,-18.90607805,10.60258368,6,0,3,9,-2.69033523,-15.12517784,1.768887336,7,0,2,9,-4.451134906,-14.80458608,10.60038269,6,0,3,9,0.4872481047,-8.938489751,19.77185878,3,0,6,9,9,9,9,9,9,9,9,descriptive design grid within one frozen realization; ranges are not uncertainty intervals,1,conditional on one frozen realization; no sampling inference,2026-08-26T18:12:43.884305+00:00,publication-outputs-1.0.0,0950b556111bec172d56ad34fe3569f251832a44e44c7eb43f636e6af321a5a1,ac36628fef7684bc08672b4c0678d32822a62f1b86b86ed9e5e19afa29f97220,cf2fef52687428f0eab74fc123ceb2a36cb6d0fc70d5442d221c955a4753ae2f,a0b23907336269b78a7cfd2eb7057232c7afcf87129f8a4c9d0f5e93faa0a5ef,d0bde0ec0552c341e5ead1b4598d63352fb999a1674433bd60a7c7c3d3287ac0,9c306d57a391d92a493f0b9590b5ec0d2af7679ab1dc1116abab6b6253017763,300
V2a,V2b,off_diagonal,inhibitory,9,9,0,0,9,1.782832228,-6.966699312,6.505311067,4,0,5,9,0.017952521,-8.355669056,6.922179222,4,0,5,9,-1.6534754,-6.961878061,10.61601775,5,0,4,9,0.03238345579,-2.811472539,4.683151742,4,0,5,9,0.03401599153,-4.986546716,11.50816646,4,0,5,9,0.1264301617,-6.815456325,5.838837771,3,0,6,9,0.1174506847,-6.316072583,11.60190822,4,0,5,9,-0.1492988744,-2.90333803,2.511171951,6,0,3,9,9,9,9,9,9,9,9,descriptive design grid within one frozen realization; ranges are not uncertainty intervals,1,conditional on one frozen realization; no sampling inference,2026-08-26T18:12:43.884305+00:00,publication-outputs-1.0.0,0950b556111bec172d56ad34fe3569f251832a44e44c7eb43f636e6af321a5a1,ac36628fef7684bc08672b4c0678d32822a62f1b86b86ed9e5e19afa29f97220,cf2fef52687428f0eab74fc123ceb2a36cb6d0fc70d5442d221c955a4753ae2f,a0b23907336269b78a7cfd2eb7057232c7afcf87129f8a4c9d0f5e93faa0a5ef,d0bde0ec0552c341e5ead1b4598d63352fb999a1674433bd60a7c7c3d3287ac0,9c306d57a391d92a493f0b9590b5ec0d2af7679ab1dc1116abab6b6253017763,300
V3,RG,off_diagonal,none,9,9,0,0,9,0.1438419842,-0.42582025,5.335650225,4,0,5,9,0.1001917426,-5.109835655,1.150952189,4,0,5,9,-0.03703740841,-6.722293,10.26834145,5,0,4,9,-0.0003265093916,-6.948107569,5.448400832,5,0,4,9,-0.1427470426,-1.224327385,6.138134679,5,0,4,9,0.1422541386,-5.182846303,0.9445109457,3,0,6,9,-0.0496599908,-1.339960723,9.209502939,5,0,4,9,-0.04242634485,-0.3216587873,6.598743886,5,0,4,,,,,,,,,descriptive design grid within one frozen realization; ranges are not uncertainty intervals,1,conditional on one frozen realization; no sampling inference,2026-08-26T18:12:43.884305+00:00,publication-outputs-1.0.0,0950b556111bec172d56ad34fe3569f251832a44e44c7eb43f636e6af321a5a1,ac36628fef7684bc08672b4c0678d32822a62f1b86b86ed9e5e19afa29f97220,cf2fef52687428f0eab74fc123ceb2a36cb6d0fc70d5442d221c955a4753ae2f,a0b23907336269b78a7cfd2eb7057232c7afcf87129f8a4c9d0f5e93faa0a5ef,d0bde0ec0552c341e5ead1b4598d63352fb999a1674433bd60a7c7c3d3287ac0,9c306d57a391d92a493f0b9590b5ec0d2af7679ab1dc1116abab6b6253017763,300
V3,RG,off_diagonal,excitatory,9,9,0,0,9,-0.8453152925,-6.69880237,4.686916881,7,0,2,9,0.1303040684,-17.37539699,22.51025205,4,0,5,9,-0.8794948568,-18.01639615,15.83644362,5,0,4,9,0.7343810822,-11.36072531,3.019070619,4,0,5,9,0.1536364614,-6.018080914,8.063546857,3,0,6,9,-0.2203954482,-11.91543775,27.31094382,5,0,4,9,0.1848937126,-11.70772922,11.24975839,4,0,5,9,-2.423641278,-21.90776624,3.971913381,7,0,2,9,9,9,9,9,9,9,9,descriptive design grid within one frozen realization; ranges are not uncertainty intervals,1,conditional on one frozen realization; no sampling inference,2026-08-26T18:12:43.884305+00:00,publication-outputs-1.0.0,0950b556111bec172d56ad34fe3569f251832a44e44c7eb43f636e6af321a5a1,ac36628fef7684bc08672b4c0678d32822a62f1b86b86ed9e5e19afa29f97220,cf2fef52687428f0eab74fc123ceb2a36cb6d0fc70d5442d221c955a4753ae2f,a0b23907336269b78a7cfd2eb7057232c7afcf87129f8a4c9d0f5e93faa0a5ef,d0bde0ec0552c341e5ead1b4598d63352fb999a1674433bd60a7c7c3d3287ac0,9c306d57a391d92a493f0b9590b5ec0d2af7679ab1dc1116abab6b6253017763,300
V3,RG,off_diagonal,inhibitory,9,9,0,0,9,-1.060163064,-8.748364704,4.641311984,5,0,4,9,-0.3525882725,-5.879007006,2.330552888,5,0,4,9,-0.03971150318,-5.85570857,11.34544559,5,0,4,9,1.97194524,-3.007779969,8.771663141,2,0,7,9,-0.3723596769,-5.863549827,3.247755089,7,0,2,9,0.03846927553,-4.383657952,0.545177358,3,0,6,9,0.2915521953,-4.703504434,8.733669339,3,0,6,9,0.775440215,-0.4380332993,6.493285194,2,0,7,9,9,9,9,9,9,9,9,descriptive design grid within one frozen realization; ranges are not uncertainty intervals,1,conditional on one frozen realization; no sampling inference,2026-08-26T18:12:43.884305+00:00,publication-outputs-1.0.0,0950b556111bec172d56ad34fe3569f251832a44e44c7eb43f636e6af321a5a1,ac36628fef7684bc08672b4c0678d32822a62f1b86b86ed9e5e19afa29f97220,cf2fef52687428f0eab74fc123ceb2a36cb6d0fc70d5442d221c955a4753ae2f,a0b23907336269b78a7cfd2eb7057232c7afcf87129f8a4c9d0f5e93faa0a5ef,d0bde0ec0552c341e5ead1b4598d63352fb999a1674433bd60a7c7c3d3287ac0,9c306d57a391d92a493f0b9590b5ec0d2af7679ab1dc1116abab6b6253017763,300
V3,PF,off_diagonal,none,9,9,0,0,9,0.1438419842,-0.42582025,5.335650225,4,0,5,9,0.03039713982,-10.82724485,5.29148442,4,0,5,9,-0.08174638998,-13.17259878,10.72157709,5,0,4,9,-0.6539591937,-7.681004155,0.8532205848,5,0,4,9,-0.1427470426,-1.224327385,6.138134679,5,0,4,9,-0.3726475631,-14.0961597,7.347511887,8,0,1,9,-0.002456632087,-14.19566121,10.25713051,5,0,4,9,0.05712056138,-3.767656135,1.985916521,4,0,5,,,,,,,,,descriptive design grid within one frozen realization; ranges are not uncertainty intervals,1,conditional on one frozen realization; no sampling inference,2026-08-26T18:12:43.884305+00:00,publication-outputs-1.0.0,0950b556111bec172d56ad34fe3569f251832a44e44c7eb43f636e6af321a5a1,ac36628fef7684bc08672b4c0678d32822a62f1b86b86ed9e5e19afa29f97220,cf2fef52687428f0eab74fc123ceb2a36cb6d0fc70d5442d221c955a4753ae2f,a0b23907336269b78a7cfd2eb7057232c7afcf87129f8a4c9d0f5e93faa0a5ef,d0bde0ec0552c341e5ead1b4598d63352fb999a1674433bd60a7c7c3d3287ac0,9c306d57a391d92a493f0b9590b5ec0d2af7679ab1dc1116abab6b6253017763,300
V3,PF,off_diagonal,excitatory,9,9,0,0,9,-0.8453152925,-6.69880237,4.686916881,7,0,2,9,0.1445608819,-16.85700968,5.35105073,3,0,6,9,0.2162261218,-16.77334731,11.58363615,3,0,6,9,1.585534976,-2.111187216,7.449395852,2,0,7,9,0.1536364614,-6.018080914,8.063546857,3,0,6,9,0.02364516252,-14.280437,5.85211782,4,0,5,9,0.03903894642,-12.67072247,15.83102439,4,0,5,9,-0.299665618,-11.45046187,10.1531341,5,0,4,9,9,9,9,9,9,9,9,descriptive design grid within one frozen realization; ranges are not uncertainty intervals,1,conditional on one frozen realization; no sampling inference,2026-08-26T18:12:43.884305+00:00,publication-outputs-1.0.0,0950b556111bec172d56ad34fe3569f251832a44e44c7eb43f636e6af321a5a1,ac36628fef7684bc08672b4c0678d32822a62f1b86b86ed9e5e19afa29f97220,cf2fef52687428f0eab74fc123ceb2a36cb6d0fc70d5442d221c955a4753ae2f,a0b23907336269b78a7cfd2eb7057232c7afcf87129f8a4c9d0f5e93faa0a5ef,d0bde0ec0552c341e5ead1b4598d63352fb999a1674433bd60a7c7c3d3287ac0,9c306d57a391d92a493f0b9590b5ec0d2af7679ab1dc1116abab6b6253017763,300
V3,PF,off_diagonal,inhibitory,9,9,0,0,9,-1.060163064,-8.748364704,4.641311984,5,0,4,9,-1.420871879,-5.577497408,2.74119681,5,0,4,9,0.1351236456,-3.102102863,21.6158631,3,0,6,9,3.853001968,-0.9024129208,14.23335431,3,0,6,9,-0.3723596769,-5.863549827,3.247755089,7,0,2,9,-0.01054312042,-5.838100381,1.099181112,5,0,4,9,0.06091848653,-5.896005413,15.65518871,4,0,5,9,0.9424449561,-0.2519350675,14.95195518,1,0,8,9,9,9,9,9,9,9,9,descriptive design grid within one frozen realization; ranges are not uncertainty intervals,1,conditional on one frozen realization; no sampling inference,2026-08-26T18:12:43.884305+00:00,publication-outputs-1.0.0,0950b556111bec172d56ad34fe3569f251832a44e44c7eb43f636e6af321a5a1,ac36628fef7684bc08672b4c0678d32822a62f1b86b86ed9e5e19afa29f97220,cf2fef52687428f0eab74fc123ceb2a36cb6d0fc70d5442d221c955a4753ae2f,a0b23907336269b78a7cfd2eb7057232c7afcf87129f8a4c9d0f5e93faa0a5ef,d0bde0ec0552c341e5ead1b4598d63352fb999a1674433bd60a7c7c3d3287ac0,9c306d57a391d92a493f0b9590b5ec0d2af7679ab1dc1116abab6b6253017763,300
V3,MN,off_diagonal,none,9,9,0,0,9,0.1438419842,-0.42582025,5.335650225,4,0,5,9,-0.1301498489,-13.12044858,11.18795089,5,0,4,9,0.0007802235111,-0.5664013011,4.325921576,4,0,5,9,-0.03432594317,-14.55067829,8.56978719,6,0,3,9,-0.1427470426,-1.224327385,6.138134679,5,0,4,9,-0.1424882411,-14.63500264,8.048894925,5,0,4,9,-0.1152791152,-0.6688968806,5.926808586,7,0,2,9,0.07090145442,-7.493464421,10.70354029,4,0,5,,,,,,,,,descriptive design grid within one frozen realization; ranges are not uncertainty intervals,1,conditional on one frozen realization; no sampling inference,2026-08-26T18:12:43.884305+00:00,publication-outputs-1.0.0,0950b556111bec172d56ad34fe3569f251832a44e44c7eb43f636e6af321a5a1,ac36628fef7684bc08672b4c0678d32822a62f1b86b86ed9e5e19afa29f97220,cf2fef52687428f0eab74fc123ceb2a36cb6d0fc70d5442d221c955a4753ae2f,a0b23907336269b78a7cfd2eb7057232c7afcf87129f8a4c9d0f5e93faa0a5ef,d0bde0ec0552c341e5ead1b4598d63352fb999a1674433bd60a7c7c3d3287ac0,9c306d57a391d92a493f0b9590b5ec0d2af7679ab1dc1116abab6b6253017763,300
V3,MN,off_diagonal,excitatory,9,9,0,0,9,-0.8453152925,-6.69880237,4.686916881,7,0,2,9,0.1554482056,-13.29057422,5.662073151,3,0,6,9,-0.653990848,-16.91124567,20.80678124,7,0,2,9,-0.4501169172,-6.397602655,18.03329864,5,0,4,9,0.1536364614,-6.018080914,8.063546857,3,0,6,9,0.1418366257,-8.091418611,11.16366843,3,0,6,9,0.09822185566,-13.62616588,18.53464538,3,0,6,9,-0.2323485306,-5.250911136,1.524396139,8,0,1,9,9,9,9,9,9,9,9,descriptive design grid within one frozen realization; ranges are not uncertainty intervals,1,conditional on one frozen realization; no sampling inference,2026-08-26T18:12:43.884305+00:00,publication-outputs-1.0.0,0950b556111bec172d56ad34fe3569f251832a44e44c7eb43f636e6af321a5a1,ac36628fef7684bc08672b4c0678d32822a62f1b86b86ed9e5e19afa29f97220,cf2fef52687428f0eab74fc123ceb2a36cb6d0fc70d5442d221c955a4753ae2f,a0b23907336269b78a7cfd2eb7057232c7afcf87129f8a4c9d0f5e93faa0a5ef,d0bde0ec0552c341e5ead1b4598d63352fb999a1674433bd60a7c7c3d3287ac0,9c306d57a391d92a493f0b9590b5ec0d2af7679ab1dc1116abab6b6253017763,300
V3,MN,off_diagonal,inhibitory,9,9,0,0,9,-1.060163064,-8.748364704,4.641311984,5,0,4,9,-0.02585095362,-7.212839255,14.37606313,5,0,4,9,0.009942937524,-5.943891537,7.568277813,4,0,5,9,1.131757509,-11.4490973,10.01731242,3,0,6,9,-0.3723596769,-5.863549827,3.247755089,7,0,2,9,0.0119287897,-6.923700649,10.98219517,4,0,5,9,-0.3488154802,-3.605795432,6.381283108,6,0,3,9,0.2321355478,-7.848667146,9.181455044,2,0,7,9,9,9,9,9,9,9,9,descriptive design grid within one frozen realization; ranges are not uncertainty intervals,1,conditional on one frozen realization; no sampling inference,2026-08-26T18:12:43.884305+00:00,publication-outputs-1.0.0,0950b556111bec172d56ad34fe3569f251832a44e44c7eb43f636e6af321a5a1,ac36628fef7684bc08672b4c0678d32822a62f1b86b86ed9e5e19afa29f97220,cf2fef52687428f0eab74fc123ceb2a36cb6d0fc70d5442d221c955a4753ae2f,a0b23907336269b78a7cfd2eb7057232c7afcf87129f8a4c9d0f5e93faa0a5ef,d0bde0ec0552c341e5ead1b4598d63352fb999a1674433bd60a7c7c3d3287ac0,9c306d57a391d92a493f0b9590b5ec0d2af7679ab1dc1116abab6b6253017763,300
V3,V0D,off_diagonal,none,9,9,0,0,9,0.1438419842,-0.42582025,5.335650225,4,0,5,9,-0.3163063316,-1.86486278,2.716080324,5,0,4,9,-0.3204907186,-3.389004361,0.154451328,7,0,2,9,-0.4921851076,-11.44073491,1.05692366,8,0,1,9,-0.1427470426,-1.224327385,6.138134679,5,0,4,9,0.05915773152,-2.425927127,1.184054278,4,0,5,9,0.09216737339,-4.299622899,2.400523106,4,0,5,9,0.2375189673,-5.541850393,2.533842142,4,0,5,,,,,,,,,descriptive design grid within one frozen realization; ranges are not uncertainty intervals,1,conditional on one frozen realization; no sampling inference,2026-08-26T18:12:43.884305+00:00,publication-outputs-1.0.0,0950b556111bec172d56ad34fe3569f251832a44e44c7eb43f636e6af321a5a1,ac36628fef7684bc08672b4c0678d32822a62f1b86b86ed9e5e19afa29f97220,cf2fef52687428f0eab74fc123ceb2a36cb6d0fc70d5442d221c955a4753ae2f,a0b23907336269b78a7cfd2eb7057232c7afcf87129f8a4c9d0f5e93faa0a5ef,d0bde0ec0552c341e5ead1b4598d63352fb999a1674433bd60a7c7c3d3287ac0,9c306d57a391d92a493f0b9590b5ec0d2af7679ab1dc1116abab6b6253017763,300
V3,V0D,off_diagonal,excitatory,9,9,0,0,9,-0.8453152925,-6.69880237,4.686916881,7,0,2,9,-0.8931558241,-8.304737349,1.925695312,5,0,4,9,-0.05219999264,-7.583109914,2.174819006,5,0,4,9,0.5092759773,-5.378491057,15.29221244,3,0,6,9,0.1536364614,-6.018080914,8.063546857,3,0,6,9,-0.08614679914,-13.93033481,2.435247222,6,0,3,9,-0.09499900568,-5.480277453,1.364552722,7,0,2,9,0.02168301255,-8.705073745,10.11066495,4,0,5,9,9,9,9,9,9,9,9,descriptive design grid within one frozen realization; ranges are not uncertainty intervals,1,conditional on one frozen realization; no sampling inference,2026-08-26T18:12:43.884305+00:00,publication-outputs-1.0.0,0950b556111bec172d56ad34fe3569f251832a44e44c7eb43f636e6af321a5a1,ac36628fef7684bc08672b4c0678d32822a62f1b86b86ed9e5e19afa29f97220,cf2fef52687428f0eab74fc123ceb2a36cb6d0fc70d5442d221c955a4753ae2f,a0b23907336269b78a7cfd2eb7057232c7afcf87129f8a4c9d0f5e93faa0a5ef,d0bde0ec0552c341e5ead1b4598d63352fb999a1674433bd60a7c7c3d3287ac0,9c306d57a391d92a493f0b9590b5ec0d2af7679ab1dc1116abab6b6253017763,300
V3,V0D,off_diagonal,inhibitory,9,9,0,0,9,-1.060163064,-8.748364704,4.641311984,5,0,4,9,0.02756715173,-4.949540148,6.2249945,4,0,5,9,0.01059737454,-4.687506225,5.734353377,4,0,5,9,0.8012847757,-6.53069781,13.23627673,4,0,5,9,-0.3723596769,-5.863549827,3.247755089,7,0,2,9,0.1183873452,-2.76720121,5.287955437,3,0,6,9,-0.02768905603,-4.049511776,4.525483029,5,0,4,9,0.3924162976,-5.568040024,12.18437308,2,0,7,9,9,9,9,9,9,9,9,descriptive design grid within one frozen realization; ranges are not uncertainty intervals,1,conditional on one frozen realization; no sampling inference,2026-08-26T18:12:43.884305+00:00,publication-outputs-1.0.0,0950b556111bec172d56ad34fe3569f251832a44e44c7eb43f636e6af321a5a1,ac36628fef7684bc08672b4c0678d32822a62f1b86b86ed9e5e19afa29f97220,cf2fef52687428f0eab74fc123ceb2a36cb6d0fc70d5442d221c955a4753ae2f,a0b23907336269b78a7cfd2eb7057232c7afcf87129f8a4c9d0f5e93faa0a5ef,d0bde0ec0552c341e5ead1b4598d63352fb999a1674433bd60a7c7c3d3287ac0,9c306d57a391d92a493f0b9590b5ec0d2af7679ab1dc1116abab6b6253017763,300
V3,V0V,off_diagonal,none,9,9,0,0,9,0.1438419842,-0.42582025,5.335650225,4,0,5,9,-0.003996768116,-11.72681718,14.0899718,5,0,4,9,0.02216029163,-12.86456281,14.00185533,4,0,5,9,-0.4934125459,-8.349670601,9.541148253,5,0,4,9,-0.1427470426,-1.224327385,6.138134679,5,0,4,9,-0.07402181101,-12.77463156,11.81795365,6,0,3,9,0.1635902484,-13.89327642,9.847355723,3,0,6,9,-0.1803331468,-8.108732611,7.421248219,5,0,4,,,,,,,,,descriptive design grid within one frozen realization; ranges are not uncertainty intervals,1,conditional on one frozen realization; no sampling inference,2026-08-26T18:12:43.884305+00:00,publication-outputs-1.0.0,0950b556111bec172d56ad34fe3569f251832a44e44c7eb43f636e6af321a5a1,ac36628fef7684bc08672b4c0678d32822a62f1b86b86ed9e5e19afa29f97220,cf2fef52687428f0eab74fc123ceb2a36cb6d0fc70d5442d221c955a4753ae2f,a0b23907336269b78a7cfd2eb7057232c7afcf87129f8a4c9d0f5e93faa0a5ef,d0bde0ec0552c341e5ead1b4598d63352fb999a1674433bd60a7c7c3d3287ac0,9c306d57a391d92a493f0b9590b5ec0d2af7679ab1dc1116abab6b6253017763,300
V3,V0V,off_diagonal,excitatory,9,9,0,0,9,-0.8453152925,-6.69880237,4.686916881,7,0,2,9,0,-11.71076518,8.781780944,4,1,4,9,-0.237110283,-15.25531805,21.75764906,5,0,4,9,0.2983619875,-2.14227043,10.54424691,3,0,6,9,0.1536364614,-6.018080914,8.063546857,3,0,6,9,0.04881498003,-14.89459464,4.591250911,3,1,5,9,-0.1774291251,-15.09040532,6.070892624,5,0,4,9,-0.3792437244,-7.99265881,5.356964791,6,0,3,9,9,9,9,9,9,9,9,descriptive design grid within one frozen realization; ranges are not uncertainty intervals,1,conditional on one frozen realization; no sampling inference,2026-08-26T18:12:43.884305+00:00,publication-outputs-1.0.0,0950b556111bec172d56ad34fe3569f251832a44e44c7eb43f636e6af321a5a1,ac36628fef7684bc08672b4c0678d32822a62f1b86b86ed9e5e19afa29f97220,cf2fef52687428f0eab74fc123ceb2a36cb6d0fc70d5442d221c955a4753ae2f,a0b23907336269b78a7cfd2eb7057232c7afcf87129f8a4c9d0f5e93faa0a5ef,d0bde0ec0552c341e5ead1b4598d63352fb999a1674433bd60a7c7c3d3287ac0,9c306d57a391d92a493f0b9590b5ec0d2af7679ab1dc1116abab6b6253017763,300
V3,V0V,off_diagonal,inhibitory,9,9,0,0,9,-1.060163064,-8.748364704,4.641311984,5,0,4,9,0.05172836118,-3.688030454,7.0051361,3,0,6,9,0.01059737454,-11.61922281,10.25681497,4,0,5,9,-0.169757965,-1.389633116,2.276586011,5,0,4,9,-0.3723596769,-5.863549827,3.247755089,7,0,2,9,-0.08994719801,-5.228123276,6.380009816,6,0,3,9,-0.1972258968,-6.71505316,7.617206287,7,0,2,9,0.3371269219,-2.010558618,3.932004471,3,0,6,9,9,9,9,9,9,9,9,descriptive design grid within one frozen realization; ranges are not uncertainty intervals,1,conditional on one frozen realization; no sampling inference,2026-08-26T18:12:43.884305+00:00,publication-outputs-1.0.0,0950b556111bec172d56ad34fe3569f251832a44e44c7eb43f636e6af321a5a1,ac36628fef7684bc08672b4c0678d32822a62f1b86b86ed9e5e19afa29f97220,cf2fef52687428f0eab74fc123ceb2a36cb6d0fc70d5442d221c955a4753ae2f,a0b23907336269b78a7cfd2eb7057232c7afcf87129f8a4c9d0f5e93faa0a5ef,d0bde0ec0552c341e5ead1b4598d63352fb999a1674433bd60a7c7c3d3287ac0,9c306d57a391d92a493f0b9590b5ec0d2af7679ab1dc1116abab6b6253017763,300
V3,V2a,off_diagonal,none,9,9,0,0,9,0.1438419842,-0.42582025,5.335650225,4,0,5,9,-0.09024583231,-9.644689165,1.890867591,5,0,4,9,-0.4496568135,-6.734002495,0.6264297796,7,0,2,9,-1.30581326,-5.92372548,0.3577590179,7,0,2,9,-0.1427470426,-1.224327385,6.138134679,5,0,4,9,-0.2559473438,-8.367892515,2.120312378,5,0,4,9,-0.2644685704,-1.333286103,0.4470197932,6,0,3,9,-0.4432028558,-7.811427264,4.343418367,5,0,4,,,,,,,,,descriptive design grid within one frozen realization; ranges are not uncertainty intervals,1,conditional on one frozen realization; no sampling inference,2026-08-26T18:12:43.884305+00:00,publication-outputs-1.0.0,0950b556111bec172d56ad34fe3569f251832a44e44c7eb43f636e6af321a5a1,ac36628fef7684bc08672b4c0678d32822a62f1b86b86ed9e5e19afa29f97220,cf2fef52687428f0eab74fc123ceb2a36cb6d0fc70d5442d221c955a4753ae2f,a0b23907336269b78a7cfd2eb7057232c7afcf87129f8a4c9d0f5e93faa0a5ef,d0bde0ec0552c341e5ead1b4598d63352fb999a1674433bd60a7c7c3d3287ac0,9c306d57a391d92a493f0b9590b5ec0d2af7679ab1dc1116abab6b6253017763,300
V3,V2a,off_diagonal,excitatory,9,9,0,0,9,-0.8453152925,-6.69880237,4.686916881,7,0,2,9,0.9089382621,-5.665078828,21.73198266,3,0,6,9,-1.204141603,-11.48288873,3.287514837,7,0,2,9,-0.3453815106,-35.6464926,6.252900372,6,0,3,9,0.1536364614,-6.018080914,8.063546857,3,0,6,9,-0.2902632994,-5.622391402,5.326276511,6,0,3,9,-0.2126298544,-9.202228085,1.971269757,5,0,4,9,-0.3417710559,-20.25932227,3.645066138,6,0,3,9,9,9,9,9,9,9,9,descriptive design grid within one frozen realization; ranges are not uncertainty intervals,1,conditional on one frozen realization; no sampling inference,2026-08-26T18:12:43.884305+00:00,publication-outputs-1.0.0,0950b556111bec172d56ad34fe3569f251832a44e44c7eb43f636e6af321a5a1,ac36628fef7684bc08672b4c0678d32822a62f1b86b86ed9e5e19afa29f97220,cf2fef52687428f0eab74fc123ceb2a36cb6d0fc70d5442d221c955a4753ae2f,a0b23907336269b78a7cfd2eb7057232c7afcf87129f8a4c9d0f5e93faa0a5ef,d0bde0ec0552c341e5ead1b4598d63352fb999a1674433bd60a7c7c3d3287ac0,9c306d57a391d92a493f0b9590b5ec0d2af7679ab1dc1116abab6b6253017763,300
V3,V2a,off_diagonal,inhibitory,9,9,0,0,9,-1.060163064,-8.748364704,4.641311984,5,0,4,9,-1.143338442,-4.540148965,6.477691251,5,0,4,9,0.04008777935,-6.98882625,6.570152564,4,0,5,9,1.01955623,-4.54885067,6.70730914,3,0,6,9,-0.3723596769,-5.863549827,3.247755089,7,0,2,9,0.07422689279,-1.949120915,1.425321008,4,0,5,9,0.06091848653,-2.467928696,4.623667355,4,0,5,9,0.3686760724,-0.2873378186,7.85608793,2,0,7,9,9,9,9,9,9,9,9,descriptive design grid within one frozen realization; ranges are not uncertainty intervals,1,conditional on one frozen realization; no sampling inference,2026-08-26T18:12:43.884305+00:00,publication-outputs-1.0.0,0950b556111bec172d56ad34fe3569f251832a44e44c7eb43f636e6af321a5a1,ac36628fef7684bc08672b4c0678d32822a62f1b86b86ed9e5e19afa29f97220,cf2fef52687428f0eab74fc123ceb2a36cb6d0fc70d5442d221c955a4753ae2f,a0b23907336269b78a7cfd2eb7057232c7afcf87129f8a4c9d0f5e93faa0a5ef,d0bde0ec0552c341e5ead1b4598d63352fb999a1674433bd60a7c7c3d3287ac0,9c306d57a391d92a493f0b9590b5ec0d2af7679ab1dc1116abab6b6253017763,300
V3,V3,diagonal,none,9,9,0,0,9,0.1438419842,-0.42582025,5.335650225,4,0,5,9,0,-5.683552172,5.507114803,2,4,3,9,0.1438419842,-0.42582025,5.335650225,4,0,5,9,0,-5.507114803,5.683552172,3,4,2,9,-0.1427470426,-1.224327385,6.138134679,5,0,4,9,0,-4.121713865,5.204434927,2,4,3,9,-0.1427470426,-1.224327385,6.138134679,5,0,4,9,0,-5.204434927,4.121713865,3,4,2,,,,,,,,,descriptive design grid within one frozen realization; ranges are not uncertainty intervals,1,conditional on one frozen realization; no sampling inference,2026-08-26T18:12:43.884305+00:00,publication-outputs-1.0.0,0950b556111bec172d56ad34fe3569f251832a44e44c7eb43f636e6af321a5a1,ac36628fef7684bc08672b4c0678d32822a62f1b86b86ed9e5e19afa29f97220,cf2fef52687428f0eab74fc123ceb2a36cb6d0fc70d5442d221c955a4753ae2f,a0b23907336269b78a7cfd2eb7057232c7afcf87129f8a4c9d0f5e93faa0a5ef,d0bde0ec0552c341e5ead1b4598d63352fb999a1674433bd60a7c7c3d3287ac0,9c306d57a391d92a493f0b9590b5ec0d2af7679ab1dc1116abab6b6253017763,300
V3,V3,diagonal,excitatory,9,9,0,0,9,-0.8453152925,-6.69880237,4.686916881,7,0,2,9,0.0001278292883,-0.5483558344,3.781604423,2,2,5,9,-0.8453152925,-6.69880237,4.686916881,7,0,2,9,-0.0001278292883,-3.781604423,0.5483558344,5,2,2,9,0.1536364614,-6.018080914,8.063546857,3,0,6,9,0,-0.6034253864,4.628985039,4,2,3,9,0.1536364614,-6.018080914,8.063546857,3,0,6,9,0,-4.628985039,0.6034253864,3,2,4,9,9,9,9,9,9,9,9,descriptive design grid within one frozen realization; ranges are not uncertainty intervals,1,conditional on one frozen realization; no sampling inference,2026-08-26T18:12:43.884305+00:00,publication-outputs-1.0.0,0950b556111bec172d56ad34fe3569f251832a44e44c7eb43f636e6af321a5a1,ac36628fef7684bc08672b4c0678d32822a62f1b86b86ed9e5e19afa29f97220,cf2fef52687428f0eab74fc123ceb2a36cb6d0fc70d5442d221c955a4753ae2f,a0b23907336269b78a7cfd2eb7057232c7afcf87129f8a4c9d0f5e93faa0a5ef,d0bde0ec0552c341e5ead1b4598d63352fb999a1674433bd60a7c7c3d3287ac0,9c306d57a391d92a493f0b9590b5ec0d2af7679ab1dc1116abab6b6253017763,300
V3,V3,diagonal,inhibitory,9,9,0,0,9,-1.060163064,-8.748364704,4.641311984,5,0,4,9,0.009495716273,-0.9981802217,1.617788149,2,2,5,9,-1.060163064,-8.748364704,4.641311984,5,0,4,9,-0.009495716273,-1.617788149,0.9981802217,5,2,2,9,-0.3723596769,-5.863549827,3.247755089,7,0,2,9,0,-1.465663406,0.6712800417,3,3,3,9,-0.3723596769,-5.863549827,3.247755089,7,0,2,9,0,-0.6712800417,1.465663406,3,3,3,9,9,9,9,9,9,9,9,descriptive design grid within one frozen realization; ranges are not uncertainty intervals,1,conditional on one frozen realization; no sampling inference,2026-08-26T18:12:43.884305+00:00,publication-outputs-1.0.0,0950b556111bec172d56ad34fe3569f251832a44e44c7eb43f636e6af321a5a1,ac36628fef7684bc08672b4c0678d32822a62f1b86b86ed9e5e19afa29f97220,cf2fef52687428f0eab74fc123ceb2a36cb6d0fc70d5442d221c955a4753ae2f,a0b23907336269b78a7cfd2eb7057232c7afcf87129f8a4c9d0f5e93faa0a5ef,d0bde0ec0552c341e5ead1b4598d63352fb999a1674433bd60a7c7c3d3287ac0,9c306d57a391d92a493f0b9590b5ec0d2af7679ab1dc1116abab6b6253017763,300
V3,V1Ia,off_diagonal,none,9,9,0,0,9,0.1438419842,-0.42582025,5.335650225,4,0,5,9,-0.1269727105,-0.9610000183,3.336709977,5,0,4,9,-0.2521755288,-6.907023744,37.2536396,6,0,3,9,0.1169558654,-15.53572955,29.30438974,4,0,5,9,-0.1427470426,-1.224327385,6.138134679,5,0,4,9,0.02036111692,-4.323843525,6.809697092,4,0,5,9,-0.1217200507,-10.36604283,33.70966679,6,0,3,9,-0.04103223578,-9.710353927,20.76183501,5,0,4,,,,,,,,,descriptive design grid within one frozen realization; ranges are not uncertainty intervals,1,conditional on one frozen realization; no sampling inference,2026-08-26T18:12:43.884305+00:00,publication-outputs-1.0.0,0950b556111bec172d56ad34fe3569f251832a44e44c7eb43f636e6af321a5a1,ac36628fef7684bc08672b4c0678d32822a62f1b86b86ed9e5e19afa29f97220,cf2fef52687428f0eab74fc123ceb2a36cb6d0fc70d5442d221c955a4753ae2f,a0b23907336269b78a7cfd2eb7057232c7afcf87129f8a4c9d0f5e93faa0a5ef,d0bde0ec0552c341e5ead1b4598d63352fb999a1674433bd60a7c7c3d3287ac0,9c306d57a391d92a493f0b9590b5ec0d2af7679ab1dc1116abab6b6253017763,300
V3,V1Ia,off_diagonal,excitatory,9,9,0,0,9,-0.8453152925,-6.69880237,4.686916881,7,0,2,9,0.1425756599,-17.16208498,20.40886289,4,0,5,9,-0.8931558241,-17.27009872,20.64676948,5,0,4,9,0.1318053032,-11.36396267,1.881374992,4,0,5,9,0.1536364614,-6.018080914,8.063546857,3,0,6,9,0.6024481381,-12.79642834,9.150176688,3,0,6,9,-0.04305799138,-15.66995969,14.90729598,6,0,3,9,-1.411153408,-12.53402139,1.447841005,8,0,1,9,9,9,9,9,9,9,9,descriptive design grid within one frozen realization; ranges are not uncertainty intervals,1,conditional on one frozen realization; no sampling inference,2026-08-26T18:12:43.884305+00:00,publication-outputs-1.0.0,0950b556111bec172d56ad34fe3569f251832a44e44c7eb43f636e6af321a5a1,ac36628fef7684bc08672b4c0678d32822a62f1b86b86ed9e5e19afa29f97220,cf2fef52687428f0eab74fc123ceb2a36cb6d0fc70d5442d221c955a4753ae2f,a0b23907336269b78a7cfd2eb7057232c7afcf87129f8a4c9d0f5e93faa0a5ef,d0bde0ec0552c341e5ead1b4598d63352fb999a1674433bd60a7c7c3d3287ac0,9c306d57a391d92a493f0b9590b5ec0d2af7679ab1dc1116abab6b6253017763,300
V3,V1Ia,off_diagonal,inhibitory,9,9,0,0,9,-1.060163064,-8.748364704,4.641311984,5,0,4,9,0.02756715173,-4.345708136,11.26774037,4,0,5,9,0.1568338017,-1.784667847,3.588031798,3,0,6,9,0.4409883264,-14.5585032,12.32323811,2,0,7,9,-0.3723596769,-5.863549827,3.247755089,7,0,2,9,-0.1943476615,-7.71173631,9.725145447,6,0,3,9,0.1285836431,-0.7757896642,3.079043733,3,0,6,9,0.9547450408,-12.1845699,14.35559023,1,0,8,9,9,9,9,9,9,9,9,descriptive design grid within one frozen realization; ranges are not uncertainty intervals,1,conditional on one frozen realization; no sampling inference,2026-08-26T18:12:43.884305+00:00,publication-outputs-1.0.0,0950b556111bec172d56ad34fe3569f251832a44e44c7eb43f636e6af321a5a1,ac36628fef7684bc08672b4c0678d32822a62f1b86b86ed9e5e19afa29f97220,cf2fef52687428f0eab74fc123ceb2a36cb6d0fc70d5442d221c955a4753ae2f,a0b23907336269b78a7cfd2eb7057232c7afcf87129f8a4c9d0f5e93faa0a5ef,d0bde0ec0552c341e5ead1b4598d63352fb999a1674433bd60a7c7c3d3287ac0,9c306d57a391d92a493f0b9590b5ec0d2af7679ab1dc1116abab6b6253017763,300
V3,V1Ren,off_diagonal,none,9,9,0,0,9,0.1438419842,-0.42582025,5.335650225,4,0,5,9,-0.02753812834,-7.561792011,12.55299006,6,0,3,9,-0.2037091614,-8.675060234,4.373347172,5,0,4,9,-0.3372320563,-19.03297646,1.952535844,6,0,3,9,-0.1427470426,-1.224327385,6.138134679,5,0,4,9,0.02301321728,-9.690937504,10.22343828,4,0,5,9,-0.04382102089,-8.915324869,3.486202877,6,0,3,9,-0.2839135635,-14.82121514,5.306155816,7,0,2,,,,,,,,,descriptive design grid within one frozen realization; ranges are not uncertainty intervals,1,conditional on one frozen realization; no sampling inference,2026-08-26T18:12:43.884305+00:00,publication-outputs-1.0.0,0950b556111bec172d56ad34fe3569f251832a44e44c7eb43f636e6af321a5a1,ac36628fef7684bc08672b4c0678d32822a62f1b86b86ed9e5e19afa29f97220,cf2fef52687428f0eab74fc123ceb2a36cb6d0fc70d5442d221c955a4753ae2f,a0b23907336269b78a7cfd2eb7057232c7afcf87129f8a4c9d0f5e93faa0a5ef,d0bde0ec0552c341e5ead1b4598d63352fb999a1674433bd60a7c7c3d3287ac0,9c306d57a391d92a493f0b9590b5ec0d2af7679ab1dc1116abab6b6253017763,300
V3,V1Ren,off_diagonal,excitatory,9,9,0,0,9,-0.8453152925,-6.69880237,4.686916881,7,0,2,9,0.07314067603,-16.23006162,10.26295498,4,0,5,9,-0.8453152925,-10.42560008,6.382619441,6,0,3,9,-0.4746578626,-12.7728464,24.19068463,5,0,4,9,0.1536364614,-6.018080914,8.063546857,3,0,6,9,0.1093937287,-14.67401801,10.386384,3,0,6,9,0.457339287,-14.61941976,6.663099939,2,0,7,9,-0.1942212154,-12.77917525,15.14918923,6,0,3,9,9,9,9,9,9,9,9,descriptive design grid within one frozen realization; ranges are not uncertainty intervals,1,conditional on one frozen realization; no sampling inference,2026-08-26T18:12:43.884305+00:00,publication-outputs-1.0.0,0950b556111bec172d56ad34fe3569f251832a44e44c7eb43f636e6af321a5a1,ac36628fef7684bc08672b4c0678d32822a62f1b86b86ed9e5e19afa29f97220,cf2fef52687428f0eab74fc123ceb2a36cb6d0fc70d5442d221c955a4753ae2f,a0b23907336269b78a7cfd2eb7057232c7afcf87129f8a4c9d0f5e93faa0a5ef,d0bde0ec0552c341e5ead1b4598d63352fb999a1674433bd60a7c7c3d3287ac0,9c306d57a391d92a493f0b9590b5ec0d2af7679ab1dc1116abab6b6253017763,300
V3,V1Ren,off_diagonal,inhibitory,9,9,0,0,9,-1.060163064,-8.748364704,4.641311984,5,0,4,9,0.2900652225,-2.722190418,16.09535807,2,0,7,9,0.009942937524,-6.704405588,7.435206494,4,0,5,9,-0.1864890647,-9.25919823,2.661330668,5,0,4,9,-0.3723596769,-5.863549827,3.247755089,7,0,2,9,0.08105321366,-0.7610828082,12.43443248,3,0,6,9,-0.5078284492,-1.947732999,6.367042532,7,0,2,9,0.01185954365,-8.745601644,2.584180176,4,0,5,9,9,9,9,9,9,9,9,descriptive design grid within one frozen realization; ranges are not uncertainty intervals,1,conditional on one frozen realization; no sampling inference,2026-08-26T18:12:43.884305+00:00,publication-outputs-1.0.0,0950b556111bec172d56ad34fe3569f251832a44e44c7eb43f636e6af321a5a1,ac36628fef7684bc08672b4c0678d32822a62f1b86b86ed9e5e19afa29f97220,cf2fef52687428f0eab74fc123ceb2a36cb6d0fc70d5442d221c955a4753ae2f,a0b23907336269b78a7cfd2eb7057232c7afcf87129f8a4c9d0f5e93faa0a5ef,d0bde0ec0552c341e5ead1b4598d63352fb999a1674433bd60a7c7c3d3287ac0,9c306d57a391d92a493f0b9590b5ec0d2af7679ab1dc1116abab6b6253017763,300
V3,V2b,off_diagonal,none,9,9,0,0,9,0.1438419842,-0.42582025,5.335650225,4,0,5,9,-0.03534609033,-14.02139068,15.09542504,5,0,4,9,-0.6279550069,-14.96605935,1.394242167,7,0,2,9,-0.2547988228,-20.33591993,2.36560548,7,0,2,9,-0.1427470426,-1.224327385,6.138134679,5,0,4,9,0.03998574811,-15.67145664,17.60657418,3,0,6,9,-0.1620623074,-13.60694613,1.798084702,6,0,3,9,-0.1347448052,-21.94662416,0.508632376,6,0,3,,,,,,,,,descriptive design grid within one frozen realization; ranges are not uncertainty intervals,1,conditional on one frozen realization; no sampling inference,2026-08-26T18:12:43.884305+00:00,publication-outputs-1.0.0,0950b556111bec172d56ad34fe3569f251832a44e44c7eb43f636e6af321a5a1,ac36628fef7684bc08672b4c0678d32822a62f1b86b86ed9e5e19afa29f97220,cf2fef52687428f0eab74fc123ceb2a36cb6d0fc70d5442d221c955a4753ae2f,a0b23907336269b78a7cfd2eb7057232c7afcf87129f8a4c9d0f5e93faa0a5ef,d0bde0ec0552c341e5ead1b4598d63352fb999a1674433bd60a7c7c3d3287ac0,9c306d57a391d92a493f0b9590b5ec0d2af7679ab1dc1116abab6b6253017763,300
V3,V2b,off_diagonal,excitatory,9,9,0,0,9,-0.8453152925,-6.69880237,4.686916881,7,0,2,9,-0.4273063956,-12.61107269,3.636603236,6,0,3,9,-0.6388573912,-7.438312919,20.54750386,5,0,4,9,1.973200463,-7.753099442,16.45580375,2,0,7,9,0.1536364614,-6.018080914,8.063546857,3,0,6,9,-2.69033523,-15.12517784,1.768887336,7,0,2,9,0.06445716165,-9.451664175,6.488098595,3,0,6,9,-0.2411399252,-8.02198734,11.69159458,5,0,4,9,9,9,9,9,9,9,9,descriptive design grid within one frozen realization; ranges are not uncertainty intervals,1,conditional on one frozen realization; no sampling inference,2026-08-26T18:12:43.884305+00:00,publication-outputs-1.0.0,0950b556111bec172d56ad34fe3569f251832a44e44c7eb43f636e6af321a5a1,ac36628fef7684bc08672b4c0678d32822a62f1b86b86ed9e5e19afa29f97220,cf2fef52687428f0eab74fc123ceb2a36cb6d0fc70d5442d221c955a4753ae2f,a0b23907336269b78a7cfd2eb7057232c7afcf87129f8a4c9d0f5e93faa0a5ef,d0bde0ec0552c341e5ead1b4598d63352fb999a1674433bd60a7c7c3d3287ac0,9c306d57a391d92a493f0b9590b5ec0d2af7679ab1dc1116abab6b6253017763,300
V3,V2b,off_diagonal,inhibitory,9,9,0,0,9,-1.060163064,-8.748364704,4.641311984,5,0,4,9,0.017952521,-8.355669056,6.922179222,4,0,5,9,0.1371574771,-6.285847895,3.216048328,2,0,7,9,0.3943403342,-8.347442879,11.17160922,4,0,5,9,-0.3723596769,-5.863549827,3.247755089,7,0,2,9,0.1264301617,-6.815456325,5.838837771,3,0,6,9,-0.1865517103,-5.653601303,2.834878937,5,0,4,9,0.361858451,-6.251713922,6.05354386,2,0,7,9,9,9,9,9,9,9,9,descriptive design grid within one frozen realization; ranges are not uncertainty intervals,1,conditional on one frozen realization; no sampling inference,2026-08-26T18:12:43.884305+00:00,publication-outputs-1.0.0,0950b556111bec172d56ad34fe3569f251832a44e44c7eb43f636e6af321a5a1,ac36628fef7684bc08672b4c0678d32822a62f1b86b86ed9e5e19afa29f97220,cf2fef52687428f0eab74fc123ceb2a36cb6d0fc70d5442d221c955a4753ae2f,a0b23907336269b78a7cfd2eb7057232c7afcf87129f8a4c9d0f5e93faa0a5ef,d0bde0ec0552c341e5ead1b4598d63352fb999a1674433bd60a7c7c3d3287ac0,9c306d57a391d92a493f0b9590b5ec0d2af7679ab1dc1116abab6b6253017763,300
V1Ia,RG,off_diagonal,none,9,9,0,0,9,-2.275905145,-10.26674405,4.0420473,7,0,2,9,0.1001917426,-5.109835655,1.150952189,4,0,5,9,-2.315113233,-11.21910046,3.089690886,7,0,2,9,-0.7674456867,-1.620528016,4.157479241,6,0,3,9,4.076964495,-9.208889934,14.8923522,1,0,8,9,0.1422541386,-5.182846303,0.9445109457,3,0,6,9,3.753546016,-9.532308413,19.60045118,1,0,8,9,1.346228691,-1.267929425,4.859427824,3,0,6,,,,,,,,,descriptive design grid within one frozen realization; ranges are not uncertainty intervals,1,conditional on one frozen realization; no sampling inference,2026-08-26T18:12:43.884305+00:00,publication-outputs-1.0.0,0950b556111bec172d56ad34fe3569f251832a44e44c7eb43f636e6af321a5a1,ac36628fef7684bc08672b4c0678d32822a62f1b86b86ed9e5e19afa29f97220,cf2fef52687428f0eab74fc123ceb2a36cb6d0fc70d5442d221c955a4753ae2f,a0b23907336269b78a7cfd2eb7057232c7afcf87129f8a4c9d0f5e93faa0a5ef,d0bde0ec0552c341e5ead1b4598d63352fb999a1674433bd60a7c7c3d3287ac0,9c306d57a391d92a493f0b9590b5ec0d2af7679ab1dc1116abab6b6253017763,300
V1Ia,RG,off_diagonal,excitatory,9,9,0,0,9,-8.980196186,-30.55568373,9.109624873,5,0,4,9,0.1303040684,-17.37539699,22.51025205,4,0,5,9,-9.726715906,-31.30220345,15.63809728,6,0,3,9,-3.707008654,-28.21687579,16.62887727,5,0,4,9,0.7011863287,-12.52571443,26.98148254,4,0,5,9,-0.2203954482,-11.91543775,27.31094382,5,0,4,9,0.338094177,-14.96727581,35.9417006,4,0,5,9,4.951488619,-37.01887692,12.7560351,4,0,5,9,9,9,6,9,9,6,6,descriptive design grid within one frozen realization; ranges are not uncertainty intervals,1,conditional on one frozen realization; no sampling inference,2026-08-26T18:12:43.884305+00:00,publication-outputs-1.0.0,0950b556111bec172d56ad34fe3569f251832a44e44c7eb43f636e6af321a5a1,ac36628fef7684bc08672b4c0678d32822a62f1b86b86ed9e5e19afa29f97220,cf2fef52687428f0eab74fc123ceb2a36cb6d0fc70d5442d221c955a4753ae2f,a0b23907336269b78a7cfd2eb7057232c7afcf87129f8a4c9d0f5e93faa0a5ef,d0bde0ec0552c341e5ead1b4598d63352fb999a1674433bd60a7c7c3d3287ac0,9c306d57a391d92a493f0b9590b5ec0d2af7679ab1dc1116abab6b6253017763,300
V1Ia,RG,off_diagonal,inhibitory,9,9,0,0,9,-3.008248183,-6.523821461,3.849452628,8,0,1,9,-0.3525882725,-5.879007006,2.330552888,5,0,4,9,-2.274072482,-6.80096979,3.572304299,8,0,1,9,0.6631306485,-1.661218027,5.601858677,2,0,7,9,2.739157444,1.432105066,15.02382124,0,0,9,9,0.03846927553,-4.383657952,0.545177358,3,0,6,9,1.995597458,-1.09795452,19.31380568,2,0,7,9,0.4024867005,-3.138693547,4.334224834,1,0,8,9,9,9,6,9,9,6,6,descriptive design grid within one frozen realization; ranges are not uncertainty intervals,1,conditional on one frozen realization; no sampling inference,2026-08-26T18:12:43.884305+00:00,publication-outputs-1.0.0,0950b556111bec172d56ad34fe3569f251832a44e44c7eb43f636e6af321a5a1,ac36628fef7684bc08672b4c0678d32822a62f1b86b86ed9e5e19afa29f97220,cf2fef52687428f0eab74fc123ceb2a36cb6d0fc70d5442d221c955a4753ae2f,a0b23907336269b78a7cfd2eb7057232c7afcf87129f8a4c9d0f5e93faa0a5ef,d0bde0ec0552c341e5ead1b4598d63352fb999a1674433bd60a7c7c3d3287ac0,9c306d57a391d92a493f0b9590b5ec0d2af7679ab1dc1116abab6b6253017763,300
V1Ia,PF,off_diagonal,none,9,9,0,0,9,-2.275905145,-10.26674405,4.0420473,7,0,2,9,0.03039713982,-10.82724485,5.29148442,4,0,5,9,-2.275905145,-10.26674405,4.0420473,7,0,2,9,-0.03039713982,-5.29148442,10.82724485,5,0,4,9,4.076964495,-9.208889934,14.8923522,1,0,8,9,-0.3726475631,-14.0961597,7.347511887,8,0,1,9,4.076964495,-9.208889934,14.8923522,1,0,8,9,0.3726475631,-7.347511887,14.0961597,1,0,8,,,,,,,,,descriptive design grid within one frozen realization; ranges are not uncertainty intervals,1,conditional on one frozen realization; no sampling inference,2026-08-26T18:12:43.884305+00:00,publication-outputs-1.0.0,0950b556111bec172d56ad34fe3569f251832a44e44c7eb43f636e6af321a5a1,ac36628fef7684bc08672b4c0678d32822a62f1b86b86ed9e5e19afa29f97220,cf2fef52687428f0eab74fc123ceb2a36cb6d0fc70d5442d221c955a4753ae2f,a0b23907336269b78a7cfd2eb7057232c7afcf87129f8a4c9d0f5e93faa0a5ef,d0bde0ec0552c341e5ead1b4598d63352fb999a1674433bd60a7c7c3d3287ac0,9c306d57a391d92a493f0b9590b5ec0d2af7679ab1dc1116abab6b6253017763,300
V1Ia,PF,off_diagonal,excitatory,9,9,0,0,9,-8.980196186,-30.55568373,9.109624873,5,0,4,9,0.1445608819,-16.85700968,5.35105073,3,0,6,9,-8.980196186,-30.55568373,9.109624873,5,0,4,9,-0.1445608819,-5.35105073,16.85700968,6,0,3,9,0.7011863287,-12.52571443,26.98148254,4,0,5,9,0.02364516252,-14.280437,5.85211782,4,0,5,9,0.7011863287,-12.52571443,26.98148254,4,0,5,9,-0.02364516252,-5.85211782,14.280437,5,0,4,9,9,9,6,9,9,9,6,descriptive design grid within one frozen realization; ranges are not uncertainty intervals,1,conditional on one frozen realization; no sampling inference,2026-08-26T18:12:43.884305+00:00,publication-outputs-1.0.0,0950b556111bec172d56ad34fe3569f251832a44e44c7eb43f636e6af321a5a1,ac36628fef7684bc08672b4c0678d32822a62f1b86b86ed9e5e19afa29f97220,cf2fef52687428f0eab74fc123ceb2a36cb6d0fc70d5442d221c955a4753ae2f,a0b23907336269b78a7cfd2eb7057232c7afcf87129f8a4c9d0f5e93faa0a5ef,d0bde0ec0552c341e5ead1b4598d63352fb999a1674433bd60a7c7c3d3287ac0,9c306d57a391d92a493f0b9590b5ec0d2af7679ab1dc1116abab6b6253017763,300
V1Ia,PF,off_diagonal,inhibitory,9,9,0,0,9,-3.008248183,-6.523821461,3.849452628,8,0,1,9,-1.420871879,-5.577497408,2.74119681,5,0,4,9,-3.008248183,-6.523821461,3.849452628,8,0,1,9,1.420871879,-2.74119681,5.577497408,4,0,5,9,2.739157444,1.432105066,15.02382124,0,0,9,9,-0.01054312042,-5.838100381,1.099181112,5,0,4,9,2.739157444,1.432105066,15.02382124,0,0,9,9,0.01054312042,-1.099181112,5.838100381,4,0,5,9,9,9,6,9,9,9,6,descriptive design grid within one frozen realization; ranges are not uncertainty intervals,1,conditional on one frozen realization; no sampling inference,2026-08-26T18:12:43.884305+00:00,publication-outputs-1.0.0,0950b556111bec172d56ad34fe3569f251832a44e44c7eb43f636e6af321a5a1,ac36628fef7684bc08672b4c0678d32822a62f1b86b86ed9e5e19afa29f97220,cf2fef52687428f0eab74fc123ceb2a36cb6d0fc70d5442d221c955a4753ae2f,a0b23907336269b78a7cfd2eb7057232c7afcf87129f8a4c9d0f5e93faa0a5ef,d0bde0ec0552c341e5ead1b4598d63352fb999a1674433bd60a7c7c3d3287ac0,9c306d57a391d92a493f0b9590b5ec0d2af7679ab1dc1116abab6b6253017763,300
V1Ia,MN,off_diagonal,none,9,9,0,0,9,-2.275905145,-10.26674405,4.0420473,7,0,2,9,-0.1301498489,-13.12044858,11.18795089,5,0,4,9,-2.275905145,-10.26674405,4.0420473,7,0,2,9,0.1301498489,-11.18795089,13.12044858,4,0,5,9,4.076964495,-9.208889934,14.8923522,1,0,8,9,-0.1424882411,-14.63500264,8.048894925,5,0,4,9,4.076964495,-9.208889934,14.8923522,1,0,8,9,0.1424882411,-8.048894925,14.63500264,4,0,5,,,,,,,,,descriptive design grid within one frozen realization; ranges are not uncertainty intervals,1,conditional on one frozen realization; no sampling inference,2026-08-26T18:12:43.884305+00:00,publication-outputs-1.0.0,0950b556111bec172d56ad34fe3569f251832a44e44c7eb43f636e6af321a5a1,ac36628fef7684bc08672b4c0678d32822a62f1b86b86ed9e5e19afa29f97220,cf2fef52687428f0eab74fc123ceb2a36cb6d0fc70d5442d221c955a4753ae2f,a0b23907336269b78a7cfd2eb7057232c7afcf87129f8a4c9d0f5e93faa0a5ef,d0bde0ec0552c341e5ead1b4598d63352fb999a1674433bd60a7c7c3d3287ac0,9c306d57a391d92a493f0b9590b5ec0d2af7679ab1dc1116abab6b6253017763,300
V1Ia,MN,off_diagonal,excitatory,9,9,0,0,9,-8.980196186,-30.55568373,9.109624873,5,0,4,9,0.1554482056,-13.29057422,5.662073151,3,0,6,9,-8.980196186,-30.55568373,9.109624873,5,0,4,9,-0.1554482056,-5.662073151,13.29057422,6,0,3,9,0.7011863287,-12.52571443,26.98148254,4,0,5,9,0.1418366257,-8.091418611,11.16366843,3,0,6,9,0.7011863287,-12.52571443,26.98148254,4,0,5,9,-0.1418366257,-11.16366843,8.091418611,6,0,3,9,9,9,6,9,9,9,6,descriptive design grid within one frozen realization; ranges are not uncertainty intervals,1,conditional on one frozen realization; no sampling inference,2026-08-26T18:12:43.884305+00:00,publication-outputs-1.0.0,0950b556111bec172d56ad34fe3569f251832a44e44c7eb43f636e6af321a5a1,ac36628fef7684bc08672b4c0678d32822a62f1b86b86ed9e5e19afa29f97220,cf2fef52687428f0eab74fc123ceb2a36cb6d0fc70d5442d221c955a4753ae2f,a0b23907336269b78a7cfd2eb7057232c7afcf87129f8a4c9d0f5e93faa0a5ef,d0bde0ec0552c341e5ead1b4598d63352fb999a1674433bd60a7c7c3d3287ac0,9c306d57a391d92a493f0b9590b5ec0d2af7679ab1dc1116abab6b6253017763,300
V1Ia,MN,off_diagonal,inhibitory,9,9,0,0,9,-3.008248183,-6.523821461,3.849452628,8,0,1,9,-0.02585095362,-7.212839255,14.37606313,5,0,4,9,-3.008248183,-6.523821461,3.849452628,8,0,1,9,0.02585095362,-14.37606313,7.212839255,4,0,5,9,2.739157444,1.432105066,15.02382124,0,0,9,9,0.0119287897,-6.923700649,10.98219517,4,0,5,9,2.739157444,1.432105066,15.02382124,0,0,9,9,-0.0119287897,-10.98219517,6.923700649,5,0,4,9,9,9,6,9,9,9,6,descriptive design grid within one frozen realization; ranges are not uncertainty intervals,1,conditional on one frozen realization; no sampling inference,2026-08-26T18:12:43.884305+00:00,publication-outputs-1.0.0,0950b556111bec172d56ad34fe3569f251832a44e44c7eb43f636e6af321a5a1,ac36628fef7684bc08672b4c0678d32822a62f1b86b86ed9e5e19afa29f97220,cf2fef52687428f0eab74fc123ceb2a36cb6d0fc70d5442d221c955a4753ae2f,a0b23907336269b78a7cfd2eb7057232c7afcf87129f8a4c9d0f5e93faa0a5ef,d0bde0ec0552c341e5ead1b4598d63352fb999a1674433bd60a7c7c3d3287ac0,9c306d57a391d92a493f0b9590b5ec0d2af7679ab1dc1116abab6b6253017763,300
V1Ia,V0D,off_diagonal,none,9,9,0,0,9,-2.275905145,-10.26674405,4.0420473,7,0,2,9,-0.3163063316,-1.86486278,2.716080324,5,0,4,9,-2.331847779,-5.731357662,13.63225665,7,0,2,9,1.638617064,-0.612057905,11.16666447,2,0,7,9,4.076964495,-9.208889934,14.8923522,1,0,8,9,0.05915773152,-2.425927127,1.184054278,4,0,5,9,10.8065715,-2.479282927,14.84573668,1,0,8,9,0.625462115,-0.2563821002,9.155534134,4,0,5,,,,,,,,,descriptive design grid within one frozen realization; ranges are not uncertainty intervals,1,conditional on one frozen realization; no sampling inference,2026-08-26T18:12:43.884305+00:00,publication-outputs-1.0.0,0950b556111bec172d56ad34fe3569f251832a44e44c7eb43f636e6af321a5a1,ac36628fef7684bc08672b4c0678d32822a62f1b86b86ed9e5e19afa29f97220,cf2fef52687428f0eab74fc123ceb2a36cb6d0fc70d5442d221c955a4753ae2f,a0b23907336269b78a7cfd2eb7057232c7afcf87129f8a4c9d0f5e93faa0a5ef,d0bde0ec0552c341e5ead1b4598d63352fb999a1674433bd60a7c7c3d3287ac0,9c306d57a391d92a493f0b9590b5ec0d2af7679ab1dc1116abab6b6253017763,300
V1Ia,V0D,off_diagonal,excitatory,9,9,0,0,9,-8.980196186,-30.55568373,9.109624873,5,0,4,9,-0.8931558241,-8.304737349,1.925695312,5,0,4,9,-4.459745417,-30.5789652,9.218876844,5,0,4,9,2.049076324,-1.948976788,13.58726066,2,0,7,9,0.7011863287,-12.52571443,26.98148254,4,0,5,9,-0.08614679914,-13.93033481,2.435247222,6,0,3,9,0.6504171877,-12.57648357,26.89658234,4,0,5,9,-0.04242283793,-7.849788914,8.515793122,5,0,4,9,9,9,6,9,9,9,6,descriptive design grid within one frozen realization; ranges are not uncertainty intervals,1,conditional on one frozen realization; no sampling inference,2026-08-26T18:12:43.884305+00:00,publication-outputs-1.0.0,0950b556111bec172d56ad34fe3569f251832a44e44c7eb43f636e6af321a5a1,ac36628fef7684bc08672b4c0678d32822a62f1b86b86ed9e5e19afa29f97220,cf2fef52687428f0eab74fc123ceb2a36cb6d0fc70d5442d221c955a4753ae2f,a0b23907336269b78a7cfd2eb7057232c7afcf87129f8a4c9d0f5e93faa0a5ef,d0bde0ec0552c341e5ead1b4598d63352fb999a1674433bd60a7c7c3d3287ac0,9c306d57a391d92a493f0b9590b5ec0d2af7679ab1dc1116abab6b6253017763,300
V1Ia,V0D,off_diagonal,inhibitory,9,9,0,0,9,-3.008248183,-6.523821461,3.849452628,8,0,1,9,0.02756715173,-4.949540148,6.2249945,4,0,5,9,-0.9812440648,-4.255903505,11.09649128,6,0,3,9,0.4712108876,-5.726216461,12.1965788,2,0,7,9,2.739157444,1.432105066,15.02382124,0,0,9,9,0.1183873452,-2.76720121,5.287955437,3,0,6,9,1.630616426,0.9055046257,14.85820054,0,0,9,9,-0.2343890513,-5.453576137,1.658660192,8,0,1,9,9,9,6,9,9,9,6,descriptive design grid within one frozen realization; ranges are not uncertainty intervals,1,conditional on one frozen realization; no sampling inference,2026-08-26T18:12:43.884305+00:00,publication-outputs-1.0.0,0950b556111bec172d56ad34fe3569f251832a44e44c7eb43f636e6af321a5a1,ac36628fef7684bc08672b4c0678d32822a62f1b86b86ed9e5e19afa29f97220,cf2fef52687428f0eab74fc123ceb2a36cb6d0fc70d5442d221c955a4753ae2f,a0b23907336269b78a7cfd2eb7057232c7afcf87129f8a4c9d0f5e93faa0a5ef,d0bde0ec0552c341e5ead1b4598d63352fb999a1674433bd60a7c7c3d3287ac0,9c306d57a391d92a493f0b9590b5ec0d2af7679ab1dc1116abab6b6253017763,300
V1Ia,V0V,off_diagonal,none,9,9,0,0,9,-2.275905145,-10.26674405,4.0420473,7,0,2,9,-0.003996768116,-11.72681718,14.0899718,5,0,4,9,-2.275905145,-10.26674405,4.0420473,7,0,2,9,0.003996768116,-14.0899718,11.72681718,4,0,5,9,4.076964495,-9.208889934,14.8923522,1,0,8,9,-0.07402181101,-12.77463156,11.81795365,6,0,3,9,4.076964495,-9.208889934,14.8923522,1,0,8,9,0.07402181101,-11.81795365,12.77463156,3,0,6,,,,,,,,,descriptive design grid within one frozen realization; ranges are not uncertainty intervals,1,conditional on one frozen realization; no sampling inference,2026-08-26T18:12:43.884305+00:00,publication-outputs-1.0.0,0950b556111bec172d56ad34fe3569f251832a44e44c7eb43f636e6af321a5a1,ac36628fef7684bc08672b4c0678d32822a62f1b86b86ed9e5e19afa29f97220,cf2fef52687428f0eab74fc123ceb2a36cb6d0fc70d5442d221c955a4753ae2f,a0b23907336269b78a7cfd2eb7057232c7afcf87129f8a4c9d0f5e93faa0a5ef,d0bde0ec0552c341e5ead1b4598d63352fb999a1674433bd60a7c7c3d3287ac0,9c306d57a391d92a493f0b9590b5ec0d2af7679ab1dc1116abab6b6253017763,300
V1Ia,V0V,off_diagonal,excitatory,9,9,0,0,9,-8.980196186,-30.55568373,9.109624873,5,0,4,9,0,-11.71076518,8.781780944,4,1,4,9,-8.980196186,-30.55568373,9.109624873,5,0,4,9,0,-8.781780944,11.71076518,4,1,4,9,0.7011863287,-12.52571443,26.98148254,4,0,5,9,0.04881498003,-14.89459464,4.591250911,3,1,5,9,0.7011863287,-12.52571443,26.98148254,4,0,5,9,-0.04881498003,-4.591250911,14.89459464,5,1,3,9,9,9,6,9,9,9,6,descriptive design grid within one frozen realization; ranges are not uncertainty intervals,1,conditional on one frozen realization; no sampling inference,2026-08-26T18:12:43.884305+00:00,publication-outputs-1.0.0,0950b556111bec172d56ad34fe3569f251832a44e44c7eb43f636e6af321a5a1,ac36628fef7684bc08672b4c0678d32822a62f1b86b86ed9e5e19afa29f97220,cf2fef52687428f0eab74fc123ceb2a36cb6d0fc70d5442d221c955a4753ae2f,a0b23907336269b78a7cfd2eb7057232c7afcf87129f8a4c9d0f5e93faa0a5ef,d0bde0ec0552c341e5ead1b4598d63352fb999a1674433bd60a7c7c3d3287ac0,9c306d57a391d92a493f0b9590b5ec0d2af7679ab1dc1116abab6b6253017763,300
V1Ia,V0V,off_diagonal,inhibitory,9,9,0,0,9,-3.008248183,-6.523821461,3.849452628,8,0,1,9,0.05172836118,-3.688030454,7.0051361,3,0,6,9,-3.008248183,-6.523821461,3.849452628,8,0,1,9,-0.05172836118,-7.0051361,3.688030454,6,0,3,9,2.739157444,1.432105066,15.02382124,0,0,9,9,-0.08994719801,-5.228123276,6.380009816,6,0,3,9,2.739157444,1.432105066,15.02382124,0,0,9,9,0.08994719801,-6.380009816,5.228123276,3,0,6,9,9,9,6,9,9,9,6,descriptive design grid within one frozen realization; ranges are not uncertainty intervals,1,conditional on one frozen realization; no sampling inference,2026-08-26T18:12:43.884305+00:00,publication-outputs-1.0.0,0950b556111bec172d56ad34fe3569f251832a44e44c7eb43f636e6af321a5a1,ac36628fef7684bc08672b4c0678d32822a62f1b86b86ed9e5e19afa29f97220,cf2fef52687428f0eab74fc123ceb2a36cb6d0fc70d5442d221c955a4753ae2f,a0b23907336269b78a7cfd2eb7057232c7afcf87129f8a4c9d0f5e93faa0a5ef,d0bde0ec0552c341e5ead1b4598d63352fb999a1674433bd60a7c7c3d3287ac0,9c306d57a391d92a493f0b9590b5ec0d2af7679ab1dc1116abab6b6253017763,300
V1Ia,V2a,off_diagonal,none,9,9,0,0,9,-2.275905145,-10.26674405,4.0420473,7,0,2,9,-0.09024583231,-9.644689165,1.890867591,5,0,4,9,-2.275905145,-10.26674405,4.0420473,7,0,2,9,0.09024583231,-1.890867591,9.644689165,4,0,5,9,4.076964495,-9.208889934,14.8923522,1,0,8,9,-0.2559473438,-8.367892515,2.120312378,5,0,4,9,4.076964495,-9.208889934,14.8923522,1,0,8,9,0.2559473438,-2.120312378,8.367892515,4,0,5,,,,,,,,,descriptive design grid within one frozen realization; ranges are not uncertainty intervals,1,conditional on one frozen realization; no sampling inference,2026-08-26T18:12:43.884305+00:00,publication-outputs-1.0.0,0950b556111bec172d56ad34fe3569f251832a44e44c7eb43f636e6af321a5a1,ac36628fef7684bc08672b4c0678d32822a62f1b86b86ed9e5e19afa29f97220,cf2fef52687428f0eab74fc123ceb2a36cb6d0fc70d5442d221c955a4753ae2f,a0b23907336269b78a7cfd2eb7057232c7afcf87129f8a4c9d0f5e93faa0a5ef,d0bde0ec0552c341e5ead1b4598d63352fb999a1674433bd60a7c7c3d3287ac0,9c306d57a391d92a493f0b9590b5ec0d2af7679ab1dc1116abab6b6253017763,300
V1Ia,V2a,off_diagonal,excitatory,9,9,0,0,9,-8.980196186,-30.55568373,9.109624873,5,0,4,9,0.9089382621,-5.665078828,21.73198266,3,0,6,9,-8.980196186,-30.55568373,9.109624873,5,0,4,9,-0.9089382621,-21.73198266,5.665078828,6,0,3,9,0.7011863287,-12.52571443,26.98148254,4,0,5,9,-0.2902632994,-5.622391402,5.326276511,6,0,3,9,0.7011863287,-12.52571443,26.98148254,4,0,5,9,0.2902632994,-5.326276511,5.622391402,3,0,6,9,9,9,6,9,9,9,6,descriptive design grid within one frozen realization; ranges are not uncertainty intervals,1,conditional on one frozen realization; no sampling inference,2026-08-26T18:12:43.884305+00:00,publication-outputs-1.0.0,0950b556111bec172d56ad34fe3569f251832a44e44c7eb43f636e6af321a5a1,ac36628fef7684bc08672b4c0678d32822a62f1b86b86ed9e5e19afa29f97220,cf2fef52687428f0eab74fc123ceb2a36cb6d0fc70d5442d221c955a4753ae2f,a0b23907336269b78a7cfd2eb7057232c7afcf87129f8a4c9d0f5e93faa0a5ef,d0bde0ec0552c341e5ead1b4598d63352fb999a1674433bd60a7c7c3d3287ac0,9c306d57a391d92a493f0b9590b5ec0d2af7679ab1dc1116abab6b6253017763,300
V1Ia,V2a,off_diagonal,inhibitory,9,9,0,0,9,-3.008248183,-6.523821461,3.849452628,8,0,1,9,-1.143338442,-4.540148965,6.477691251,5,0,4,9,-3.008248183,-6.523821461,3.849452628,8,0,1,9,1.143338442,-6.477691251,4.540148965,4,0,5,9,2.739157444,1.432105066,15.02382124,0,0,9,9,0.07422689279,-1.949120915,1.425321008,4,0,5,9,2.739157444,1.432105066,15.02382124,0,0,9,9,-0.07422689279,-1.425321008,1.949120915,5,0,4,9,9,9,6,9,9,9,6,descriptive design grid within one frozen realization; ranges are not uncertainty intervals,1,conditional on one frozen realization; no sampling inference,2026-08-26T18:12:43.884305+00:00,publication-outputs-1.0.0,0950b556111bec172d56ad34fe3569f251832a44e44c7eb43f636e6af321a5a1,ac36628fef7684bc08672b4c0678d32822a62f1b86b86ed9e5e19afa29f97220,cf2fef52687428f0eab74fc123ceb2a36cb6d0fc70d5442d221c955a4753ae2f,a0b23907336269b78a7cfd2eb7057232c7afcf87129f8a4c9d0f5e93faa0a5ef,d0bde0ec0552c341e5ead1b4598d63352fb999a1674433bd60a7c7c3d3287ac0,9c306d57a391d92a493f0b9590b5ec0d2af7679ab1dc1116abab6b6253017763,300
V1Ia,V3,off_diagonal,none,9,9,0,0,9,-2.275905145,-10.26674405,4.0420473,7,0,2,9,0,-5.683552172,5.507114803,2,4,3,9,-2.275905145,-10.26674405,4.0420473,7,0,2,9,0,-5.507114803,5.683552172,3,4,2,9,4.076964495,-9.208889934,14.8923522,1,0,8,9,0,-4.121713865,5.204434927,2,4,3,9,4.076964495,-9.208889934,14.8923522,1,0,8,9,0,-5.204434927,4.121713865,3,4,2,,,,,,,,,descriptive design grid within one frozen realization; ranges are not uncertainty intervals,1,conditional on one frozen realization; no sampling inference,2026-08-26T18:12:43.884305+00:00,publication-outputs-1.0.0,0950b556111bec172d56ad34fe3569f251832a44e44c7eb43f636e6af321a5a1,ac36628fef7684bc08672b4c0678d32822a62f1b86b86ed9e5e19afa29f97220,cf2fef52687428f0eab74fc123ceb2a36cb6d0fc70d5442d221c955a4753ae2f,a0b23907336269b78a7cfd2eb7057232c7afcf87129f8a4c9d0f5e93faa0a5ef,d0bde0ec0552c341e5ead1b4598d63352fb999a1674433bd60a7c7c3d3287ac0,9c306d57a391d92a493f0b9590b5ec0d2af7679ab1dc1116abab6b6253017763,300
V1Ia,V3,off_diagonal,excitatory,9,9,0,0,9,-8.980196186,-30.55568373,9.109624873,5,0,4,9,0.0001278292883,-0.5483558344,3.781604423,2,2,5,9,-8.980196186,-30.55568373,9.109624873,5,0,4,9,-0.0001278292883,-3.781604423,0.5483558344,5,2,2,9,0.7011863287,-12.52571443,26.98148254,4,0,5,9,0,-0.6034253864,4.628985039,4,2,3,9,0.7011863287,-12.52571443,26.98148254,4,0,5,9,0,-4.628985039,0.6034253864,3,2,4,9,9,9,6,9,9,9,6,descriptive design grid within one frozen realization; ranges are not uncertainty intervals,1,conditional on one frozen realization; no sampling inference,2026-08-26T18:12:43.884305+00:00,publication-outputs-1.0.0,0950b556111bec172d56ad34fe3569f251832a44e44c7eb43f636e6af321a5a1,ac36628fef7684bc08672b4c0678d32822a62f1b86b86ed9e5e19afa29f97220,cf2fef52687428f0eab74fc123ceb2a36cb6d0fc70d5442d221c955a4753ae2f,a0b23907336269b78a7cfd2eb7057232c7afcf87129f8a4c9d0f5e93faa0a5ef,d0bde0ec0552c341e5ead1b4598d63352fb999a1674433bd60a7c7c3d3287ac0,9c306d57a391d92a493f0b9590b5ec0d2af7679ab1dc1116abab6b6253017763,300
V1Ia,V3,off_diagonal,inhibitory,9,9,0,0,9,-3.008248183,-6.523821461,3.849452628,8,0,1,9,0.009495716273,-0.9981802217,1.617788149,2,2,5,9,-3.008248183,-6.523821461,3.849452628,8,0,1,9,-0.009495716273,-1.617788149,0.9981802217,5,2,2,9,2.739157444,1.432105066,15.02382124,0,0,9,9,0,-1.465663406,0.6712800417,3,3,3,9,2.739157444,1.432105066,15.02382124,0,0,9,9,0,-0.6712800417,1.465663406,3,3,3,9,9,9,6,9,9,9,6,descriptive design grid within one frozen realization; ranges are not uncertainty intervals,1,conditional on one frozen realization; no sampling inference,2026-08-26T18:12:43.884305+00:00,publication-outputs-1.0.0,0950b556111bec172d56ad34fe3569f251832a44e44c7eb43f636e6af321a5a1,ac36628fef7684bc08672b4c0678d32822a62f1b86b86ed9e5e19afa29f97220,cf2fef52687428f0eab74fc123ceb2a36cb6d0fc70d5442d221c955a4753ae2f,a0b23907336269b78a7cfd2eb7057232c7afcf87129f8a4c9d0f5e93faa0a5ef,d0bde0ec0552c341e5ead1b4598d63352fb999a1674433bd60a7c7c3d3287ac0,9c306d57a391d92a493f0b9590b5ec0d2af7679ab1dc1116abab6b6253017763,300
V1Ia,V1Ia,diagonal,none,9,9,0,0,9,-2.275905145,-10.26674405,4.0420473,7,0,2,9,-0.1269727105,-0.9610000183,3.336709977,5,0,4,9,-2.275905145,-10.26674405,4.0420473,7,0,2,9,0.1269727105,-3.336709977,0.9610000183,4,0,5,9,4.076964495,-9.208889934,14.8923522,1,0,8,9,0.02036111692,-4.323843525,6.809697092,4,0,5,9,4.076964495,-9.208889934,14.8923522,1,0,8,9,-0.02036111692,-6.809697092,4.323843525,5,0,4,,,,,,,,,descriptive design grid within one frozen realization; ranges are not uncertainty intervals,1,conditional on one frozen realization; no sampling inference,2026-08-26T18:12:43.884305+00:00,publication-outputs-1.0.0,0950b556111bec172d56ad34fe3569f251832a44e44c7eb43f636e6af321a5a1,ac36628fef7684bc08672b4c0678d32822a62f1b86b86ed9e5e19afa29f97220,cf2fef52687428f0eab74fc123ceb2a36cb6d0fc70d5442d221c955a4753ae2f,a0b23907336269b78a7cfd2eb7057232c7afcf87129f8a4c9d0f5e93faa0a5ef,d0bde0ec0552c341e5ead1b4598d63352fb999a1674433bd60a7c7c3d3287ac0,9c306d57a391d92a493f0b9590b5ec0d2af7679ab1dc1116abab6b6253017763,300
V1Ia,V1Ia,diagonal,excitatory,9,9,0,0,9,-8.980196186,-30.55568373,9.109624873,5,0,4,9,0.1425756599,-17.16208498,20.40886289,4,0,5,9,-8.980196186,-30.55568373,9.109624873,5,0,4,9,-0.1425756599,-20.40886289,17.16208498,5,0,4,9,0.7011863287,-12.52571443,26.98148254,4,0,5,9,0.6024481381,-12.79642834,9.150176688,3,0,6,9,0.7011863287,-12.52571443,26.98148254,4,0,5,9,-0.6024481381,-9.150176688,12.79642834,6,0,3,9,9,9,6,9,9,9,6,descriptive design grid within one frozen realization; ranges are not uncertainty intervals,1,conditional on one frozen realization; no sampling inference,2026-08-26T18:12:43.884305+00:00,publication-outputs-1.0.0,0950b556111bec172d56ad34fe3569f251832a44e44c7eb43f636e6af321a5a1,ac36628fef7684bc08672b4c0678d32822a62f1b86b86ed9e5e19afa29f97220,cf2fef52687428f0eab74fc123ceb2a36cb6d0fc70d5442d221c955a4753ae2f,a0b23907336269b78a7cfd2eb7057232c7afcf87129f8a4c9d0f5e93faa0a5ef,d0bde0ec0552c341e5ead1b4598d63352fb999a1674433bd60a7c7c3d3287ac0,9c306d57a391d92a493f0b9590b5ec0d2af7679ab1dc1116abab6b6253017763,300
V1Ia,V1Ia,diagonal,inhibitory,9,9,0,0,9,-3.008248183,-6.523821461,3.849452628,8,0,1,9,0.02756715173,-4.345708136,11.26774037,4,0,5,9,-3.008248183,-6.523821461,3.849452628,8,0,1,9,-0.02756715173,-11.26774037,4.345708136,5,0,4,9,2.739157444,1.432105066,15.02382124,0,0,9,9,-0.1943476615,-7.71173631,9.725145447,6,0,3,9,2.739157444,1.432105066,15.02382124,0,0,9,9,0.1943476615,-9.725145447,7.71173631,3,0,6,9,9,9,6,9,9,9,6,descriptive design grid within one frozen realization; ranges are not uncertainty intervals,1,conditional on one frozen realization; no sampling inference,2026-08-26T18:12:43.884305+00:00,publication-outputs-1.0.0,0950b556111bec172d56ad34fe3569f251832a44e44c7eb43f636e6af321a5a1,ac36628fef7684bc08672b4c0678d32822a62f1b86b86ed9e5e19afa29f97220,cf2fef52687428f0eab74fc123ceb2a36cb6d0fc70d5442d221c955a4753ae2f,a0b23907336269b78a7cfd2eb7057232c7afcf87129f8a4c9d0f5e93faa0a5ef,d0bde0ec0552c341e5ead1b4598d63352fb999a1674433bd60a7c7c3d3287ac0,9c306d57a391d92a493f0b9590b5ec0d2af7679ab1dc1116abab6b6253017763,300
V1Ia,V1Ren,off_diagonal,none,9,9,0,0,9,-2.275905145,-10.26674405,4.0420473,7,0,2,9,-0.02753812834,-7.561792011,12.55299006,6,0,3,9,-2.275905145,-10.26674405,4.0420473,7,0,2,9,0.02753812834,-12.55299006,7.561792011,3,0,6,9,4.076964495,-9.208889934,14.8923522,1,0,8,9,0.02301321728,-9.690937504,10.22343828,4,0,5,9,4.076964495,-9.208889934,14.8923522,1,0,8,9,-0.02301321728,-10.22343828,9.690937504,5,0,4,,,,,,,,,descriptive design grid within one frozen realization; ranges are not uncertainty intervals,1,conditional on one frozen realization; no sampling inference,2026-08-26T18:12:43.884305+00:00,publication-outputs-1.0.0,0950b556111bec172d56ad34fe3569f251832a44e44c7eb43f636e6af321a5a1,ac36628fef7684bc08672b4c0678d32822a62f1b86b86ed9e5e19afa29f97220,cf2fef52687428f0eab74fc123ceb2a36cb6d0fc70d5442d221c955a4753ae2f,a0b23907336269b78a7cfd2eb7057232c7afcf87129f8a4c9d0f5e93faa0a5ef,d0bde0ec0552c341e5ead1b4598d63352fb999a1674433bd60a7c7c3d3287ac0,9c306d57a391d92a493f0b9590b5ec0d2af7679ab1dc1116abab6b6253017763,300
V1Ia,V1Ren,off_diagonal,excitatory,9,9,0,0,9,-8.980196186,-30.55568373,9.109624873,5,0,4,9,0.07314067603,-16.23006162,10.26295498,4,0,5,9,-8.980196186,-30.55568373,9.109624873,5,0,4,9,-0.07314067603,-10.26295498,16.23006162,5,0,4,9,0.7011863287,-12.52571443,26.98148254,4,0,5,9,0.1093937287,-14.67401801,10.386384,3,0,6,9,0.7011863287,-12.52571443,26.98148254,4,0,5,9,-0.1093937287,-10.386384,14.67401801,6,0,3,9,9,9,6,9,9,9,6,descriptive design grid within one frozen realization; ranges are not uncertainty intervals,1,conditional on one frozen realization; no sampling inference,2026-08-26T18:12:43.884305+00:00,publication-outputs-1.0.0,0950b556111bec172d56ad34fe3569f251832a44e44c7eb43f636e6af321a5a1,ac36628fef7684bc08672b4c0678d32822a62f1b86b86ed9e5e19afa29f97220,cf2fef52687428f0eab74fc123ceb2a36cb6d0fc70d5442d221c955a4753ae2f,a0b23907336269b78a7cfd2eb7057232c7afcf87129f8a4c9d0f5e93faa0a5ef,d0bde0ec0552c341e5ead1b4598d63352fb999a1674433bd60a7c7c3d3287ac0,9c306d57a391d92a493f0b9590b5ec0d2af7679ab1dc1116abab6b6253017763,300
V1Ia,V1Ren,off_diagonal,inhibitory,9,9,0,0,9,-3.008248183,-6.523821461,3.849452628,8,0,1,9,0.2900652225,-2.722190418,16.09535807,2,0,7,9,-3.008248183,-6.523821461,3.849452628,8,0,1,9,-0.2900652225,-16.09535807,2.722190418,7,0,2,9,2.739157444,1.432105066,15.02382124,0,0,9,9,0.08105321366,-0.7610828082,12.43443248,3,0,6,9,2.739157444,1.432105066,15.02382124,0,0,9,9,-0.08105321366,-12.43443248,0.7610828082,6,0,3,9,9,9,6,9,9,9,6,descriptive design grid within one frozen realization; ranges are not uncertainty intervals,1,conditional on one frozen realization; no sampling inference,2026-08-26T18:12:43.884305+00:00,publication-outputs-1.0.0,0950b556111bec172d56ad34fe3569f251832a44e44c7eb43f636e6af321a5a1,ac36628fef7684bc08672b4c0678d32822a62f1b86b86ed9e5e19afa29f97220,cf2fef52687428f0eab74fc123ceb2a36cb6d0fc70d5442d221c955a4753ae2f,a0b23907336269b78a7cfd2eb7057232c7afcf87129f8a4c9d0f5e93faa0a5ef,d0bde0ec0552c341e5ead1b4598d63352fb999a1674433bd60a7c7c3d3287ac0,9c306d57a391d92a493f0b9590b5ec0d2af7679ab1dc1116abab6b6253017763,300
V1Ia,V2b,off_diagonal,none,9,9,0,0,9,-2.275905145,-10.26674405,4.0420473,7,0,2,9,-0.03534609033,-14.02139068,15.09542504,5,0,4,9,-2.262419576,-13.29479669,1.01399466,8,0,1,9,0.03534609033,-18.12347768,10.99333804,4,0,5,9,4.076964495,-9.208889934,14.8923522,1,0,8,9,0.03998574811,-15.67145664,17.60657418,3,0,6,9,1.244748201,-12.69665367,10.63798359,1,0,8,9,-4.125506192,-21.09433792,12.1836929,7,0,2,,,,,,,,,descriptive design grid within one frozen realization; ranges are not uncertainty intervals,1,conditional on one frozen realization; no sampling inference,2026-08-26T18:12:43.884305+00:00,publication-outputs-1.0.0,0950b556111bec172d56ad34fe3569f251832a44e44c7eb43f636e6af321a5a1,ac36628fef7684bc08672b4c0678d32822a62f1b86b86ed9e5e19afa29f97220,cf2fef52687428f0eab74fc123ceb2a36cb6d0fc70d5442d221c955a4753ae2f,a0b23907336269b78a7cfd2eb7057232c7afcf87129f8a4c9d0f5e93faa0a5ef,d0bde0ec0552c341e5ead1b4598d63352fb999a1674433bd60a7c7c3d3287ac0,9c306d57a391d92a493f0b9590b5ec0d2af7679ab1dc1116abab6b6253017763,300
V1Ia,V2b,off_diagonal,excitatory,9,9,0,0,9,-8.980196186,-30.55568373,9.109624873,5,0,4,9,-0.4273063956,-12.61107269,3.636603236,6,0,3,9,-8.954188567,-30.52967611,8.704258466,6,0,3,9,0.02193998815,-8.353254815,7.894421114,4,0,5,9,0.7011863287,-12.52571443,26.98148254,4,0,5,9,-2.69033523,-15.12517784,1.768887336,7,0,2,9,-1.223596758,-16.81896449,22.44940789,5,0,4,9,-4.05417535,-8.46260275,5.6944336,6,0,3,9,9,9,6,9,9,9,9,descriptive design grid within one frozen realization; ranges are not uncertainty intervals,1,conditional on one frozen realization; no sampling inference,2026-08-26T18:12:43.884305+00:00,publication-outputs-1.0.0,0950b556111bec172d56ad34fe3569f251832a44e44c7eb43f636e6af321a5a1,ac36628fef7684bc08672b4c0678d32822a62f1b86b86ed9e5e19afa29f97220,cf2fef52687428f0eab74fc123ceb2a36cb6d0fc70d5442d221c955a4753ae2f,a0b23907336269b78a7cfd2eb7057232c7afcf87129f8a4c9d0f5e93faa0a5ef,d0bde0ec0552c341e5ead1b4598d63352fb999a1674433bd60a7c7c3d3287ac0,9c306d57a391d92a493f0b9590b5ec0d2af7679ab1dc1116abab6b6253017763,300
V1Ia,V2b,off_diagonal,inhibitory,9,9,0,0,9,-3.008248183,-6.523821461,3.849452628,8,0,1,9,0.017952521,-8.355669056,6.922179222,4,0,5,9,-3.187254273,-6.000075113,4.373198977,8,0,1,9,0.01099243051,-6.398432873,8.879415405,4,0,5,9,2.739157444,1.432105066,15.02382124,0,0,9,9,0.1264301617,-6.815456325,5.838837771,3,0,6,9,1.697255838,-3.468475036,10.53291122,2,0,7,9,-4.30401587,-11.32135845,1.332935645,6,0,3,9,9,9,6,9,9,9,9,descriptive design grid within one frozen realization; ranges are not uncertainty intervals,1,conditional on one frozen realization; no sampling inference,2026-08-26T18:12:43.884305+00:00,publication-outputs-1.0.0,0950b556111bec172d56ad34fe3569f251832a44e44c7eb43f636e6af321a5a1,ac36628fef7684bc08672b4c0678d32822a62f1b86b86ed9e5e19afa29f97220,cf2fef52687428f0eab74fc123ceb2a36cb6d0fc70d5442d221c955a4753ae2f,a0b23907336269b78a7cfd2eb7057232c7afcf87129f8a4c9d0f5e93faa0a5ef,d0bde0ec0552c341e5ead1b4598d63352fb999a1674433bd60a7c7c3d3287ac0,9c306d57a391d92a493f0b9590b5ec0d2af7679ab1dc1116abab6b6253017763,300
V1Ren,RG,off_diagonal,none,9,9,0,0,9,-6.70491737,-9.322724091,0.4311718406,8,0,1,9,0.1001917426,-5.109835655,1.150952189,4,0,5,9,-7.423778779,-8.915482051,-3.083285167,9,0,0,9,-0.03934729499,-6.009848626,4.738010406,5,0,4,9,0.4545592861,-1.869858711,9.736432681,3,0,6,9,0.1422541386,-5.182846303,0.9445109457,3,0,6,9,0.1837960771,-1.595020734,1.35942536,3,0,6,9,-0.07107820624,-10.49714755,5.500627326,5,0,4,,,,,,,,,descriptive design grid within one frozen realization; ranges are not uncertainty intervals,1,conditional on one frozen realization; no sampling inference,2026-08-26T18:12:43.884305+00:00,publication-outputs-1.0.0,0950b556111bec172d56ad34fe3569f251832a44e44c7eb43f636e6af321a5a1,ac36628fef7684bc08672b4c0678d32822a62f1b86b86ed9e5e19afa29f97220,cf2fef52687428f0eab74fc123ceb2a36cb6d0fc70d5442d221c955a4753ae2f,a0b23907336269b78a7cfd2eb7057232c7afcf87129f8a4c9d0f5e93faa0a5ef,d0bde0ec0552c341e5ead1b4598d63352fb999a1674433bd60a7c7c3d3287ac0,9c306d57a391d92a493f0b9590b5ec0d2af7679ab1dc1116abab6b6253017763,300
V1Ren,RG,off_diagonal,excitatory,9,9,0,0,9,1.913816826,-15.72328873,21.83285718,4,0,5,9,0.1303040684,-17.37539699,22.51025205,4,0,5,9,-3.849402855,-15.78205393,41.31034721,5,0,4,9,0.4790482215,-26.12636455,42.96733722,4,0,5,9,-1.551439189,-14.17495269,7.188921194,5,0,4,9,-0.2203954482,-11.91543775,27.31094382,5,0,4,9,-1.719661983,-16.51968514,5.942577516,6,0,3,9,-1.402498874,-26.74266029,22.87829092,6,0,3,9,9,9,9,9,9,9,9,descriptive design grid within one frozen realization; ranges are not uncertainty intervals,1,conditional on one frozen realization; no sampling inference,2026-08-26T18:12:43.884305+00:00,publication-outputs-1.0.0,0950b556111bec172d56ad34fe3569f251832a44e44c7eb43f636e6af321a5a1,ac36628fef7684bc08672b4c0678d32822a62f1b86b86ed9e5e19afa29f97220,cf2fef52687428f0eab74fc123ceb2a36cb6d0fc70d5442d221c955a4753ae2f,a0b23907336269b78a7cfd2eb7057232c7afcf87129f8a4c9d0f5e93faa0a5ef,d0bde0ec0552c341e5ead1b4598d63352fb999a1674433bd60a7c7c3d3287ac0,9c306d57a391d92a493f0b9590b5ec0d2af7679ab1dc1116abab6b6253017763,300
V1Ren,RG,off_diagonal,inhibitory,9,9,0,0,9,-6.500339708,-10.07646609,-3.197401536,9,0,0,9,-0.3525882725,-5.879007006,2.330552888,5,0,4,9,-5.074820217,-14.68992739,-2.560052523,9,0,0,9,0.3415447311,-3.282714991,2.812217089,4,0,5,9,0.2602930281,-2.427135987,1.644941833,4,0,5,9,0.03846927553,-4.383657952,0.545177358,3,0,6,9,0.6956496077,-5.313864587,1.40648439,3,0,6,9,0.3716297044,-1.047425701,2.896585491,3,0,6,9,9,9,9,9,9,9,9,descriptive design grid within one frozen realization; ranges are not uncertainty intervals,1,conditional on one frozen realization; no sampling inference,2026-08-26T18:12:43.884305+00:00,publication-outputs-1.0.0,0950b556111bec172d56ad34fe3569f251832a44e44c7eb43f636e6af321a5a1,ac36628fef7684bc08672b4c0678d32822a62f1b86b86ed9e5e19afa29f97220,cf2fef52687428f0eab74fc123ceb2a36cb6d0fc70d5442d221c955a4753ae2f,a0b23907336269b78a7cfd2eb7057232c7afcf87129f8a4c9d0f5e93faa0a5ef,d0bde0ec0552c341e5ead1b4598d63352fb999a1674433bd60a7c7c3d3287ac0,9c306d57a391d92a493f0b9590b5ec0d2af7679ab1dc1116abab6b6253017763,300
V1Ren,PF,off_diagonal,none,9,9,0,0,9,-6.70491737,-9.322724091,0.4311718406,8,0,1,9,0.03039713982,-10.82724485,5.29148442,4,0,5,9,-7.059224841,-15.63044513,8.729796213,7,0,2,9,0.09779407421,-5.672807288,11.95404538,4,0,5,9,0.4545592861,-1.869858711,9.736432681,3,0,6,9,-0.3726475631,-14.0961597,7.347511887,8,0,1,9,0.3461209323,-13.68402088,8.765789915,2,0,7,9,0.3434074661,-11.95905541,11.16168547,4,0,5,,,,,,,,,descriptive design grid within one frozen realization; ranges are not uncertainty intervals,1,conditional on one frozen realization; no sampling inference,2026-08-26T18:12:43.884305+00:00,publication-outputs-1.0.0,0950b556111bec172d56ad34fe3569f251832a44e44c7eb43f636e6af321a5a1,ac36628fef7684bc08672b4c0678d32822a62f1b86b86ed9e5e19afa29f97220,cf2fef52687428f0eab74fc123ceb2a36cb6d0fc70d5442d221c955a4753ae2f,a0b23907336269b78a7cfd2eb7057232c7afcf87129f8a4c9d0f5e93faa0a5ef,d0bde0ec0552c341e5ead1b4598d63352fb999a1674433bd60a7c7c3d3287ac0,9c306d57a391d92a493f0b9590b5ec0d2af7679ab1dc1116abab6b6253017763,300
V1Ren,PF,off_diagonal,excitatory,9,9,0,0,9,1.913816826,-15.72328873,21.83285718,4,0,5,9,0.1445608819,-16.85700968,5.35105073,3,0,6,9,-3.099173349,-20.95587628,20.29713094,5,0,4,9,-0.7409613576,-16.22413853,9.5347654,5,0,4,9,-1.551439189,-14.17495269,7.188921194,5,0,4,9,0.02364516252,-14.280437,5.85211782,4,0,5,9,0.5794552256,-18.42886546,6.096402462,4,0,5,9,-0.04841548048,-5.011202776,18.15367879,5,0,4,9,9,9,9,9,9,9,9,descriptive design grid within one frozen realization; ranges are not uncertainty intervals,1,conditional on one frozen realization; no sampling inference,2026-08-26T18:12:43.884305+00:00,publication-outputs-1.0.0,0950b556111bec172d56ad34fe3569f251832a44e44c7eb43f636e6af321a5a1,ac36628fef7684bc08672b4c0678d32822a62f1b86b86ed9e5e19afa29f97220,cf2fef52687428f0eab74fc123ceb2a36cb6d0fc70d5442d221c955a4753ae2f,a0b23907336269b78a7cfd2eb7057232c7afcf87129f8a4c9d0f5e93faa0a5ef,d0bde0ec0552c341e5ead1b4598d63352fb999a1674433bd60a7c7c3d3287ac0,9c306d57a391d92a493f0b9590b5ec0d2af7679ab1dc1116abab6b6253017763,300
V1Ren,PF,off_diagonal,inhibitory,9,9,0,0,9,-6.500339708,-10.07646609,-3.197401536,9,0,0,9,-1.420871879,-5.577497408,2.74119681,5,0,4,9,-6.169509138,-9.413198124,7.457655256,8,0,1,9,1.466080114,-0.6058502279,8.775232566,1,0,8,9,0.2602930281,-2.427135987,1.644941833,4,0,5,9,-0.01054312042,-5.838100381,1.099181112,5,0,4,9,0.8079031738,-5.460001479,10.16211194,2,0,7,9,0.2598515781,-0.6516921629,10.26004846,3,0,6,9,9,9,9,9,9,9,9,descriptive design grid within one frozen realization; ranges are not uncertainty intervals,1,conditional on one frozen realization; no sampling inference,2026-08-26T18:12:43.884305+00:00,publication-outputs-1.0.0,0950b556111bec172d56ad34fe3569f251832a44e44c7eb43f636e6af321a5a1,ac36628fef7684bc08672b4c0678d32822a62f1b86b86ed9e5e19afa29f97220,cf2fef52687428f0eab74fc123ceb2a36cb6d0fc70d5442d221c955a4753ae2f,a0b23907336269b78a7cfd2eb7057232c7afcf87129f8a4c9d0f5e93faa0a5ef,d0bde0ec0552c341e5ead1b4598d63352fb999a1674433bd60a7c7c3d3287ac0,9c306d57a391d92a493f0b9590b5ec0d2af7679ab1dc1116abab6b6253017763,300
V1Ren,MN,off_diagonal,none,9,9,0,0,9,-6.70491737,-9.322724091,0.4311718406,8,0,1,9,-0.1301498489,-13.12044858,11.18795089,5,0,4,9,-7.866972814,-11.63496993,4.674440882,8,0,1,9,0.003475647755,-8.465535949,7.995737649,4,0,5,9,0.4545592861,-1.869858711,9.736432681,3,0,6,9,-0.1424882411,-14.63500264,8.048894925,5,0,4,9,0.7681363602,-3.382076164,14.31047702,2,0,7,9,0.1252859983,-5.580564944,12.50398714,4,0,5,,,,,,,,,descriptive design grid within one frozen realization; ranges are not uncertainty intervals,1,conditional on one frozen realization; no sampling inference,2026-08-26T18:12:43.884305+00:00,publication-outputs-1.0.0,0950b556111bec172d56ad34fe3569f251832a44e44c7eb43f636e6af321a5a1,ac36628fef7684bc08672b4c0678d32822a62f1b86b86ed9e5e19afa29f97220,cf2fef52687428f0eab74fc123ceb2a36cb6d0fc70d5442d221c955a4753ae2f,a0b23907336269b78a7cfd2eb7057232c7afcf87129f8a4c9d0f5e93faa0a5ef,d0bde0ec0552c341e5ead1b4598d63352fb999a1674433bd60a7c7c3d3287ac0,9c306d57a391d92a493f0b9590b5ec0d2af7679ab1dc1116abab6b6253017763,300
V1Ren,MN,off_diagonal,excitatory,9,9,0,0,9,1.913816826,-15.72328873,21.83285718,4,0,5,9,0.1554482056,-13.29057422,5.662073151,3,0,6,9,1.773764052,-15.70679057,46.59927869,4,0,5,9,-0.191765883,-18.02332058,56.66049427,6,0,3,9,-1.551439189,-14.17495269,7.188921194,5,0,4,9,0.1418366257,-8.091418611,11.16366843,3,0,6,9,-1.648851779,-18.97477412,7.408338313,5,0,4,9,-0.1418366257,-8.602970838,8.063083853,6,0,3,9,9,9,9,9,9,9,9,descriptive design grid within one frozen realization; ranges are not uncertainty intervals,1,conditional on one frozen realization; no sampling inference,2026-08-26T18:12:43.884305+00:00,publication-outputs-1.0.0,0950b556111bec172d56ad34fe3569f251832a44e44c7eb43f636e6af321a5a1,ac36628fef7684bc08672b4c0678d32822a62f1b86b86ed9e5e19afa29f97220,cf2fef52687428f0eab74fc123ceb2a36cb6d0fc70d5442d221c955a4753ae2f,a0b23907336269b78a7cfd2eb7057232c7afcf87129f8a4c9d0f5e93faa0a5ef,d0bde0ec0552c341e5ead1b4598d63352fb999a1674433bd60a7c7c3d3287ac0,9c306d57a391d92a493f0b9590b5ec0d2af7679ab1dc1116abab6b6253017763,300
V1Ren,MN,off_diagonal,inhibitory,9,9,0,0,9,-6.500339708,-10.07646609,-3.197401536,9,0,0,9,-0.02585095362,-7.212839255,14.37606313,5,0,4,9,-6.981535738,-13.33918361,-2.52816693,9,0,0,9,0.2843236476,-12.84545594,2.359308107,4,0,5,9,0.2602930281,-2.427135987,1.644941833,4,0,5,9,0.0119287897,-6.923700649,10.98219517,4,0,5,9,0.4628762284,-7.068776028,1.331958713,4,0,5,9,0.04266253031,-10.37570139,1.771204523,4,0,5,9,9,9,9,9,9,9,9,descriptive design grid within one frozen realization; ranges are not uncertainty intervals,1,conditional on one frozen realization; no sampling inference,2026-08-26T18:12:43.884305+00:00,publication-outputs-1.0.0,0950b556111bec172d56ad34fe3569f251832a44e44c7eb43f636e6af321a5a1,ac36628fef7684bc08672b4c0678d32822a62f1b86b86ed9e5e19afa29f97220,cf2fef52687428f0eab74fc123ceb2a36cb6d0fc70d5442d221c955a4753ae2f,a0b23907336269b78a7cfd2eb7057232c7afcf87129f8a4c9d0f5e93faa0a5ef,d0bde0ec0552c341e5ead1b4598d63352fb999a1674433bd60a7c7c3d3287ac0,9c306d57a391d92a493f0b9590b5ec0d2af7679ab1dc1116abab6b6253017763,300
V1Ren,V0D,off_diagonal,none,9,9,0,0,9,-6.70491737,-9.322724091,0.4311718406,8,0,1,9,-0.3163063316,-1.86486278,2.716080324,5,0,4,9,-7.96713645,-10.86613158,3.238410787,8,0,1,9,0.2111711153,-7.071952902,5.408144522,4,0,5,9,0.4545592861,-1.869858711,9.736432681,3,0,6,9,0.05915773152,-2.425927127,1.184054278,4,0,5,9,0.2290052104,-8.207717172,4.366230207,4,0,5,9,-0.5913478314,-10.97757295,7.263268808,6,0,3,,,,,,,,,descriptive design grid within one frozen realization; ranges are not uncertainty intervals,1,conditional on one frozen realization; no sampling inference,2026-08-26T18:12:43.884305+00:00,publication-outputs-1.0.0,0950b556111bec172d56ad34fe3569f251832a44e44c7eb43f636e6af321a5a1,ac36628fef7684bc08672b4c0678d32822a62f1b86b86ed9e5e19afa29f97220,cf2fef52687428f0eab74fc123ceb2a36cb6d0fc70d5442d221c955a4753ae2f,a0b23907336269b78a7cfd2eb7057232c7afcf87129f8a4c9d0f5e93faa0a5ef,d0bde0ec0552c341e5ead1b4598d63352fb999a1674433bd60a7c7c3d3287ac0,9c306d57a391d92a493f0b9590b5ec0d2af7679ab1dc1116abab6b6253017763,300
V1Ren,V0D,off_diagonal,excitatory,9,9,0,0,9,1.913816826,-15.72328873,21.83285718,4,0,5,9,-0.8931558241,-8.304737349,1.925695312,5,0,4,9,-4.115870194,-16.59053947,20.14006992,5,0,4,9,-0.4764134187,-5.136531196,14.3817986,5,0,4,9,-1.551439189,-14.17495269,7.188921194,5,0,4,9,-0.08614679914,-13.93033481,2.435247222,6,0,3,9,-0.6937696356,-10.53246856,5.818542288,6,0,3,9,0.1110534329,-5.137829231,18.2981349,4,0,5,9,9,9,9,9,9,9,9,descriptive design grid within one frozen realization; ranges are not uncertainty intervals,1,conditional on one frozen realization; no sampling inference,2026-08-26T18:12:43.884305+00:00,publication-outputs-1.0.0,0950b556111bec172d56ad34fe3569f251832a44e44c7eb43f636e6af321a5a1,ac36628fef7684bc08672b4c0678d32822a62f1b86b86ed9e5e19afa29f97220,cf2fef52687428f0eab74fc123ceb2a36cb6d0fc70d5442d221c955a4753ae2f,a0b23907336269b78a7cfd2eb7057232c7afcf87129f8a4c9d0f5e93faa0a5ef,d0bde0ec0552c341e5ead1b4598d63352fb999a1674433bd60a7c7c3d3287ac0,9c306d57a391d92a493f0b9590b5ec0d2af7679ab1dc1116abab6b6253017763,300
V1Ren,V0D,off_diagonal,inhibitory,9,9,0,0,9,-6.500339708,-10.07646609,-3.197401536,9,0,0,9,0.02756715173,-4.949540148,6.2249945,4,0,5,9,-6.110391535,-9.450137485,1.193580284,8,0,1,9,-0.1588339421,-6.900825392,5.327260014,5,0,4,9,0.2602930281,-2.427135987,1.644941833,4,0,5,9,0.1183873452,-2.76720121,5.287955437,3,0,6,9,0.7999559432,-6.08018683,5.101542351,3,0,6,9,-0.5619391304,-6.084253624,5.444602839,6,0,3,9,9,9,9,9,9,9,9,descriptive design grid within one frozen realization; ranges are not uncertainty intervals,1,conditional on one frozen realization; no sampling inference,2026-08-26T18:12:43.884305+00:00,publication-outputs-1.0.0,0950b556111bec172d56ad34fe3569f251832a44e44c7eb43f636e6af321a5a1,ac36628fef7684bc08672b4c0678d32822a62f1b86b86ed9e5e19afa29f97220,cf2fef52687428f0eab74fc123ceb2a36cb6d0fc70d5442d221c955a4753ae2f,a0b23907336269b78a7cfd2eb7057232c7afcf87129f8a4c9d0f5e93faa0a5ef,d0bde0ec0552c341e5ead1b4598d63352fb999a1674433bd60a7c7c3d3287ac0,9c306d57a391d92a493f0b9590b5ec0d2af7679ab1dc1116abab6b6253017763,300
V1Ren,V0V,off_diagonal,none,9,9,0,0,9,-6.70491737,-9.322724091,0.4311718406,8,0,1,9,-0.003996768116,-11.72681718,14.0899718,5,0,4,9,-7.915536685,-8.866559142,2.356848476,8,0,1,9,0.4864953316,-20.34981065,10.13944499,3,0,6,9,0.4545592861,-1.869858711,9.736432681,3,0,6,9,-0.07402181101,-12.77463156,11.81795365,6,0,3,9,0.5953810828,-1.530572462,1.895951409,3,0,6,9,-0.1673945293,-21.16787068,12.49511976,5,0,4,,,,,,,,,descriptive design grid within one frozen realization; ranges are not uncertainty intervals,1,conditional on one frozen realization; no sampling inference,2026-08-26T18:12:43.884305+00:00,publication-outputs-1.0.0,0950b556111bec172d56ad34fe3569f251832a44e44c7eb43f636e6af321a5a1,ac36628fef7684bc08672b4c0678d32822a62f1b86b86ed9e5e19afa29f97220,cf2fef52687428f0eab74fc123ceb2a36cb6d0fc70d5442d221c955a4753ae2f,a0b23907336269b78a7cfd2eb7057232c7afcf87129f8a4c9d0f5e93faa0a5ef,d0bde0ec0552c341e5ead1b4598d63352fb999a1674433bd60a7c7c3d3287ac0,9c306d57a391d92a493f0b9590b5ec0d2af7679ab1dc1116abab6b6253017763,300
V1Ren,V0V,off_diagonal,excitatory,9,9,0,0,9,1.913816826,-15.72328873,21.83285718,4,0,5,9,0,-11.71076518,8.781780944,4,1,4,9,-3.912178683,-15.43757267,16.95905125,6,0,3,9,-4.525687209,-19.59438806,25.63841374,6,0,3,9,-1.551439189,-14.17495269,7.188921194,5,0,4,9,0.04881498003,-14.89459464,4.591250911,3,1,5,9,-2.12346381,-16.65654161,5.64737854,5,0,4,9,0.2715792757,-5.839275287,12.41300573,4,0,5,9,9,9,9,9,9,9,9,descriptive design grid within one frozen realization; ranges are not uncertainty intervals,1,conditional on one frozen realization; no sampling inference,2026-08-26T18:12:43.884305+00:00,publication-outputs-1.0.0,0950b556111bec172d56ad34fe3569f251832a44e44c7eb43f636e6af321a5a1,ac36628fef7684bc08672b4c0678d32822a62f1b86b86ed9e5e19afa29f97220,cf2fef52687428f0eab74fc123ceb2a36cb6d0fc70d5442d221c955a4753ae2f,a0b23907336269b78a7cfd2eb7057232c7afcf87129f8a4c9d0f5e93faa0a5ef,d0bde0ec0552c341e5ead1b4598d63352fb999a1674433bd60a7c7c3d3287ac0,9c306d57a391d92a493f0b9590b5ec0d2af7679ab1dc1116abab6b6253017763,300
V1Ren,V0V,off_diagonal,inhibitory,9,9,0,0,9,-6.500339708,-10.07646609,-3.197401536,9,0,0,9,0.05172836118,-3.688030454,7.0051361,3,0,6,9,-7.393025404,-10.09053714,-3.488172652,9,0,0,9,-0.3286186863,-7.305943876,2.778010153,5,0,4,9,0.2602930281,-2.427135987,1.644941833,4,0,5,9,-0.08994719801,-5.228123276,6.380009816,6,0,3,9,0.4886045497,-7.0883981,0.964412527,3,0,6,9,0.1247897182,-6.053681423,1.083159997,3,0,6,9,9,9,9,9,9,9,9,descriptive design grid within one frozen realization; ranges are not uncertainty intervals,1,conditional on one frozen realization; no sampling inference,2026-08-26T18:12:43.884305+00:00,publication-outputs-1.0.0,0950b556111bec172d56ad34fe3569f251832a44e44c7eb43f636e6af321a5a1,ac36628fef7684bc08672b4c0678d32822a62f1b86b86ed9e5e19afa29f97220,cf2fef52687428f0eab74fc123ceb2a36cb6d0fc70d5442d221c955a4753ae2f,a0b23907336269b78a7cfd2eb7057232c7afcf87129f8a4c9d0f5e93faa0a5ef,d0bde0ec0552c341e5ead1b4598d63352fb999a1674433bd60a7c7c3d3287ac0,9c306d57a391d92a493f0b9590b5ec0d2af7679ab1dc1116abab6b6253017763,300
V1Ren,V2a,off_diagonal,none,9,9,0,0,9,-6.70491737,-9.322724091,0.4311718406,8,0,1,9,-0.09024583231,-9.644689165,1.890867591,5,0,4,9,-8.110619147,-13.30712268,32.02430254,8,0,1,9,0.05239722656,-4.009338585,33.38808126,4,0,5,9,0.4545592861,-1.869858711,9.736432681,3,0,6,9,-0.2559473438,-8.367892515,2.120312378,5,0,4,9,0.376659996,-10.51074981,30.5370412,3,0,6,9,-0.4165208762,-8.647716695,32.85162652,7,0,2,,,,,,,,,descriptive design grid within one frozen realization; ranges are not uncertainty intervals,1,conditional on one frozen realization; no sampling inference,2026-08-26T18:12:43.884305+00:00,publication-outputs-1.0.0,0950b556111bec172d56ad34fe3569f251832a44e44c7eb43f636e6af321a5a1,ac36628fef7684bc08672b4c0678d32822a62f1b86b86ed9e5e19afa29f97220,cf2fef52687428f0eab74fc123ceb2a36cb6d0fc70d5442d221c955a4753ae2f,a0b23907336269b78a7cfd2eb7057232c7afcf87129f8a4c9d0f5e93faa0a5ef,d0bde0ec0552c341e5ead1b4598d63352fb999a1674433bd60a7c7c3d3287ac0,9c306d57a391d92a493f0b9590b5ec0d2af7679ab1dc1116abab6b6253017763,300
V1Ren,V2a,off_diagonal,excitatory,9,9,0,0,9,1.913816826,-15.72328873,21.83285718,4,0,5,9,0.9089382621,-5.665078828,21.73198266,3,0,6,9,-4.240426829,-25.05860472,2.130976879,7,0,2,9,-6.53470296,-30.46931652,8.380069661,6,0,3,9,-1.551439189,-14.17495269,7.188921194,5,0,4,9,-0.2902632994,-5.622391402,5.326276511,6,0,3,9,-0.002619609035,-22.53911319,10.72340983,5,0,4,9,1.691950596,-9.575483058,9.070323164,3,0,6,9,9,9,9,9,9,9,9,descriptive design grid within one frozen realization; ranges are not uncertainty intervals,1,conditional on one frozen realization; no sampling inference,2026-08-26T18:12:43.884305+00:00,publication-outputs-1.0.0,0950b556111bec172d56ad34fe3569f251832a44e44c7eb43f636e6af321a5a1,ac36628fef7684bc08672b4c0678d32822a62f1b86b86ed9e5e19afa29f97220,cf2fef52687428f0eab74fc123ceb2a36cb6d0fc70d5442d221c955a4753ae2f,a0b23907336269b78a7cfd2eb7057232c7afcf87129f8a4c9d0f5e93faa0a5ef,d0bde0ec0552c341e5ead1b4598d63352fb999a1674433bd60a7c7c3d3287ac0,9c306d57a391d92a493f0b9590b5ec0d2af7679ab1dc1116abab6b6253017763,300
V1Ren,V2a,off_diagonal,inhibitory,9,9,0,0,9,-6.500339708,-10.07646609,-3.197401536,9,0,0,9,-1.143338442,-4.540148965,6.477691251,5,0,4,9,-6.180326097,-14.62614563,2.143808066,8,0,1,9,0.009391698491,-2.698407132,1.983169656,4,0,5,9,0.2602930281,-2.427135987,1.644941833,4,0,5,9,0.07422689279,-1.949120915,1.425321008,4,0,5,9,0.05752101599,-7.177648984,4.91648406,4,0,5,9,0.1282027158,-3.92669173,4.688280678,4,0,5,9,9,9,9,9,9,9,9,descriptive design grid within one frozen realization; ranges are not uncertainty intervals,1,conditional on one frozen realization; no sampling inference,2026-08-26T18:12:43.884305+00:00,publication-outputs-1.0.0,0950b556111bec172d56ad34fe3569f251832a44e44c7eb43f636e6af321a5a1,ac36628fef7684bc08672b4c0678d32822a62f1b86b86ed9e5e19afa29f97220,cf2fef52687428f0eab74fc123ceb2a36cb6d0fc70d5442d221c955a4753ae2f,a0b23907336269b78a7cfd2eb7057232c7afcf87129f8a4c9d0f5e93faa0a5ef,d0bde0ec0552c341e5ead1b4598d63352fb999a1674433bd60a7c7c3d3287ac0,9c306d57a391d92a493f0b9590b5ec0d2af7679ab1dc1116abab6b6253017763,300
V1Ren,V3,off_diagonal,none,9,9,0,0,9,-6.70491737,-9.322724091,0.4311718406,8,0,1,9,0,-5.683552172,5.507114803,2,4,3,9,-8.069607005,-12.95194365,28.32401308,7,0,2,9,-0.6765790291,-1.199289242,27.29622152,5,0,4,9,0.4545592861,-1.869858711,9.736432681,3,0,6,9,0,-4.121713865,5.204434927,2,4,3,9,0.4324655884,-9.654564817,11.16937064,2,0,7,9,-0.2098294263,-4.281790289,3.994843775,7,0,2,,,,,,,,,descriptive design grid within one frozen realization; ranges are not uncertainty intervals,1,conditional on one frozen realization; no sampling inference,2026-08-26T18:12:43.884305+00:00,publication-outputs-1.0.0,0950b556111bec172d56ad34fe3569f251832a44e44c7eb43f636e6af321a5a1,ac36628fef7684bc08672b4c0678d32822a62f1b86b86ed9e5e19afa29f97220,cf2fef52687428f0eab74fc123ceb2a36cb6d0fc70d5442d221c955a4753ae2f,a0b23907336269b78a7cfd2eb7057232c7afcf87129f8a4c9d0f5e93faa0a5ef,d0bde0ec0552c341e5ead1b4598d63352fb999a1674433bd60a7c7c3d3287ac0,9c306d57a391d92a493f0b9590b5ec0d2af7679ab1dc1116abab6b6253017763,300
V1Ren,V3,off_diagonal,excitatory,9,9,0,0,9,1.913816826,-15.72328873,21.83285718,4,0,5,9,0.0001278292883,-0.5483558344,3.781604423,2,2,5,9,-4.014349144,-14.64724867,33.04712302,5,0,4,9,-0.7619521696,-16.87116164,48.47509605,6,1,2,9,-1.551439189,-14.17495269,7.188921194,5,0,4,9,0,-0.6034253864,4.628985039,4,2,3,9,0.7792832496,-19.01007548,7.902862243,4,0,5,9,0,-5.143723746,22.61374225,4,1,4,9,9,9,9,9,9,9,8,descriptive design grid within one frozen realization; ranges are not uncertainty intervals,1,conditional on one frozen realization; no sampling inference,2026-08-26T18:12:43.884305+00:00,publication-outputs-1.0.0,0950b556111bec172d56ad34fe3569f251832a44e44c7eb43f636e6af321a5a1,ac36628fef7684bc08672b4c0678d32822a62f1b86b86ed9e5e19afa29f97220,cf2fef52687428f0eab74fc123ceb2a36cb6d0fc70d5442d221c955a4753ae2f,a0b23907336269b78a7cfd2eb7057232c7afcf87129f8a4c9d0f5e93faa0a5ef,d0bde0ec0552c341e5ead1b4598d63352fb999a1674433bd60a7c7c3d3287ac0,9c306d57a391d92a493f0b9590b5ec0d2af7679ab1dc1116abab6b6253017763,300
V1Ren,V3,off_diagonal,inhibitory,9,9,0,0,9,-6.500339708,-10.07646609,-3.197401536,9,0,0,9,0.009495716273,-0.9981802217,1.617788149,2,2,5,9,-7.346710411,-9.052362701,2.392708661,8,0,1,9,-0.01189341289,-6.435480054,5.554146634,5,0,4,9,0.2602930281,-2.427135987,1.644941833,4,0,5,9,0,-1.465663406,0.6712800417,3,3,3,9,0.5125766323,-4.531185907,2.229865859,3,0,6,9,0.03758317805,-2.185745858,2.755703443,4,0,5,9,9,9,9,9,9,9,9,descriptive design grid within one frozen realization; ranges are not uncertainty intervals,1,conditional on one frozen realization; no sampling inference,2026-08-26T18:12:43.884305+00:00,publication-outputs-1.0.0,0950b556111bec172d56ad34fe3569f251832a44e44c7eb43f636e6af321a5a1,ac36628fef7684bc08672b4c0678d32822a62f1b86b86ed9e5e19afa29f97220,cf2fef52687428f0eab74fc123ceb2a36cb6d0fc70d5442d221c955a4753ae2f,a0b23907336269b78a7cfd2eb7057232c7afcf87129f8a4c9d0f5e93faa0a5ef,d0bde0ec0552c341e5ead1b4598d63352fb999a1674433bd60a7c7c3d3287ac0,9c306d57a391d92a493f0b9590b5ec0d2af7679ab1dc1116abab6b6253017763,300
V1Ren,V1Ia,off_diagonal,none,9,9,0,0,9,-6.70491737,-9.322724091,0.4311718406,8,0,1,9,-0.1269727105,-0.9610000183,3.336709977,5,0,4,9,-8.260751176,-17.65580995,19.23239499,8,0,1,9,-0.4483994379,-14.43860653,15.46451318,5,0,4,9,0.4545592861,-1.869858711,9.736432681,3,0,6,9,0.02036111692,-4.323843525,6.809697092,4,0,5,9,0.3300906496,-15.1305851,17.44800176,4,0,5,9,-0.2507066657,-9.555680912,1.167975123,5,0,4,,,,,,,,,descriptive design grid within one frozen realization; ranges are not uncertainty intervals,1,conditional on one frozen realization; no sampling inference,2026-08-26T18:12:43.884305+00:00,publication-outputs-1.0.0,0950b556111bec172d56ad34fe3569f251832a44e44c7eb43f636e6af321a5a1,ac36628fef7684bc08672b4c0678d32822a62f1b86b86ed9e5e19afa29f97220,cf2fef52687428f0eab74fc123ceb2a36cb6d0fc70d5442d221c955a4753ae2f,a0b23907336269b78a7cfd2eb7057232c7afcf87129f8a4c9d0f5e93faa0a5ef,d0bde0ec0552c341e5ead1b4598d63352fb999a1674433bd60a7c7c3d3287ac0,9c306d57a391d92a493f0b9590b5ec0d2af7679ab1dc1116abab6b6253017763,300
V1Ren,V1Ia,off_diagonal,excitatory,9,9,0,0,9,1.913816826,-15.72328873,21.83285718,4,0,5,9,0.1425756599,-17.16208498,20.40886289,4,0,5,9,-5.996915434,-16.48054139,15.50516905,8,0,1,9,-6.746908322,-20.79075397,3.784682622,7,0,2,9,-1.551439189,-14.17495269,7.188921194,5,0,4,9,0.6024481381,-12.79642834,9.150176688,3,0,6,9,-2.495117427,-14.17375471,4.302033438,6,0,3,9,-5.560508552,-7.60664351,17.68194565,6,0,3,9,9,9,9,9,9,9,9,descriptive design grid within one frozen realization; ranges are not uncertainty intervals,1,conditional on one frozen realization; no sampling inference,2026-08-26T18:12:43.884305+00:00,publication-outputs-1.0.0,0950b556111bec172d56ad34fe3569f251832a44e44c7eb43f636e6af321a5a1,ac36628fef7684bc08672b4c0678d32822a62f1b86b86ed9e5e19afa29f97220,cf2fef52687428f0eab74fc123ceb2a36cb6d0fc70d5442d221c955a4753ae2f,a0b23907336269b78a7cfd2eb7057232c7afcf87129f8a4c9d0f5e93faa0a5ef,d0bde0ec0552c341e5ead1b4598d63352fb999a1674433bd60a7c7c3d3287ac0,9c306d57a391d92a493f0b9590b5ec0d2af7679ab1dc1116abab6b6253017763,300
V1Ren,V1Ia,off_diagonal,inhibitory,9,9,0,0,9,-6.500339708,-10.07646609,-3.197401536,9,0,0,9,0.02756715173,-4.345708136,11.26774037,4,0,5,9,-6.005259356,-14.74337007,7.364413729,8,0,1,9,-0.03369191545,-7.290437586,7.092393969,5,0,4,9,0.2602930281,-2.427135987,1.644941833,4,0,5,9,-0.1943476615,-7.71173631,9.725145447,6,0,3,9,0.4619429444,-7.606617516,9.565549974,2,0,7,9,-0.1750767983,-1.299581607,11.3650698,5,0,4,9,9,9,9,9,9,9,9,descriptive design grid within one frozen realization; ranges are not uncertainty intervals,1,conditional on one frozen realization; no sampling inference,2026-08-26T18:12:43.884305+00:00,publication-outputs-1.0.0,0950b556111bec172d56ad34fe3569f251832a44e44c7eb43f636e6af321a5a1,ac36628fef7684bc08672b4c0678d32822a62f1b86b86ed9e5e19afa29f97220,cf2fef52687428f0eab74fc123ceb2a36cb6d0fc70d5442d221c955a4753ae2f,a0b23907336269b78a7cfd2eb7057232c7afcf87129f8a4c9d0f5e93faa0a5ef,d0bde0ec0552c341e5ead1b4598d63352fb999a1674433bd60a7c7c3d3287ac0,9c306d57a391d92a493f0b9590b5ec0d2af7679ab1dc1116abab6b6253017763,300
V1Ren,V1Ren,diagonal,none,9,9,0,0,9,-6.70491737,-9.322724091,0.4311718406,8,0,1,9,-0.02753812834,-7.561792011,12.55299006,6,0,3,9,-6.70491737,-9.322724091,0.4311718406,8,0,1,9,0.02753812834,-12.55299006,7.561792011,3,0,6,9,0.4545592861,-1.869858711,9.736432681,3,0,6,9,0.02301321728,-9.690937504,10.22343828,4,0,5,9,0.4545592861,-1.869858711,9.736432681,3,0,6,9,-0.02301321728,-10.22343828,9.690937504,5,0,4,,,,,,,,,descriptive design grid within one frozen realization; ranges are not uncertainty intervals,1,conditional on one frozen realization; no sampling inference,2026-08-26T18:12:43.884305+00:00,publication-outputs-1.0.0,0950b556111bec172d56ad34fe3569f251832a44e44c7eb43f636e6af321a5a1,ac36628fef7684bc08672b4c0678d32822a62f1b86b86ed9e5e19afa29f97220,cf2fef52687428f0eab74fc123ceb2a36cb6d0fc70d5442d221c955a4753ae2f,a0b23907336269b78a7cfd2eb7057232c7afcf87129f8a4c9d0f5e93faa0a5ef,d0bde0ec0552c341e5ead1b4598d63352fb999a1674433bd60a7c7c3d3287ac0,9c306d57a391d92a493f0b9590b5ec0d2af7679ab1dc1116abab6b6253017763,300
V1Ren,V1Ren,diagonal,excitatory,9,9,0,0,9,1.913816826,-15.72328873,21.83285718,4,0,5,9,0.07314067603,-16.23006162,10.26295498,4,0,5,9,1.913816826,-15.72328873,21.83285718,4,0,5,9,-0.07314067603,-10.26295498,16.23006162,5,0,4,9,-1.551439189,-14.17495269,7.188921194,5,0,4,9,0.1093937287,-14.67401801,10.386384,3,0,6,9,-1.551439189,-14.17495269,7.188921194,5,0,4,9,-0.1093937287,-10.386384,14.67401801,6,0,3,9,9,9,9,9,9,9,9,descriptive design grid within one frozen realization; ranges are not uncertainty intervals,1,conditional on one frozen realization; no sampling inference,2026-08-26T18:12:43.884305+00:00,publication-outputs-1.0.0,0950b556111bec172d56ad34fe3569f251832a44e44c7eb43f636e6af321a5a1,ac36628fef7684bc08672b4c0678d32822a62f1b86b86ed9e5e19afa29f97220,cf2fef52687428f0eab74fc123ceb2a36cb6d0fc70d5442d221c955a4753ae2f,a0b23907336269b78a7cfd2eb7057232c7afcf87129f8a4c9d0f5e93faa0a5ef,d0bde0ec0552c341e5ead1b4598d63352fb999a1674433bd60a7c7c3d3287ac0,9c306d57a391d92a493f0b9590b5ec0d2af7679ab1dc1116abab6b6253017763,300
V1Ren,V1Ren,diagonal,inhibitory,9,9,0,0,9,-6.500339708,-10.07646609,-3.197401536,9,0,0,9,0.2900652225,-2.722190418,16.09535807,2,0,7,9,-6.500339708,-10.07646609,-3.197401536,9,0,0,9,-0.2900652225,-16.09535807,2.722190418,7,0,2,9,0.2602930281,-2.427135987,1.644941833,4,0,5,9,0.08105321366,-0.7610828082,12.43443248,3,0,6,9,0.2602930281,-2.427135987,1.644941833,4,0,5,9,-0.08105321366,-12.43443248,0.7610828082,6,0,3,9,9,9,9,9,9,9,9,descriptive design grid within one frozen realization; ranges are not uncertainty intervals,1,conditional on one frozen realization; no sampling inference,2026-08-26T18:12:43.884305+00:00,publication-outputs-1.0.0,0950b556111bec172d56ad34fe3569f251832a44e44c7eb43f636e6af321a5a1,ac36628fef7684bc08672b4c0678d32822a62f1b86b86ed9e5e19afa29f97220,cf2fef52687428f0eab74fc123ceb2a36cb6d0fc70d5442d221c955a4753ae2f,a0b23907336269b78a7cfd2eb7057232c7afcf87129f8a4c9d0f5e93faa0a5ef,d0bde0ec0552c341e5ead1b4598d63352fb999a1674433bd60a7c7c3d3287ac0,9c306d57a391d92a493f0b9590b5ec0d2af7679ab1dc1116abab6b6253017763,300
V1Ren,V2b,off_diagonal,none,9,9,0,0,9,-6.70491737,-9.322724091,0.4311718406,8,0,1,9,-0.03534609033,-14.02139068,15.09542504,5,0,4,9,-7.971546966,-14.63383374,5.259970057,8,0,1,9,-1.149070867,-10.26662682,5.897815939,5,0,4,9,0.4545592861,-1.869858711,9.736432681,3,0,6,9,0.03998574811,-15.67145664,17.60657418,3,0,6,9,0.6555616403,-11.30776116,9.44921775,2,0,7,9,-0.4077480105,-17.89378911,5.614756143,6,0,3,,,,,,,,,descriptive design grid within one frozen realization; ranges are not uncertainty intervals,1,conditional on one frozen realization; no sampling inference,2026-08-26T18:12:43.884305+00:00,publication-outputs-1.0.0,0950b556111bec172d56ad34fe3569f251832a44e44c7eb43f636e6af321a5a1,ac36628fef7684bc08672b4c0678d32822a62f1b86b86ed9e5e19afa29f97220,cf2fef52687428f0eab74fc123ceb2a36cb6d0fc70d5442d221c955a4753ae2f,a0b23907336269b78a7cfd2eb7057232c7afcf87129f8a4c9d0f5e93faa0a5ef,d0bde0ec0552c341e5ead1b4598d63352fb999a1674433bd60a7c7c3d3287ac0,9c306d57a391d92a493f0b9590b5ec0d2af7679ab1dc1116abab6b6253017763,300
V1Ren,V2b,off_diagonal,excitatory,9,9,0,0,9,1.913816826,-15.72328873,21.83285718,4,0,5,9,-0.4273063956,-12.61107269,3.636603236,6,0,3,9,-3.496671092,-8.090485166,11.00613674,6,0,3,9,-0.4947169106,-23.91083,32.18993066,5,0,4,9,-1.551439189,-14.17495269,7.188921194,5,0,4,9,-2.69033523,-15.12517784,1.768887336,7,0,2,9,-0.5215592192,-10.86131925,6.223873568,5,0,4,9,0.3853529671,-7.351660818,20.68852735,3,0,6,9,9,9,9,9,9,9,9,descriptive design grid within one frozen realization; ranges are not uncertainty intervals,1,conditional on one frozen realization; no sampling inference,2026-08-26T18:12:43.884305+00:00,publication-outputs-1.0.0,0950b556111bec172d56ad34fe3569f251832a44e44c7eb43f636e6af321a5a1,ac36628fef7684bc08672b4c0678d32822a62f1b86b86ed9e5e19afa29f97220,cf2fef52687428f0eab74fc123ceb2a36cb6d0fc70d5442d221c955a4753ae2f,a0b23907336269b78a7cfd2eb7057232c7afcf87129f8a4c9d0f5e93faa0a5ef,d0bde0ec0552c341e5ead1b4598d63352fb999a1674433bd60a7c7c3d3287ac0,9c306d57a391d92a493f0b9590b5ec0d2af7679ab1dc1116abab6b6253017763,300
V1Ren,V2b,off_diagonal,inhibitory,9,9,0,0,9,-6.500339708,-10.07646609,-3.197401536,9,0,0,9,0.017952521,-8.355669056,6.922179222,4,0,5,9,-6.342371803,-9.48884588,2.289924333,8,0,1,9,-0.4156852535,-1.126077942,7.083439475,7,0,2,9,0.2602930281,-2.427135987,1.644941833,4,0,5,9,0.1264301617,-6.815456325,5.838837771,3,0,6,9,0.6503063165,-1.589693525,8.863787543,2,0,7,9,-0.2514162939,-1.631328349,7.652898787,5,0,4,9,9,9,9,9,9,9,9,descriptive design grid within one frozen realization; ranges are not uncertainty intervals,1,conditional on one frozen realization; no sampling inference,2026-08-26T18:12:43.884305+00:00,publication-outputs-1.0.0,0950b556111bec172d56ad34fe3569f251832a44e44c7eb43f636e6af321a5a1,ac36628fef7684bc08672b4c0678d32822a62f1b86b86ed9e5e19afa29f97220,cf2fef52687428f0eab74fc123ceb2a36cb6d0fc70d5442d221c955a4753ae2f,a0b23907336269b78a7cfd2eb7057232c7afcf87129f8a4c9d0f5e93faa0a5ef,d0bde0ec0552c341e5ead1b4598d63352fb999a1674433bd60a7c7c3d3287ac0,9c306d57a391d92a493f0b9590b5ec0d2af7679ab1dc1116abab6b6253017763,300
V2b,RG,off_diagonal,none,9,9,0,0,9,3.944840956,-0.3211899758,44.78089936,1,0,8,9,0.1001917426,-5.109835655,1.150952189,4,0,5,9,2.319070674,-3.511609778,9.503218669,1,0,8,9,-1.566630071,-35.48508142,6.176191674,6,0,3,9,10.3057721,0.7849361703,39.89803823,0,0,9,9,0.1422541386,-5.182846303,0.9445109457,3,0,6,9,4.858224937,-0.1371308393,19.31514371,1,0,8,9,-0.1803989698,-22.20501754,8.767657561,6,0,3,,,,,,,,,descriptive design grid within one frozen realization; ranges are not uncertainty intervals,1,conditional on one frozen realization; no sampling inference,2026-08-26T18:12:43.884305+00:00,publication-outputs-1.0.0,0950b556111bec172d56ad34fe3569f251832a44e44c7eb43f636e6af321a5a1,ac36628fef7684bc08672b4c0678d32822a62f1b86b86ed9e5e19afa29f97220,cf2fef52687428f0eab74fc123ceb2a36cb6d0fc70d5442d221c955a4753ae2f,a0b23907336269b78a7cfd2eb7057232c7afcf87129f8a4c9d0f5e93faa0a5ef,d0bde0ec0552c341e5ead1b4598d63352fb999a1674433bd60a7c7c3d3287ac0,9c306d57a391d92a493f0b9590b5ec0d2af7679ab1dc1116abab6b6253017763,300
V2b,RG,off_diagonal,excitatory,9,9,0,0,9,10.98661124,-18.96836718,55.27673825,3,0,6,9,0.1303040684,-17.37539699,22.51025205,4,0,5,9,1.667375243,-25.09843949,15.701647,4,0,5,9,-4.787834671,-75.63380947,11.24532468,8,0,1,9,15.14372111,-20.38607349,37.53358885,3,0,6,9,-0.2203954482,-11.91543775,27.31094382,5,0,4,9,3.225909044,-15.19467988,30.18963426,3,0,6,9,-0.2807448991,-53.35075626,16.8015011,5,0,4,9,9,9,6,9,9,9,8,descriptive design grid within one frozen realization; ranges are not uncertainty intervals,1,conditional on one frozen realization; no sampling inference,2026-08-26T18:12:43.884305+00:00,publication-outputs-1.0.0,0950b556111bec172d56ad34fe3569f251832a44e44c7eb43f636e6af321a5a1,ac36628fef7684bc08672b4c0678d32822a62f1b86b86ed9e5e19afa29f97220,cf2fef52687428f0eab74fc123ceb2a36cb6d0fc70d5442d221c955a4753ae2f,a0b23907336269b78a7cfd2eb7057232c7afcf87129f8a4c9d0f5e93faa0a5ef,d0bde0ec0552c341e5ead1b4598d63352fb999a1674433bd60a7c7c3d3287ac0,9c306d57a391d92a493f0b9590b5ec0d2af7679ab1dc1116abab6b6253017763,300
V2b,RG,off_diagonal,inhibitory,9,9,0,0,9,7.150499845,-2.31754486,56.24391084,1,0,8,9,-0.3525882725,-5.879007006,2.330552888,5,0,4,9,4.28728252,-9.086465237,8.496587761,1,0,8,9,-2.828985654,-47.39473481,2.777624424,7,0,2,9,10.44846006,1.218088513,42.51119083,0,0,9,9,0.03846927553,-4.383657952,0.545177358,3,0,6,9,4.053236015,-3.616702893,13.63267527,1,0,8,9,-5.39934857,-28.97914554,4.169926836,7,0,2,9,9,9,6,9,9,9,8,descriptive design grid within one frozen realization; ranges are not uncertainty intervals,1,conditional on one frozen realization; no sampling inference,2026-08-26T18:12:43.884305+00:00,publication-outputs-1.0.0,0950b556111bec172d56ad34fe3569f251832a44e44c7eb43f636e6af321a5a1,ac36628fef7684bc08672b4c0678d32822a62f1b86b86ed9e5e19afa29f97220,cf2fef52687428f0eab74fc123ceb2a36cb6d0fc70d5442d221c955a4753ae2f,a0b23907336269b78a7cfd2eb7057232c7afcf87129f8a4c9d0f5e93faa0a5ef,d0bde0ec0552c341e5ead1b4598d63352fb999a1674433bd60a7c7c3d3287ac0,9c306d57a391d92a493f0b9590b5ec0d2af7679ab1dc1116abab6b6253017763,300
V2b,PF,off_diagonal,none,9,9,0,0,9,3.944840956,-0.3211899758,44.78089936,1,0,8,9,0.03039713982,-10.82724485,5.29148442,4,0,5,9,5.071004141,-4.892334708,13.08831094,1,0,8,9,1.146257159,-36.98407284,3.173719475,4,0,5,9,10.3057721,0.7849361703,39.89803823,0,0,9,9,-0.3726475631,-14.0961597,7.347511887,8,0,1,9,8.330800242,-1.189287389,14.45557232,1,0,8,9,0.2273071266,-32.7899778,5.805095876,4,0,5,,,,,,,,,descriptive design grid within one frozen realization; ranges are not uncertainty intervals,1,conditional on one frozen realization; no sampling inference,2026-08-26T18:12:43.884305+00:00,publication-outputs-1.0.0,0950b556111bec172d56ad34fe3569f251832a44e44c7eb43f636e6af321a5a1,ac36628fef7684bc08672b4c0678d32822a62f1b86b86ed9e5e19afa29f97220,cf2fef52687428f0eab74fc123ceb2a36cb6d0fc70d5442d221c955a4753ae2f,a0b23907336269b78a7cfd2eb7057232c7afcf87129f8a4c9d0f5e93faa0a5ef,d0bde0ec0552c341e5ead1b4598d63352fb999a1674433bd60a7c7c3d3287ac0,9c306d57a391d92a493f0b9590b5ec0d2af7679ab1dc1116abab6b6253017763,300
V2b,PF,off_diagonal,excitatory,9,9,0,0,9,10.98661124,-18.96836718,55.27673825,3,0,6,9,0.1445608819,-16.85700968,5.35105073,3,0,6,9,3.459121526,-23.09643916,17.27848545,4,0,5,9,-0.2591672258,-44.70013094,12.7289377,6,0,3,9,15.14372111,-20.38607349,37.53358885,3,0,6,9,0.02364516252,-14.280437,5.85211782,4,0,5,9,2.348443835,-10.66375589,32.72315518,4,0,5,9,-0.2335425103,-24.12665097,21.15699409,5,0,4,9,9,9,6,9,9,9,8,descriptive design grid within one frozen realization; ranges are not uncertainty intervals,1,conditional on one frozen realization; no sampling inference,2026-08-26T18:12:43.884305+00:00,publication-outputs-1.0.0,0950b556111bec172d56ad34fe3569f251832a44e44c7eb43f636e6af321a5a1,ac36628fef7684bc08672b4c0678d32822a62f1b86b86ed9e5e19afa29f97220,cf2fef52687428f0eab74fc123ceb2a36cb6d0fc70d5442d221c955a4753ae2f,a0b23907336269b78a7cfd2eb7057232c7afcf87129f8a4c9d0f5e93faa0a5ef,d0bde0ec0552c341e5ead1b4598d63352fb999a1674433bd60a7c7c3d3287ac0,9c306d57a391d92a493f0b9590b5ec0d2af7679ab1dc1116abab6b6253017763,300
V2b,PF,off_diagonal,inhibitory,9,9,0,0,9,7.150499845,-2.31754486,56.24391084,1,0,8,9,-1.420871879,-5.577497408,2.74119681,5,0,4,9,4.625568211,-3.132666817,15.06781118,1,0,8,9,-0.9552861952,-43.91729647,6.457708323,6,0,3,9,10.44846006,1.218088513,42.51119083,0,0,9,9,-0.01054312042,-5.838100381,1.099181112,5,0,4,9,4.079933868,0.7069198611,19.00663156,0,0,9,9,-2.449614944,-29.59052103,5.220330997,5,0,4,9,9,9,6,9,9,9,8,descriptive design grid within one frozen realization; ranges are not uncertainty intervals,1,conditional on one frozen realization; no sampling inference,2026-08-26T18:12:43.884305+00:00,publication-outputs-1.0.0,0950b556111bec172d56ad34fe3569f251832a44e44c7eb43f636e6af321a5a1,ac36628fef7684bc08672b4c0678d32822a62f1b86b86ed9e5e19afa29f97220,cf2fef52687428f0eab74fc123ceb2a36cb6d0fc70d5442d221c955a4753ae2f,a0b23907336269b78a7cfd2eb7057232c7afcf87129f8a4c9d0f5e93faa0a5ef,d0bde0ec0552c341e5ead1b4598d63352fb999a1674433bd60a7c7c3d3287ac0,9c306d57a391d92a493f0b9590b5ec0d2af7679ab1dc1116abab6b6253017763,300
V2b,MN,off_diagonal,none,9,9,0,0,9,3.944840956,-0.3211899758,44.78089936,1,0,8,9,-0.1301498489,-13.12044858,11.18795089,5,0,4,9,4.451732637,-0.1255464643,36.94260457,1,0,8,9,0.2143792488,-14.24567632,9.575636877,4,0,5,9,10.3057721,0.7849361703,39.89803823,0,0,9,9,-0.1424882411,-14.63500264,8.048894925,5,0,4,9,10.12856052,0.7624657925,42.19105836,0,0,9,9,-0.02372986131,-5.853990974,12.64128727,5,0,4,,,,,,,,,descriptive design grid within one frozen realization; ranges are not uncertainty intervals,1,conditional on one frozen realization; no sampling inference,2026-08-26T18:12:43.884305+00:00,publication-outputs-1.0.0,0950b556111bec172d56ad34fe3569f251832a44e44c7eb43f636e6af321a5a1,ac36628fef7684bc08672b4c0678d32822a62f1b86b86ed9e5e19afa29f97220,cf2fef52687428f0eab74fc123ceb2a36cb6d0fc70d5442d221c955a4753ae2f,a0b23907336269b78a7cfd2eb7057232c7afcf87129f8a4c9d0f5e93faa0a5ef,d0bde0ec0552c341e5ead1b4598d63352fb999a1674433bd60a7c7c3d3287ac0,9c306d57a391d92a493f0b9590b5ec0d2af7679ab1dc1116abab6b6253017763,300
V2b,MN,off_diagonal,excitatory,9,9,0,0,9,10.98661124,-18.96836718,55.27673825,3,0,6,9,0.1554482056,-13.29057422,5.662073151,3,0,6,9,11.22429468,-19.41497173,36.97938742,3,0,6,9,-0.1803012592,-23.65044693,12.84396967,6,0,3,9,15.14372111,-20.38607349,37.53358885,3,0,6,9,0.1418366257,-8.091418611,11.16366843,3,0,6,9,16.36364295,-10.60549185,34.34496565,3,0,6,9,0.06291601284,-14.35229162,8.9647122,4,0,5,9,9,9,6,9,9,9,8,descriptive design grid within one frozen realization; ranges are not uncertainty intervals,1,conditional on one frozen realization; no sampling inference,2026-08-26T18:12:43.884305+00:00,publication-outputs-1.0.0,0950b556111bec172d56ad34fe3569f251832a44e44c7eb43f636e6af321a5a1,ac36628fef7684bc08672b4c0678d32822a62f1b86b86ed9e5e19afa29f97220,cf2fef52687428f0eab74fc123ceb2a36cb6d0fc70d5442d221c955a4753ae2f,a0b23907336269b78a7cfd2eb7057232c7afcf87129f8a4c9d0f5e93faa0a5ef,d0bde0ec0552c341e5ead1b4598d63352fb999a1674433bd60a7c7c3d3287ac0,9c306d57a391d92a493f0b9590b5ec0d2af7679ab1dc1116abab6b6253017763,300
V2b,MN,off_diagonal,inhibitory,9,9,0,0,9,7.150499845,-2.31754486,56.24391084,1,0,8,9,-0.02585095362,-7.212839255,14.37606313,5,0,4,9,6.226215927,-7.929255549,35.90019265,1,0,8,9,1.163080913,-34.71978132,5.375222854,4,0,5,9,10.44846006,1.218088513,42.51119083,0,0,9,9,0.0119287897,-6.923700649,10.98219517,4,0,5,9,13.97159745,-4.667396063,37.36076563,1,0,8,9,-0.7827863872,-16.13262037,4.996339517,7,0,2,9,9,9,6,9,9,9,7,descriptive design grid within one frozen realization; ranges are not uncertainty intervals,1,conditional on one frozen realization; no sampling inference,2026-08-26T18:12:43.884305+00:00,publication-outputs-1.0.0,0950b556111bec172d56ad34fe3569f251832a44e44c7eb43f636e6af321a5a1,ac36628fef7684bc08672b4c0678d32822a62f1b86b86ed9e5e19afa29f97220,cf2fef52687428f0eab74fc123ceb2a36cb6d0fc70d5442d221c955a4753ae2f,a0b23907336269b78a7cfd2eb7057232c7afcf87129f8a4c9d0f5e93faa0a5ef,d0bde0ec0552c341e5ead1b4598d63352fb999a1674433bd60a7c7c3d3287ac0,9c306d57a391d92a493f0b9590b5ec0d2af7679ab1dc1116abab6b6253017763,300
V2b,V0D,off_diagonal,none,9,9,0,0,9,3.944840956,-0.3211899758,44.78089936,1,0,8,9,-0.3163063316,-1.86486278,2.716080324,5,0,4,9,4.428157271,-6.94838379,64.29952428,1,0,8,9,3.972677616,-25.19427413,21.09508004,2,0,7,9,10.3057721,0.7849361703,39.89803823,0,0,9,9,0.05915773152,-2.425927127,1.184054278,4,0,5,9,6.669091229,-2.952632813,40.16734397,1,0,8,9,-0.2195313944,-14.50311315,4.850273067,5,0,4,,,,,,,,,descriptive design grid within one frozen realization; ranges are not uncertainty intervals,1,conditional on one frozen realization; no sampling inference,2026-08-26T18:12:43.884305+00:00,publication-outputs-1.0.0,0950b556111bec172d56ad34fe3569f251832a44e44c7eb43f636e6af321a5a1,ac36628fef7684bc08672b4c0678d32822a62f1b86b86ed9e5e19afa29f97220,cf2fef52687428f0eab74fc123ceb2a36cb6d0fc70d5442d221c955a4753ae2f,a0b23907336269b78a7cfd2eb7057232c7afcf87129f8a4c9d0f5e93faa0a5ef,d0bde0ec0552c341e5ead1b4598d63352fb999a1674433bd60a7c7c3d3287ac0,9c306d57a391d92a493f0b9590b5ec0d2af7679ab1dc1116abab6b6253017763,300
V2b,V0D,off_diagonal,excitatory,9,9,0,0,9,10.98661124,-18.96836718,55.27673825,3,0,6,9,-0.8931558241,-8.304737349,1.925695312,5,0,4,9,2.008951893,-20.80901035,16.32783088,4,0,5,9,2.368092416,-59.53708589,15.19485856,4,0,5,9,15.14372111,-20.38607349,37.53358885,3,0,6,9,-0.08614679914,-13.93033481,2.435247222,6,0,3,9,5.128376884,-11.12032771,30.8576016,3,0,6,9,2.289093884,-34.84045919,16.20517203,4,0,5,9,9,9,6,9,9,9,6,descriptive design grid within one frozen realization; ranges are not uncertainty intervals,1,conditional on one frozen realization; no sampling inference,2026-08-26T18:12:43.884305+00:00,publication-outputs-1.0.0,0950b556111bec172d56ad34fe3569f251832a44e44c7eb43f636e6af321a5a1,ac36628fef7684bc08672b4c0678d32822a62f1b86b86ed9e5e19afa29f97220,cf2fef52687428f0eab74fc123ceb2a36cb6d0fc70d5442d221c955a4753ae2f,a0b23907336269b78a7cfd2eb7057232c7afcf87129f8a4c9d0f5e93faa0a5ef,d0bde0ec0552c341e5ead1b4598d63352fb999a1674433bd60a7c7c3d3287ac0,9c306d57a391d92a493f0b9590b5ec0d2af7679ab1dc1116abab6b6253017763,300
V2b,V0D,off_diagonal,inhibitory,9,9,0,0,9,7.150499845,-2.31754486,56.24391084,1,0,8,9,0.02756715173,-4.949540148,6.2249945,4,0,5,9,5.16818538,-8.189379027,45.36605267,2,0,7,9,-4.591957066,-18.76492077,1.628356145,5,0,4,9,10.44846006,1.218088513,42.51119083,0,0,9,9,0.1183873452,-2.76720121,5.287955437,3,0,6,9,2.626252969,-1.76132696,44.77647907,1,0,8,9,-0.8412304729,-28.21551303,4.295433677,6,0,3,9,9,9,6,9,9,9,6,descriptive design grid within one frozen realization; ranges are not uncertainty intervals,1,conditional on one frozen realization; no sampling inference,2026-08-26T18:12:43.884305+00:00,publication-outputs-1.0.0,0950b556111bec172d56ad34fe3569f251832a44e44c7eb43f636e6af321a5a1,ac36628fef7684bc08672b4c0678d32822a62f1b86b86ed9e5e19afa29f97220,cf2fef52687428f0eab74fc123ceb2a36cb6d0fc70d5442d221c955a4753ae2f,a0b23907336269b78a7cfd2eb7057232c7afcf87129f8a4c9d0f5e93faa0a5ef,d0bde0ec0552c341e5ead1b4598d63352fb999a1674433bd60a7c7c3d3287ac0,9c306d57a391d92a493f0b9590b5ec0d2af7679ab1dc1116abab6b6253017763,300
V2b,V0V,off_diagonal,none,9,9,0,0,9,3.944840956,-0.3211899758,44.78089936,1,0,8,9,-0.003996768116,-11.72681718,14.0899718,5,0,4,9,3.097146145,-3.420080054,20.11040412,1,0,8,9,0.5317538919,-49.86735007,15.29363997,3,0,6,9,10.3057721,0.7849361703,39.89803823,0,0,9,9,-0.07402181101,-12.77463156,11.81795365,6,0,3,9,9.103086806,-3.038142423,19.06144612,1,0,8,9,0.3612581945,-42.61290508,16.57860217,3,0,6,,,,,,,,,descriptive design grid within one frozen realization; ranges are not uncertainty intervals,1,conditional on one frozen realization; no sampling inference,2026-08-26T18:12:43.884305+00:00,publication-outputs-1.0.0,0950b556111bec172d56ad34fe3569f251832a44e44c7eb43f636e6af321a5a1,ac36628fef7684bc08672b4c0678d32822a62f1b86b86ed9e5e19afa29f97220,cf2fef52687428f0eab74fc123ceb2a36cb6d0fc70d5442d221c955a4753ae2f,a0b23907336269b78a7cfd2eb7057232c7afcf87129f8a4c9d0f5e93faa0a5ef,d0bde0ec0552c341e5ead1b4598d63352fb999a1674433bd60a7c7c3d3287ac0,9c306d57a391d92a493f0b9590b5ec0d2af7679ab1dc1116abab6b6253017763,300
V2b,V0V,off_diagonal,excitatory,9,9,0,0,9,10.98661124,-18.96836718,55.27673825,3,0,6,9,0,-11.71076518,8.781780944,4,1,4,9,2.091301293,-21.91660662,33.66025213,3,0,6,9,-2.871421151,-19.67973457,11.39568768,6,0,3,9,15.14372111,-20.38607349,37.53358885,3,0,6,9,0.04881498003,-14.89459464,4.591250911,3,1,5,9,1.783922326,-10.79956391,32.48970298,4,0,5,9,-0.8508647306,-25.64512011,13.77472454,6,0,3,9,9,9,6,9,9,9,7,descriptive design grid within one frozen realization; ranges are not uncertainty intervals,1,conditional on one frozen realization; no sampling inference,2026-08-26T18:12:43.884305+00:00,publication-outputs-1.0.0,0950b556111bec172d56ad34fe3569f251832a44e44c7eb43f636e6af321a5a1,ac36628fef7684bc08672b4c0678d32822a62f1b86b86ed9e5e19afa29f97220,cf2fef52687428f0eab74fc123ceb2a36cb6d0fc70d5442d221c955a4753ae2f,a0b23907336269b78a7cfd2eb7057232c7afcf87129f8a4c9d0f5e93faa0a5ef,d0bde0ec0552c341e5ead1b4598d63352fb999a1674433bd60a7c7c3d3287ac0,9c306d57a391d92a493f0b9590b5ec0d2af7679ab1dc1116abab6b6253017763,300
V2b,V0V,off_diagonal,inhibitory,9,9,0,0,9,7.150499845,-2.31754486,56.24391084,1,0,8,9,0.05172836118,-3.688030454,7.0051361,3,0,6,9,5.998499963,2.826500493,12.82497583,0,0,9,9,-0.204320406,-50.42407112,12.00407528,5,0,4,9,10.44846006,1.218088513,42.51119083,0,0,9,9,-0.08994719801,-5.228123276,6.380009816,6,0,3,9,8.636922801,0.7557591011,18.93498975,0,0,9,9,-0.7801188373,-39.2950146,-0.01005333389,9,0,0,9,9,9,6,9,9,9,7,descriptive design grid within one frozen realization; ranges are not uncertainty intervals,1,conditional on one frozen realization; no sampling inference,2026-08-26T18:12:43.884305+00:00,publication-outputs-1.0.0,0950b556111bec172d56ad34fe3569f251832a44e44c7eb43f636e6af321a5a1,ac36628fef7684bc08672b4c0678d32822a62f1b86b86ed9e5e19afa29f97220,cf2fef52687428f0eab74fc123ceb2a36cb6d0fc70d5442d221c955a4753ae2f,a0b23907336269b78a7cfd2eb7057232c7afcf87129f8a4c9d0f5e93faa0a5ef,d0bde0ec0552c341e5ead1b4598d63352fb999a1674433bd60a7c7c3d3287ac0,9c306d57a391d92a493f0b9590b5ec0d2af7679ab1dc1116abab6b6253017763,300
V2b,V2a,off_diagonal,none,9,9,0,0,9,3.944840956,-0.3211899758,44.78089936,1,0,8,9,-0.09024583231,-9.644689165,1.890867591,5,0,4,9,3.957811363,-0.9601356478,12.45403583,2,0,7,9,1.551546196,-31.34461444,2.971497867,3,0,6,9,10.3057721,0.7849361703,39.89803823,0,0,9,9,-0.2559473438,-8.367892515,2.120312378,5,0,4,9,9.494511282,0.664801167,14.68302412,0,0,9,9,0.0206957394,-29.54270683,9.598372782,4,0,5,,,,,,,,,descriptive design grid within one frozen realization; ranges are not uncertainty intervals,1,conditional on one frozen realization; no sampling inference,2026-08-26T18:12:43.884305+00:00,publication-outputs-1.0.0,0950b556111bec172d56ad34fe3569f251832a44e44c7eb43f636e6af321a5a1,ac36628fef7684bc08672b4c0678d32822a62f1b86b86ed9e5e19afa29f97220,cf2fef52687428f0eab74fc123ceb2a36cb6d0fc70d5442d221c955a4753ae2f,a0b23907336269b78a7cfd2eb7057232c7afcf87129f8a4c9d0f5e93faa0a5ef,d0bde0ec0552c341e5ead1b4598d63352fb999a1674433bd60a7c7c3d3287ac0,9c306d57a391d92a493f0b9590b5ec0d2af7679ab1dc1116abab6b6253017763,300
V2b,V2a,off_diagonal,excitatory,9,9,0,0,9,10.98661124,-18.96836718,55.27673825,3,0,6,9,0.9089382621,-5.665078828,21.73198266,3,0,6,9,11.79351906,-22.50759432,22.5185091,3,0,6,9,-0.6622622838,-41.53093928,30.06044535,6,0,3,9,15.14372111,-20.38607349,37.53358885,3,0,6,9,-0.2902632994,-5.622391402,5.326276511,6,0,3,9,7.612668492,-10.64329821,32.81671959,3,0,6,9,-0.5518407433,-22.31166883,33.62113338,5,0,4,9,9,9,6,9,9,9,6,descriptive design grid within one frozen realization; ranges are not uncertainty intervals,1,conditional on one frozen realization; no sampling inference,2026-08-26T18:12:43.884305+00:00,publication-outputs-1.0.0,0950b556111bec172d56ad34fe3569f251832a44e44c7eb43f636e6af321a5a1,ac36628fef7684bc08672b4c0678d32822a62f1b86b86ed9e5e19afa29f97220,cf2fef52687428f0eab74fc123ceb2a36cb6d0fc70d5442d221c955a4753ae2f,a0b23907336269b78a7cfd2eb7057232c7afcf87129f8a4c9d0f5e93faa0a5ef,d0bde0ec0552c341e5ead1b4598d63352fb999a1674433bd60a7c7c3d3287ac0,9c306d57a391d92a493f0b9590b5ec0d2af7679ab1dc1116abab6b6253017763,300
V2b,V2a,off_diagonal,inhibitory,9,9,0,0,9,7.150499845,-2.31754486,56.24391084,1,0,8,9,-1.143338442,-4.540148965,6.477691251,5,0,4,9,5.34224105,-4.662327081,25.96910415,1,0,8,9,1.015827975,-36.75249794,2.344284357,4,0,5,9,10.44846006,1.218088513,42.51119083,0,0,9,9,0.07422689279,-1.949120915,1.425321008,4,0,5,9,8.970671574,1.721452218,22.43855875,0,0,9,9,-0.7781781495,-29.25166613,1.160014044,7,0,2,9,9,9,6,9,9,9,7,descriptive design grid within one frozen realization; ranges are not uncertainty intervals,1,conditional on one frozen realization; no sampling inference,2026-08-26T18:12:43.884305+00:00,publication-outputs-1.0.0,0950b556111bec172d56ad34fe3569f251832a44e44c7eb43f636e6af321a5a1,ac36628fef7684bc08672b4c0678d32822a62f1b86b86ed9e5e19afa29f97220,cf2fef52687428f0eab74fc123ceb2a36cb6d0fc70d5442d221c955a4753ae2f,a0b23907336269b78a7cfd2eb7057232c7afcf87129f8a4c9d0f5e93faa0a5ef,d0bde0ec0552c341e5ead1b4598d63352fb999a1674433bd60a7c7c3d3287ac0,9c306d57a391d92a493f0b9590b5ec0d2af7679ab1dc1116abab6b6253017763,300
V2b,V3,off_diagonal,none,9,9,0,0,9,3.944840956,-0.3211899758,44.78089936,1,0,8,9,0,-5.683552172,5.507114803,2,4,3,9,4.394393654,-0.9194573024,52.35179568,2,0,7,9,0,-3.463472766,7.377481433,4,1,4,9,10.3057721,0.7849361703,39.89803823,0,0,9,9,0,-4.121713865,5.204434927,2,4,3,9,10.11539585,0.6648706872,35.52970616,0,0,9,9,0,-9.572766997,3.933094924,4,1,4,,,,,,,,,descriptive design grid within one frozen realization; ranges are not uncertainty intervals,1,conditional on one frozen realization; no sampling inference,2026-08-26T18:12:43.884305+00:00,publication-outputs-1.0.0,0950b556111bec172d56ad34fe3569f251832a44e44c7eb43f636e6af321a5a1,ac36628fef7684bc08672b4c0678d32822a62f1b86b86ed9e5e19afa29f97220,cf2fef52687428f0eab74fc123ceb2a36cb6d0fc70d5442d221c955a4753ae2f,a0b23907336269b78a7cfd2eb7057232c7afcf87129f8a4c9d0f5e93faa0a5ef,d0bde0ec0552c341e5ead1b4598d63352fb999a1674433bd60a7c7c3d3287ac0,9c306d57a391d92a493f0b9590b5ec0d2af7679ab1dc1116abab6b6253017763,300
V2b,V3,off_diagonal,excitatory,9,9,0,0,9,10.98661124,-18.96836718,55.27673825,3,0,6,9,0.0001278292883,-0.5483558344,3.781604423,2,2,5,9,13.72363551,-19.60685619,64.78899551,2,0,7,9,0.1549433403,-5.571926957,36.19857116,3,1,5,9,15.14372111,-20.38607349,37.53358885,3,0,6,9,0,-0.6034253864,4.628985039,4,2,3,9,14.78993105,-11.2405903,32.84072415,3,0,6,9,0.06246870819,-9.859856236,18.52942609,3,0,6,9,9,9,6,9,9,9,6,descriptive design grid within one frozen realization; ranges are not uncertainty intervals,1,conditional on one frozen realization; no sampling inference,2026-08-26T18:12:43.884305+00:00,publication-outputs-1.0.0,0950b556111bec172d56ad34fe3569f251832a44e44c7eb43f636e6af321a5a1,ac36628fef7684bc08672b4c0678d32822a62f1b86b86ed9e5e19afa29f97220,cf2fef52687428f0eab74fc123ceb2a36cb6d0fc70d5442d221c955a4753ae2f,a0b23907336269b78a7cfd2eb7057232c7afcf87129f8a4c9d0f5e93faa0a5ef,d0bde0ec0552c341e5ead1b4598d63352fb999a1674433bd60a7c7c3d3287ac0,9c306d57a391d92a493f0b9590b5ec0d2af7679ab1dc1116abab6b6253017763,300
V2b,V3,off_diagonal,inhibitory,9,9,0,0,9,7.150499845,-2.31754486,56.24391084,1,0,8,9,0.009495716273,-0.9981802217,1.617788149,2,2,5,9,5.426664572,-5.441723195,91.26019683,1,0,8,9,-0.00296796227,-4.398060262,34.11894984,5,1,3,9,10.44846006,1.218088513,42.51119083,0,0,9,9,0,-1.465663406,0.6712800417,3,3,3,9,9.506988836,1.218088513,33.52324271,0,0,9,9,-0.6298090951,-9.65922816,0.04882756337,6,1,2,9,9,9,6,9,9,9,6,descriptive design grid within one frozen realization; ranges are not uncertainty intervals,1,conditional on one frozen realization; no sampling inference,2026-08-26T18:12:43.884305+00:00,publication-outputs-1.0.0,0950b556111bec172d56ad34fe3569f251832a44e44c7eb43f636e6af321a5a1,ac36628fef7684bc08672b4c0678d32822a62f1b86b86ed9e5e19afa29f97220,cf2fef52687428f0eab74fc123ceb2a36cb6d0fc70d5442d221c955a4753ae2f,a0b23907336269b78a7cfd2eb7057232c7afcf87129f8a4c9d0f5e93faa0a5ef,d0bde0ec0552c341e5ead1b4598d63352fb999a1674433bd60a7c7c3d3287ac0,9c306d57a391d92a493f0b9590b5ec0d2af7679ab1dc1116abab6b6253017763,300
V2b,V1Ia,off_diagonal,none,9,9,0,0,9,3.944840956,-0.3211899758,44.78089936,1,0,8,9,-0.1269727105,-0.9610000183,3.336709977,5,0,4,9,3.622619657,-8.726697474,9.771191865,2,0,7,9,0.8064056331,-45.75243846,5.95332362,4,0,5,9,10.3057721,0.7849361703,39.89803823,0,0,9,9,0.02036111692,-4.323843525,6.809697092,4,0,5,9,3.140414938,-10.81364785,13.90871265,1,0,8,9,-0.4614000445,-43.56732038,3.647504636,5,0,4,,,,,,,,,descriptive design grid within one frozen realization; ranges are not uncertainty intervals,1,conditional on one frozen realization; no sampling inference,2026-08-26T18:12:43.884305+00:00,publication-outputs-1.0.0,0950b556111bec172d56ad34fe3569f251832a44e44c7eb43f636e6af321a5a1,ac36628fef7684bc08672b4c0678d32822a62f1b86b86ed9e5e19afa29f97220,cf2fef52687428f0eab74fc123ceb2a36cb6d0fc70d5442d221c955a4753ae2f,a0b23907336269b78a7cfd2eb7057232c7afcf87129f8a4c9d0f5e93faa0a5ef,d0bde0ec0552c341e5ead1b4598d63352fb999a1674433bd60a7c7c3d3287ac0,9c306d57a391d92a493f0b9590b5ec0d2af7679ab1dc1116abab6b6253017763,300
V2b,V1Ia,off_diagonal,excitatory,9,9,0,0,9,10.98661124,-18.96836718,55.27673825,3,0,6,9,0.1425756599,-17.16208498,20.40886289,4,0,5,9,-3.052905865,-19.75901565,16.67774695,6,0,3,9,-6.479039821,-71.56690178,16.37143651,6,0,3,9,15.14372111,-20.38607349,37.53358885,3,0,6,9,0.6024481381,-12.79642834,9.150176688,3,0,6,9,-4.02955232,-14.77438408,29.98950397,5,0,4,9,-5.309877398,-50.71331786,13.51420369,5,0,4,9,9,9,6,9,9,9,7,descriptive design grid within one frozen realization; ranges are not uncertainty intervals,1,conditional on one frozen realization; no sampling inference,2026-08-26T18:12:43.884305+00:00,publication-outputs-1.0.0,0950b556111bec172d56ad34fe3569f251832a44e44c7eb43f636e6af321a5a1,ac36628fef7684bc08672b4c0678d32822a62f1b86b86ed9e5e19afa29f97220,cf2fef52687428f0eab74fc123ceb2a36cb6d0fc70d5442d221c955a4753ae2f,a0b23907336269b78a7cfd2eb7057232c7afcf87129f8a4c9d0f5e93faa0a5ef,d0bde0ec0552c341e5ead1b4598d63352fb999a1674433bd60a7c7c3d3287ac0,9c306d57a391d92a493f0b9590b5ec0d2af7679ab1dc1116abab6b6253017763,300
V2b,V1Ia,off_diagonal,inhibitory,9,9,0,0,9,7.150499845,-2.31754486,56.24391084,1,0,8,9,0.02756715173,-4.345708136,11.26774037,4,0,5,9,2.062969085,-0.66298323,6.457408941,1,0,8,9,-0.3575498869,-66.91599952,1.962109307,5,0,4,9,10.44846006,1.218088513,42.51119083,0,0,9,9,-0.1943476615,-7.71173631,9.725145447,6,0,3,9,2.513231843,1.639033611,13.72122866,0,0,9,9,-2.607219428,-49.66337477,4.32805337,5,0,4,9,9,9,6,9,9,9,8,descriptive design grid within one frozen realization; ranges are not uncertainty intervals,1,conditional on one frozen realization; no sampling inference,2026-08-26T18:12:43.884305+00:00,publication-outputs-1.0.0,0950b556111bec172d56ad34fe3569f251832a44e44c7eb43f636e6af321a5a1,ac36628fef7684bc08672b4c0678d32822a62f1b86b86ed9e5e19afa29f97220,cf2fef52687428f0eab74fc123ceb2a36cb6d0fc70d5442d221c955a4753ae2f,a0b23907336269b78a7cfd2eb7057232c7afcf87129f8a4c9d0f5e93faa0a5ef,d0bde0ec0552c341e5ead1b4598d63352fb999a1674433bd60a7c7c3d3287ac0,9c306d57a391d92a493f0b9590b5ec0d2af7679ab1dc1116abab6b6253017763,300
V2b,V1Ren,off_diagonal,none,9,9,0,0,9,3.944840956,-0.3211899758,44.78089936,1,0,8,9,-0.02753812834,-7.561792011,12.55299006,6,0,3,9,4.391442016,0.3952357635,31.87577011,0,0,9,9,2.71446131,-55.5378839,26.52347532,2,0,7,9,10.3057721,0.7849361703,39.89803823,0,0,9,9,0.02301321728,-9.690937504,10.22343828,4,0,5,9,11.64302201,1.266084968,15.49551884,0,0,9,9,1.397603795,-41.55045255,11.21004888,3,0,6,,,,,,,,,descriptive design grid within one frozen realization; ranges are not uncertainty intervals,1,conditional on one frozen realization; no sampling inference,2026-08-26T18:12:43.884305+00:00,publication-outputs-1.0.0,0950b556111bec172d56ad34fe3569f251832a44e44c7eb43f636e6af321a5a1,ac36628fef7684bc08672b4c0678d32822a62f1b86b86ed9e5e19afa29f97220,cf2fef52687428f0eab74fc123ceb2a36cb6d0fc70d5442d221c955a4753ae2f,a0b23907336269b78a7cfd2eb7057232c7afcf87129f8a4c9d0f5e93faa0a5ef,d0bde0ec0552c341e5ead1b4598d63352fb999a1674433bd60a7c7c3d3287ac0,9c306d57a391d92a493f0b9590b5ec0d2af7679ab1dc1116abab6b6253017763,300
V2b,V1Ren,off_diagonal,excitatory,9,9,0,0,9,10.98661124,-18.96836718,55.27673825,3,0,6,9,0.07314067603,-16.23006162,10.26295498,4,0,5,9,13.71158309,-23.47140231,52.5976036,3,0,6,9,-0.09722017314,-14.35669405,21.92430522,5,0,4,9,15.14372111,-20.38607349,37.53358885,3,0,6,9,0.1093937287,-14.67401801,10.386384,3,0,6,9,2.537520939,-7.008523946,33.38816637,4,0,5,9,-0.435205275,-14.53180648,16.67525152,5,0,4,9,9,9,6,9,9,9,7,descriptive design grid within one frozen realization; ranges are not uncertainty intervals,1,conditional on one frozen realization; no sampling inference,2026-08-26T18:12:43.884305+00:00,publication-outputs-1.0.0,0950b556111bec172d56ad34fe3569f251832a44e44c7eb43f636e6af321a5a1,ac36628fef7684bc08672b4c0678d32822a62f1b86b86ed9e5e19afa29f97220,cf2fef52687428f0eab74fc123ceb2a36cb6d0fc70d5442d221c955a4753ae2f,a0b23907336269b78a7cfd2eb7057232c7afcf87129f8a4c9d0f5e93faa0a5ef,d0bde0ec0552c341e5ead1b4598d63352fb999a1674433bd60a7c7c3d3287ac0,9c306d57a391d92a493f0b9590b5ec0d2af7679ab1dc1116abab6b6253017763,300
V2b,V1Ren,off_diagonal,inhibitory,9,9,0,0,9,7.150499845,-2.31754486,56.24391084,1,0,8,9,0.2900652225,-2.722190418,16.09535807,2,0,7,9,4.965892667,1.951898766,22.16688378,0,0,9,9,-0.1970332695,-59.37396167,21.95832637,6,0,3,9,10.44846006,1.218088513,42.51119083,0,0,9,9,0.08105321366,-0.7610828082,12.43443248,3,0,6,9,9.506988836,1.241000589,27.10652861,0,0,9,9,-0.1607229117,-39.75777731,1.735310253,6,0,3,9,9,9,6,9,9,9,7,descriptive design grid within one frozen realization; ranges are not uncertainty intervals,1,conditional on one frozen realization; no sampling inference,2026-08-26T18:12:43.884305+00:00,publication-outputs-1.0.0,0950b556111bec172d56ad34fe3569f251832a44e44c7eb43f636e6af321a5a1,ac36628fef7684bc08672b4c0678d32822a62f1b86b86ed9e5e19afa29f97220,cf2fef52687428f0eab74fc123ceb2a36cb6d0fc70d5442d221c955a4753ae2f,a0b23907336269b78a7cfd2eb7057232c7afcf87129f8a4c9d0f5e93faa0a5ef,d0bde0ec0552c341e5ead1b4598d63352fb999a1674433bd60a7c7c3d3287ac0,9c306d57a391d92a493f0b9590b5ec0d2af7679ab1dc1116abab6b6253017763,300
V2b,V2b,diagonal,none,9,9,0,0,9,3.944840956,-0.3211899758,44.78089936,1,0,8,9,-0.03534609033,-14.02139068,15.09542504,5,0,4,9,3.944840956,-0.3211899758,44.78089936,1,0,8,9,0.03534609033,-15.09542504,14.02139068,4,0,5,9,10.3057721,0.7849361703,39.89803823,0,0,9,9,0.03998574811,-15.67145664,17.60657418,3,0,6,9,10.3057721,0.7849361703,39.89803823,0,0,9,9,-0.03998574811,-17.60657418,15.67145664,6,0,3,,,,,,,,,descriptive design grid within one frozen realization; ranges are not uncertainty intervals,1,conditional on one frozen realization; no sampling inference,2026-08-26T18:12:43.884305+00:00,publication-outputs-1.0.0,0950b556111bec172d56ad34fe3569f251832a44e44c7eb43f636e6af321a5a1,ac36628fef7684bc08672b4c0678d32822a62f1b86b86ed9e5e19afa29f97220,cf2fef52687428f0eab74fc123ceb2a36cb6d0fc70d5442d221c955a4753ae2f,a0b23907336269b78a7cfd2eb7057232c7afcf87129f8a4c9d0f5e93faa0a5ef,d0bde0ec0552c341e5ead1b4598d63352fb999a1674433bd60a7c7c3d3287ac0,9c306d57a391d92a493f0b9590b5ec0d2af7679ab1dc1116abab6b6253017763,300
V2b,V2b,diagonal,excitatory,9,9,0,0,9,10.98661124,-18.96836718,55.27673825,3,0,6,9,-0.4273063956,-12.61107269,3.636603236,6,0,3,9,10.98661124,-18.96836718,55.27673825,3,0,6,9,0.4273063956,-3.636603236,12.61107269,3,0,6,9,15.14372111,-20.38607349,37.53358885,3,0,6,9,-2.69033523,-15.12517784,1.768887336,7,0,2,9,15.14372111,-20.38607349,37.53358885,3,0,6,9,2.69033523,-1.768887336,15.12517784,2,0,7,9,9,9,6,9,9,9,6,descriptive design grid within one frozen realization; ranges are not uncertainty intervals,1,conditional on one frozen realization; no sampling inference,2026-08-26T18:12:43.884305+00:00,publication-outputs-1.0.0,0950b556111bec172d56ad34fe3569f251832a44e44c7eb43f636e6af321a5a1,ac36628fef7684bc08672b4c0678d32822a62f1b86b86ed9e5e19afa29f97220,cf2fef52687428f0eab74fc123ceb2a36cb6d0fc70d5442d221c955a4753ae2f,a0b23907336269b78a7cfd2eb7057232c7afcf87129f8a4c9d0f5e93faa0a5ef,d0bde0ec0552c341e5ead1b4598d63352fb999a1674433bd60a7c7c3d3287ac0,9c306d57a391d92a493f0b9590b5ec0d2af7679ab1dc1116abab6b6253017763,300
V2b,V2b,diagonal,inhibitory,9,9,0,0,9,7.150499845,-2.31754486,56.24391084,1,0,8,9,0.017952521,-8.355669056,6.922179222,4,0,5,9,7.150499845,-2.31754486,56.24391084,1,0,8,9,-0.017952521,-6.922179222,8.355669056,5,0,4,9,10.44846006,1.218088513,42.51119083,0,0,9,9,0.1264301617,-6.815456325,5.838837771,3,0,6,9,10.44846006,1.218088513,42.51119083,0,0,9,9,-0.1264301617,-5.838837771,6.815456325,6,0,3,9,9,9,6,9,9,9,6,descriptive design grid within one frozen realization; ranges are not uncertainty intervals,1,conditional on one frozen realization; no sampling inference,2026-08-26T18:12:43.884305+00:00,publication-outputs-1.0.0,0950b556111bec172d56ad34fe3569f251832a44e44c7eb43f636e6af321a5a1,ac36628fef7684bc08672b4c0678d32822a62f1b86b86ed9e5e19afa29f97220,cf2fef52687428f0eab74fc123ceb2a36cb6d0fc70d5442d221c955a4753ae2f,a0b23907336269b78a7cfd2eb7057232c7afcf87129f8a4c9d0f5e93faa0a5ef,d0bde0ec0552c341e5ead1b4598d63352fb999a1674433bd60a7c7c3d3287ac0,9c306d57a391d92a493f0b9590b5ec0d2af7679ab1dc1116abab6b6253017763,300
