simulation_id,epoch,stage,frequency_hz,rg_cycle_interval_cv_mean,lr_phase_error_mean_abs_deg,fe_phase_error_mean_abs_deg,lr_phase_slip_rate,fe_phase_slip_rate,lr_phase_slip_count,lr_phase_cycle_count,fe_phase_slip_count,fe_phase_cycle_count,bilateral_amplitude_balance,pf_transfer_reliability,mn_transfer_reliability,pf_transfer_anchor_count,pf_transfer_missed_count,pf_transfer_matched_count,mn_transfer_anchor_count,mn_transfer_missed_count,mn_transfer_matched_count,rhythmic_failure,min_rg_burst_count,challenged_rrp_mean_secondary,challenged_replenishment_resource_mean_secondary,technical_valid,technical_exclusion_reason,n_bursts_L_F,n_bursts_L_E,n_bursts_R_F,n_bursts_R_E,mt_RG_mean,rrp_RG_mean_secondary,replenishment_resource_RG_mean_secondary,mt_PF_mean,rrp_PF_mean_secondary,replenishment_resource_PF_mean_secondary,mt_MN_mean,rrp_MN_mean_secondary,replenishment_resource_MN_mean_secondary,mt_V0D_mean,rrp_V0D_mean_secondary,replenishment_resource_V0D_mean_secondary,mt_V0V_mean,rrp_V0V_mean_secondary,replenishment_resource_V0V_mean_secondary,mt_V2a_mean,rrp_V2a_mean_secondary,replenishment_resource_V2a_mean_secondary,mt_V3_mean,rrp_V3_mean_secondary,replenishment_resource_V3_mean_secondary,mt_V1Ia_mean,rrp_V1Ia_mean_secondary,replenishment_resource_V1Ia_mean_secondary,mt_V1Ren_mean,rrp_V1Ren_mean_secondary,replenishment_resource_V1Ren_mean_secondary,mt_V2b_mean,rrp_V2b_mean_secondary,replenishment_resource_V2b_mean_secondary
sim-4416fb6581c912835b11988445fab7d4f6d103fa010a08bb6dac21a11d825bb6,1,baseline,1.9727358595750726,0.48432326232169126,152.12385707338075,115.47168444210142,0.8333333333333334,0.7142857142857143,5,6,5,7,0.731921941612625,0.6666666666666667,0.6666666666666667,15,5,10,15,5,10,0,4,1.0,1.0,1,none,4,4,5,5,0.07986202576964903,0.9881335656516418,0.9807760424241676,0.07065802558912443,0.9897615672073965,0.9875007417531999,0.06629152285597396,0.9913344335419694,0.9906517537124215,0.064256614154294,0.995411322239629,0.9920644869556792,0.06588459105560164,0.9939118628539726,0.9909944321056888,0.06852336795266871,0.9928741760368772,0.9891204006061687,0.059059976584761385,0.9978188789189714,0.9956592922486114,0.08931534600659867,0.9841835098723775,0.974271978624673,0.06416022954229846,0.9914380644498232,0.9921390163547603,0.0718095949307981,0.992037212727049,0.9868712031760484
sim-4416fb6581c912835b11988445fab7d4f6d103fa010a08bb6dac21a11d825bb6,2,baseline,2.5881210581012555,0.018130428767295783,9.682910497037396,5.548269223560798,0.0,0.0,0,9,0,9,0.9620296188214035,1.0,1.0,19,0,19,19,0,19,0,5,1.0,1.0,1,none,6,5,5,5,0.07080686136362394,0.9898636176023672,0.9686083176146506,0.08458950510744302,0.9829408612524235,0.9597339555485844,0.08500633979743481,0.9817970680743092,0.9597439320868604,0.04569093935352966,0.9937221755535466,0.9855800632463286,0.05663532479201014,0.9905605249529351,0.9790817976044728,0.05857481732086576,0.9906316140735594,0.9776718043844729,0.02941014777669438,0.9983131747393205,0.9954623307917764,0.09384580361231672,0.985322604348999,0.9533351703930586,0.09658495923189077,0.9770278146749224,0.9511895350470506,0.06277795092951187,0.989110141825506,0.9749466971621964
sim-4416fb6581c912835b11988445fab7d4f6d103fa010a08bb6dac21a11d825bb6,3,baseline,2.5453126681623517,0.021433383898714038,15.122599656347555,6.372661538417673,0.0,0.0,0,8,0,8,0.9379739475244312,1.0,1.0,18,0,18,18,0,18,0,5,1.0,1.0,1,none,5,5,5,5,0.06610058538007377,0.990347203391529,0.9656208725830752,0.09742636119819623,0.9839191076915471,0.9446994471829389,0.10052803935911499,0.9830984697486902,0.9429388014584734,0.040702116563376384,0.9939547909323713,0.9823298526415586,0.05734163977424605,0.9909187022433129,0.9728768123998587,0.05759154305504188,0.9912246219715511,0.9724388843182898,0.018359674327228077,0.9979276303607945,0.9950805191380538,0.08801308533693654,0.9848103486303582,0.9514499539301853,0.12096159880059729,0.9798674571351514,0.9263629509000045,0.06568783308752663,0.9897517609842209,0.9672650453126679
sim-4416fb6581c912835b11988445fab7d4f6d103fa010a08bb6dac21a11d825bb6,4,baseline,2.5458550299039704,0.026594704073968717,10.815033349049312,6.662125505631514,0.0,0.0,0,8,0,8,0.9260276638117715,1.0,1.0,18,0,18,18,0,18,0,5,1.0,1.0,1,none,5,5,5,5,0.06393757077934177,0.9902921260182231,0.9649819405620703,0.09961969754974123,0.9846879064944442,0.9407501302766158,0.10569568318673267,0.9834635788940115,0.936709201328089,0.04151818696402587,0.9933075316322774,0.979553477517256,0.056351963795028735,0.9918200106702226,0.9715909777521549,0.05644497045734279,0.9916037215126474,0.9711734128442702,0.017095422003189722,0.9978325115213946,0.9934422723982982,0.0974557432769872,0.9852583285370567,0.9424823663499123,0.12517913771642178,0.9804615259532027,0.9194753677689278,0.06590269436841237,0.989732854151438,0.9650926078794372
sim-4416fb6581c912835b11988445fab7d4f6d103fa010a08bb6dac21a11d825bb6,5,baseline,2.563176696901352,0.029364816953115578,17.504500892340857,7.761195491774164,0.0,0.0,0,9,0,9,0.9385456523001656,1.0,1.0,18,0,18,18,0,18,0,5,1.0,1.0,1,none,5,6,6,5,0.06260493925474357,0.9903293044140024,0.9651126881320617,0.09817631325138716,0.9843115563017802,0.9409937634224272,0.10253339196574461,0.9840789634810924,0.938069868537296,0.040877621776411355,0.9939010241872922,0.9792180394514404,0.05534746892346098,0.9909505988908046,0.971457175071564,0.055906682356808075,0.9911329573884073,0.9708159420971167,0.014988644058466054,0.9975991745050347,0.9936987821933415,0.09564279009246542,0.9838226851047722,0.9427958654139017,0.1214533872617275,0.980072504275048,0.9211181059956995,0.06546733885013432,0.9900450731891742,0.9647500550845978
sim-4416fb6581c912835b11988445fab7d4f6d103fa010a08bb6dac21a11d825bb6,6,baseline,2.533468887025187,0.02718383945166539,13.176594005118229,3.043318303382221,0.0,0.0,0,8,0,8,0.9115935908578698,1.0,1.0,16,0,16,16,0,16,0,5,1.0,1.0,1,none,5,5,5,5,0.0625434411842788,0.9900672509993261,0.9649295238969714,0.10131334178799793,0.9835915183080564,0.9384487735156554,0.10691178185392608,0.9819444332463015,0.934582193318161,0.03939475900935673,0.9939311753367319,0.979824496453864,0.05830416695202454,0.9907136197047669,0.9693994152215273,0.05750426193156801,0.9908818913535592,0.9696075904765766,0.016935249549894713,0.997323136174108,0.9923319970783441,0.09746322282864608,0.9850245115537807,0.9414647380339487,0.13019627141484866,0.9778928980778675,0.9139248119050332,0.06530134208760766,0.9897166501600081,0.9646096732537967
sim-4416fb6581c912835b11988445fab7d4f6d103fa010a08bb6dac21a11d825bb6,7,prechallenge_demand,2.458156395755884,0.065401443318069,11.845347004330716,4.899359959337639,0.0,0.0,0,8,0,8,0.9130726111833394,1.0,1.0,17,0,17,17,0,17,0,5,1.0,1.0,1,none,5,5,5,5,0.06391433053793626,0.9859428053769043,0.9593190944022114,0.10321635569214185,0.9770763417573541,0.9293534614652276,0.10925533801937266,0.9772367959775902,0.9250275568927686,0.0419125025187024,0.991196113743594,0.9756682139429663,0.05744526585540333,0.9887925059981726,0.9664141450550989,0.056796565198049515,0.988535854952207,0.9665239769254629,0.017808919849598013,0.9951066889741549,0.9905467863762062,0.09634011344155925,0.9806685433426012,0.936104155418248,0.1312546677009853,0.9728749920170867,0.9034235865595139,0.0683823367843452,0.9844736899401753,0.9573766624338257
sim-4416fb6581c912835b11988445fab7d4f6d103fa010a08bb6dac21a11d825bb6,8,prechallenge_demand,2.3852374576203594,0.12006298989450884,30.90899169193423,29.64799943597489,0.14285714285714285,0.125,1,7,1,8,0.8946720390824258,1.0,1.0,17,0,17,17,0,17,0,4,1.0,1.0,1,none,5,4,5,5,0.06620096340906016,0.9854913350798115,0.952465731778889,0.10609368953598415,0.9785262416083463,0.9185860591360218,0.11008842891495282,0.9769973280647666,0.9151685339773596,0.04247006882166586,0.9905137557890971,0.9722308661977069,0.05563229297709183,0.9886938971696635,0.9636643664168552,0.05541733624532962,0.9887703964794821,0.9633917239735921,0.021436965562756278,0.9953404648722988,0.9873088531444557,0.09801252157752934,0.9786890301087517,0.9266224892284408,0.132185014030396,0.9727323056322418,0.8915470911368119,0.06883073552958681,0.9864109843755665,0.9524657453167613
sim-4416fb6581c912835b11988445fab7d4f6d103fa010a08bb6dac21a11d825bb6,9,prechallenge_demand,2.4349269468792665,0.045908338994811004,9.50372720622141,9.82941050579915,0.0,0.0,0,7,0,7,0.9223686393476563,1.0,1.0,16,0,16,16,0,16,0,4,1.0,1.0,1,none,5,4,4,5,0.06752721963229463,0.9857782067352269,0.9498299504059058,0.10581072297452232,0.9770199214014282,0.9160287575215579,0.10877820291413158,0.9765934861335427,0.9135527884120447,0.04535669963128657,0.9904662866910199,0.9689441967497803,0.05538289387741905,0.9879403114235813,0.9624243608790158,0.05583272989304029,0.9878404484363229,0.9615230646563787,0.026932695784362387,0.9926159070801961,0.9831944073269409,0.09951199239661089,0.9791837138378475,0.9228570143893472,0.13029954623927695,0.9715774611522582,0.8903614670434242,0.0704496642865905,0.9842480953497097,0.949044269786728
sim-4416fb6581c912835b11988445fab7d4f6d103fa010a08bb6dac21a11d825bb6,10,prechallenge_demand,2.500181415742049,0.05812500406595061,19.921760593227805,6.515147643242644,0.0,0.0,0,8,0,8,0.9317296307180575,1.0,1.0,18,0,18,18,0,18,0,5,1.0,1.0,1,none,5,5,5,5,0.06725661035177703,0.9860444024219459,0.9495594898512857,0.10685291950935268,0.9772503064760523,0.9139180197864692,0.11263721398005536,0.9752812343423208,0.9089920506170616,0.04320048001078921,0.990922828046741,0.9705663711115865,0.05621976936850813,0.9890504563406171,0.961501783239237,0.05620420567895851,0.9888708699199974,0.9609323828828279,0.03148523123546268,0.9921323499548681,0.9800029143957794,0.09849658330227279,0.9800044642847224,0.9230565069490158,0.13334015034558283,0.9701750051376055,0.8866792023106448,0.06917776279508152,0.9860430309713772,0.9497111210861727
sim-4416fb6581c912835b11988445fab7d4f6d103fa010a08bb6dac21a11d825bb6,11,prechallenge_demand,2.4317260939435026,0.145968189530832,38.043132304598174,28.05141165958714,0.125,0.1111111111111111,1,8,1,9,0.9083625569743012,1.0,1.0,17,0,17,17,0,17,0,5,1.0,1.0,1,none,5,5,6,5,0.06588069572135671,0.986001811808336,0.9504981976937869,0.10735999069810484,0.9772068129490065,0.9131582137676619,0.11303150859747824,0.9771197358758748,0.9082483850516259,0.04384095294056326,0.9914313983460148,0.9701212481936597,0.05226987961020912,0.9896782470867427,0.9645250346610807,0.05423983925853605,0.9885924947166868,0.962344208621126,0.027551843274347333,0.9973854436508812,0.9834354809920639,0.09320341689517816,0.9802826838216476,0.9281206446781239,0.1369143959440405,0.971417851654318,0.8823440787173843,0.06777831364825403,0.9862776559408994,0.950702320769196
sim-4416fb6581c912835b11988445fab7d4f6d103fa010a08bb6dac21a11d825bb6,12,prechallenge_demand,2.379743475432711,0.07328503516620138,9.839438494211251,9.08127026256801,0.0,0.0,0,7,0,7,0.8929515875371399,1.0,1.0,16,0,16,16,0,16,0,4,1.0,1.0,1,none,5,4,4,5,0.06661228961812735,0.9856674439788065,0.949868974556718,0.10716640314291254,0.9777570841390538,0.9135871157513766,0.11251437605901342,0.9764145204174756,0.9087057062104527,0.04216462725650724,0.9909965742874569,0.9715839296802301,0.05495089650367163,0.9875603983222386,0.9622044027764309,0.05649210703098061,0.9878742135958622,0.9604555320054919,0.02494576550802529,0.9942804316014155,0.9849354843494807,0.09817283381377183,0.9795222063681913,0.9236480676910387,0.1349691567022988,0.9729783699913009,0.8840216413864513,0.06657237083757882,0.9859448374802323,0.9518433912290459
sim-4416fb6581c912835b11988445fab7d4f6d103fa010a08bb6dac21a11d825bb6,13,challenged_demand,2.566861681722725,0.03989574914065171,9.591524439608087,8.194176357461714,0.0,0.0,0,9,0,9,0.9243770739435717,1.0,1.0,18,0,18,18,0,18,0,5,1.0,1.0,1,none,5,6,6,5,0.06570164310324404,0.9865178765056547,0.9507159866328116,0.10105400769650609,0.9792317016030601,0.9192043932388411,0.10609904946901151,0.9780470402437288,0.9146306499541446,0.04076805088321556,0.9918869637133937,0.9725898566388523,0.0537754441232611,0.9891625878046113,0.9633987660859252,0.05387371808944745,0.9886947736590446,0.9627475958463941,0.02347626019403121,0.9949461570861564,0.986002178134401,0.08853197187981066,0.9831545828631135,0.9324010054532637,0.12400363288063858,0.9743855710424243,0.8942106582893473,0.06601797732954708,0.985986463507151,0.9523738100282574
sim-4416fb6581c912835b11988445fab7d4f6d103fa010a08bb6dac21a11d825bb6,14,challenged_demand,2.5619298404893396,0.04147539520644694,9.84477680793953,9.534644849291416,0.0,0.0,0,8,0,8,0.9530573012277127,1.0,1.0,16,0,16,16,0,16,0,5,1.0,1.0,1,none,5,5,5,5,0.06464598989495446,0.986088143680181,0.9514368027795551,0.09801719594891668,0.9796318220808933,0.9221956140947191,0.10607526597061039,0.9772289360453013,0.9148352638907311,0.03845012615892325,0.9933168595504346,0.9744259527215599,0.04991683710582522,0.9900481345801658,0.9664973537073424,0.0536402792463588,0.9888536394082788,0.962938273078754,0.02550931541802485,0.9944029012593815,0.9844633817360906,0.08858475752534795,0.9811812572156084,0.9321523000562886,0.12157914063001325,0.9743341580440213,0.8975358324456616,0.06530865159341434,0.9866425015977618,0.9532615092623498
sim-4416fb6581c912835b11988445fab7d4f6d103fa010a08bb6dac21a11d825bb6,15,challenged_demand,2.500083013260628,0.04901556363196053,13.436175782216239,4.326627660747722,0.0,0.0,0,8,0,8,0.8934395814359557,1.0,1.0,17,0,17,17,0,17,0,5,1.0,1.0,1,none,5,5,5,5,0.0655213439638369,0.9861338903173005,0.9506069130394588,0.09923486522876236,0.9796233986170227,0.921210670116962,0.10764188045092402,0.9773961188609341,0.9134419340364145,0.03566380595115933,0.9918426377469594,0.9761726693877018,0.052759824443968664,0.9884359737618368,0.9640295509291107,0.05447616271340103,0.9886741155332475,0.9621744401120333,0.02471290930057203,0.9957513290567008,0.9850701822575293,0.09061593558055045,0.9801639771250539,0.9298471987267687,0.12324951167474432,0.974589409905607,0.8963510337198187,0.06529752199038114,0.9860134230979002,0.9530320572343385
sim-4416fb6581c912835b11988445fab7d4f6d103fa010a08bb6dac21a11d825bb6,16,challenged_demand,2.553230879038787,0.10871830026756786,36.76191581512483,25.81256975007968,0.1111111111111111,0.1111111111111111,1,9,1,9,0.864867905755351,1.0,1.0,18,0,18,18,0,18,0,5,1.0,1.0,1,none,6,5,5,5,0.06579606459977502,0.9854476387861664,0.9504341849128316,0.09870627467467963,0.977200417778805,0.9214788422846961,0.10877274637897151,0.97563540497077,0.912131824864236,0.040539510680380114,0.9905638279041149,0.9723571000651574,0.05468674432418831,0.9880912529278008,0.9625090565511164,0.05486259102536533,0.9879833102210229,0.9618244385586245,0.026415078060789333,0.9936899827647403,0.9836303895815581,0.09132298263891113,0.9815179340409325,0.929254403954752,0.12478901160147078,0.9712522730308004,0.8944568553579336,0.06723437473835443,0.9852354403228267,0.9511741045628804
sim-4416fb6581c912835b11988445fab7d4f6d103fa010a08bb6dac21a11d825bb6,17,challenged_demand,2.4572663193640745,0.060122385585578864,10.670505124232108,30.438943560566543,0.0,0.14285714285714285,0,5,1,7,0.8310077891600919,1.0,1.0,14,0,14,14,0,14,0,3,1.0,1.0,1,none,4,3,5,5,0.06720329328711208,0.9856677238608925,0.9492168985650595,0.10182792071982055,0.978729917972401,0.9186873790223362,0.10850492907348766,0.9784162856072229,0.9126167398388421,0.0401513522722344,0.9915144536054784,0.9726238502476852,0.052563791754752426,0.988867465729057,0.9641183706339306,0.05463076374765356,0.9886521336409211,0.9619578947325106,0.025358270108101925,0.9953523561344121,0.9846475792592653,0.09082819380743552,0.9784395004581573,0.9291200312614,0.12571289682393566,0.9752541110632742,0.8938153776115948,0.06746899006333365,0.9853404866239314,0.9508303142545508
sim-4416fb6581c912835b11988445fab7d4f6d103fa010a08bb6dac21a11d825bb6,18,challenged_demand,2.458468395484239,0.050602591526867025,12.353210708932245,9.081266789099903,0.0,0.0,0,8,0,7,0.9695746669078609,1.0,1.0,17,0,17,17,0,17,0,4,1.0,1.0,1,none,5,5,4,5,0.06713585096190555,0.9862235289794026,0.9494425170007307,0.1045202989879057,0.9775086252727906,0.9164183200893011,0.10740474961472267,0.9771004073957656,0.913807855780512,0.04141817223389389,0.9914552721526018,0.9719143450295109,0.05317311270045995,0.9892842601055232,0.964001321675122,0.05480242481520236,0.9885982415254037,0.9619306991814504,0.02297812223916385,0.994958009381169,0.9865199019205768,0.09941497530507036,0.9790261296664557,0.9217226628918255,0.12451571909066832,0.973354599128987,0.8953375617082944,0.07007098170158403,0.9858699190786105,0.9486630081847666
sim-4416fb6581c912835b11988445fab7d4f6d103fa010a08bb6dac21a11d825bb6,19,postdemand_recovery,2.539007679289944,0.022640725589872093,15.682921624523114,3.2774450264551813,0.0,0.0,0,8,0,9,0.9067230190509404,1.0,1.0,18,0,18,18,0,18,0,5,1.0,1.0,1,none,5,5,6,5,0.0650075440139149,0.9902022992066681,0.9558443787668691,0.10253730147081878,0.98391729664518,0.9254676216557147,0.10573870809327544,0.9836144875471089,0.9231625297886351,0.038689844754641954,0.9944762985683581,0.9762394954831557,0.05282813988010624,0.9916011265843163,0.9675429313552693,0.054608002888992285,0.9913123638177249,0.9657843690534658,0.02535509069479503,0.9966450319330534,0.9862213931653694,0.09831875745663342,0.9841762068920636,0.9301156383733553,0.12119556166424682,0.9807221168446694,0.907194368273907,0.06721333925006888,0.9897756115354961,0.9557824250915953
sim-4416fb6581c912835b11988445fab7d4f6d103fa010a08bb6dac21a11d825bb6,20,postdemand_recovery,2.5662554030398246,0.01863274872169575,19.199056373927938,6.429239960428843,0.0,0.0,0,9,0,8,0.9254381156746944,1.0,1.0,18,0,18,18,0,18,0,5,1.0,1.0,1,none,5,6,5,5,0.06321969596848763,0.9900954743238058,0.9619961341069356,0.10209231200748402,0.9843373675604705,0.934015414555831,0.10597496072496809,0.982944804149223,0.931390754622917,0.03836077944816314,0.9943445093401653,0.979075561948669,0.0544510828766569,0.9912741536669872,0.9701203239985352,0.05528556475700473,0.9912331276058723,0.9691629895169601,0.01855680235417588,0.9983100026451707,0.9912239296444699,0.1020926600668182,0.9836168358407544,0.9349094525193192,0.12669720460482997,0.9787426306030688,0.912608156584297,0.06523442508709536,0.9899621775703453,0.9622094698410892
sim-4416fb6581c912835b11988445fab7d4f6d103fa010a08bb6dac21a11d825bb6,21,postdemand_recovery,2.570377258204646,0.021753443140569262,15.481957464782564,6.598263012482684,0.0,0.0,0,8,0,8,0.9918895770473092,1.0,1.0,18,0,18,18,0,18,0,5,1.0,1.0,1,none,5,5,5,5,0.06223197551267067,0.9902924652897795,0.964220142627876,0.10028034928864503,0.9841834583082522,0.9379128702095317,0.10846038931451682,0.9825074240857176,0.9321877160204033,0.036796978844571636,0.9937968061802225,0.980670776366538,0.0566948917056181,0.9909426027319389,0.9698230623118362,0.056617515500767275,0.9908412375374044,0.9694693421979158,0.015584594273321947,0.9970306384964968,0.9928788613223855,0.10550333452592671,0.9830391606415774,0.9341034886942361,0.13201812734708177,0.9782682970417867,0.9112704580224021,0.06463567015254221,0.9897730516878062,0.9641919552180204
sim-4416fb6581c912835b11988445fab7d4f6d103fa010a08bb6dac21a11d825bb6,22,postdemand_recovery,2.565069320530837,0.01664559938605434,8.949975689635998,5.818895856908457,0.0,0.0,0,8,0,8,0.9386005434684334,1.0,1.0,18,0,18,18,0,18,0,5,1.0,1.0,1,none,5,5,5,5,0.06224843331400015,0.9904003526312126,0.9646914037477785,0.1016305704768734,0.9836218021965726,0.937737585680409,0.10911410369925872,0.9827402505717668,0.9324333856363565,0.03833057156835678,0.9943028427513213,0.9801615697135538,0.05692764562641224,0.9909534746213206,0.9699752943795283,0.05749201819195365,0.9912047964114468,0.969303205686851,0.017243015411738918,0.9978104503351708,0.9920444568795074,0.09655710214947415,0.9875927199453675,0.9415700805496008,0.13171593835243584,0.9801825087034791,0.9123755798916784,0.06476181275489637,0.9898600295914064,0.9646101683456322
sim-4416fb6581c912835b11988445fab7d4f6d103fa010a08bb6dac21a11d825bb6,23,postdemand_recovery,2.5607532415462337,0.03243791936606949,10.218746234485723,6.513775042007293,0.0,0.0,0,9,0,9,0.9340301554990206,1.0,1.0,18,0,18,18,0,18,0,5,1.0,1.0,1,none,6,5,5,6,0.06253334145082577,0.9899794728830161,0.9646449886226349,0.10198572609637023,0.9841571568227729,0.9376912246575262,0.10918005886879706,0.9830822607860384,0.9325418713441461,0.0370282140570842,0.9944631029847859,0.9809931461300334,0.05807933662765564,0.9907446906825375,0.9692734636624282,0.05672124678089489,0.9912601193368458,0.9698498004299055,0.01525694382382521,0.9974789401573123,0.9929383819100142,0.08757060566129224,0.9850913497436239,0.9484601775290149,0.12708467547386745,0.9802533334625985,0.915829892339828,0.06552730031953488,0.9898642646268074,0.9642721114716424
sim-4416fb6581c912835b11988445fab7d4f6d103fa010a08bb6dac21a11d825bb6,24,postdemand_recovery,2.5575766470814574,0.011497032905433422,9.526243576705738,4.486115938113656,0.0,0.0,0,8,0,8,0.9454391897388387,1.0,1.0,17,0,17,17,0,17,0,5,1.0,1.0,1,none,5,5,5,5,0.06257822459987687,0.9901763913357058,0.9647560549743537,0.09968970023881833,0.984798012177631,0.9394883986435147,0.1072963694575431,0.9831313461230863,0.9339331116479153,0.038041644376372065,0.9938326684797848,0.9804568059959451,0.058516126613900814,0.9910284364267676,0.969135986286768,0.05728730757874572,0.9908559374483525,0.9695698320070867,0.016706087667332337,0.9973982646756613,0.9921784259153857,0.0981943375784463,0.9842236795525113,0.9410423572297109,0.12537620877907185,0.9796653012647216,0.9171123197560751,0.06550007322978212,0.989669009941156,0.9643953989250765
sim-59095c25ff8280ce421fc5f81157911b91d260b403c88422a3a700b5a4a542bc,1,baseline,1.968370658405565,0.479653080409431,150.13544049050094,115.58591047880053,0.8333333333333334,0.7142857142857143,5,6,5,7,0.7560619836694985,0.7333333333333334,0.6666666666666667,15,4,11,15,5,10,0,4,1.0,1.0,1,none,4,4,5,5,0.02932176379031987,0.9878237562395101,0.9837349891189128,0.07056803706617146,0.9898995172332683,0.9875996993951955,0.06559485476713534,0.9915944717644861,0.991132232335429,0.06388309663775847,0.995333929194782,0.9923069805308234,0.06543218633107352,0.994190553077907,0.9913093004893773,0.06832069115431347,0.9930150265965696,0.9892646880551379,0.05902529682125603,0.997903766020358,0.9956867068334552,0.0886269537041091,0.9847098031017046,0.9747780134804359,0.06327047004643206,0.9916743553534836,0.9927494587149659,0.07152584913458843,0.9922201806316465,0.9870699818244141
sim-59095c25ff8280ce421fc5f81157911b91d260b403c88422a3a700b5a4a542bc,2,baseline,2.581661654699769,0.026962534008737042,10.4172024421781,4.923802511499376,0.0,0.0,0,9,0,9,0.9554421859763049,1.0,1.0,18,0,18,18,0,18,0,5,1.0,1.0,1,none,6,5,5,5,0.004438071023716293,0.9893203699810083,0.9761778668567113,0.08527788717768564,0.9827520390437242,0.9593514083843702,0.08425192713151447,0.9818374554603794,0.9603213245674204,0.04621987957478307,0.993754036364469,0.9852758734633777,0.05584024144925483,0.9907747569142982,0.9796016723558637,0.058005359268568965,0.9908898983719692,0.9780589777558255,0.029551119485998978,0.9980373449405002,0.9953808949251876,0.09312164479086504,0.9846540899210878,0.9538400920283947,0.0948532628868711,0.977588961547662,0.9525509814759571,0.06268049158275893,0.9890884935849399,0.9750137126450901
sim-59095c25ff8280ce421fc5f81157911b91d260b403c88422a3a700b5a4a542bc,3,baseline,2.546276989900681,0.024400983760943205,18.751270809742213,6.339801002443819,0.0,0.0,0,8,0,8,0.9469410442002495,1.0,1.0,18,0,18,18,0,18,0,5,1.0,1.0,1,none,5,5,5,5,0.002812945337260665,0.989756407109464,0.9749399057701169,0.09827688317827946,0.9834830233207769,0.9441078551437726,0.09960169676511171,0.9831840801030869,0.9436045617684238,0.041228958850045065,0.9937895682606895,0.982006197933491,0.05783858049665737,0.9904280046631074,0.9725352690383298,0.057669346726873315,0.9908548866086755,0.9723806319510051,0.02053059652403022,0.9971718877233456,0.9938910537691243,0.09479890633558309,0.9832436975462304,0.9465427536123469,0.11775460642877471,0.9804837700750756,0.9291412004542237,0.0655866478106298,0.9896957852853132,0.9673542565645258
sim-59095c25ff8280ce421fc5f81157911b91d260b403c88422a3a700b5a4a542bc,4,baseline,2.560300024507286,0.022512342141779624,12.768707403253352,4.417383680908697,0.0,0.0,0,8,0,8,0.9219432073313657,1.0,1.0,18,0,18,18,0,18,0,5,1.0,1.0,1,none,5,5,5,5,0.002691602376226852,0.9898418421805985,0.9747444708904747,0.10199713503247781,0.9840155967384648,0.9389664627726613,0.10672096508227195,0.9827893548217811,0.9359840243766155,0.041794850047047985,0.9935587821673573,0.9794376741508227,0.05765462570584164,0.991548595329309,0.9707561873999877,0.05690466960577539,0.9914347881331341,0.9708836446284516,0.017677255973804852,0.9985282219659563,0.9932224148164592,0.10093559386796744,0.9857650793946731,0.9397240759561086,0.12589317288267574,0.9792444066077627,0.9192470504521159,0.06561711348704667,0.9897304354844522,0.9653246719286337
sim-59095c25ff8280ce421fc5f81157911b91d260b403c88422a3a700b5a4a542bc,5,baseline,2.5989481882873835,0.02266173923669895,13.175195190733497,4.721674080175142,0.0,0.0,0,9,0,9,0.9500512256504355,1.0,1.0,18,0,18,18,0,18,0,5,1.0,1.0,1,none,5,6,6,5,0.002670803371260761,0.9896712624286991,0.9747831550633417,0.10038748502692232,0.9845509798340938,0.9393658404119729,0.10597855600382869,0.9835673129459866,0.9355713135207133,0.040266036015954396,0.9940876535854215,0.9795912863379486,0.05571459777363766,0.9913844807416251,0.9712089991315364,0.05706475075907048,0.9909795243150641,0.9700483160256567,0.014626917856526912,0.9973833428702767,0.9938475360822474,0.08998271831715357,0.9861343121313789,0.9471881891850569,0.12524280729824347,0.9801274772307585,0.9183236013386533,0.06556142993704568,0.9898233344042958,0.9646905704990749
sim-59095c25ff8280ce421fc5f81157911b91d260b403c88422a3a700b5a4a542bc,6,baseline,2.589838426448786,0.013748101042616142,15.18879392245558,2.849318478975946,0.0,0.0,0,8,0,8,0.9373139476890124,1.0,1.0,18,0,18,18,0,18,0,5,1.0,1.0,1,none,5,5,5,5,0.002672308023120341,0.9897433896415031,0.9747884764769829,0.10080295993836362,0.9831506057071882,0.938778454120092,0.10935853554764358,0.9812536014157187,0.9326646789195898,0.03918740961184661,0.9937960577509591,0.9799386358144302,0.05603597363415228,0.9911271200942918,0.9708152264950447,0.05716708607229512,0.9910495400007469,0.9697811318909705,0.015279277104557554,0.9972768498104003,0.9932076117069004,0.09621113530394476,0.9829168264160225,0.94222205203729,0.1335351811314372,0.9764224046530858,0.9114177671468757,0.065949814575569,0.9895718431993495,0.9641827157462558
sim-59095c25ff8280ce421fc5f81157911b91d260b403c88422a3a700b5a4a542bc,7,prechallenge_demand,2.4228180221227182,0.07419713666440839,16.521647447036877,7.027641340162797,0.0,0.0,0,8,0,8,0.9275418788562273,1.0,1.0,17,0,17,17,0,17,0,5,1.0,1.0,1,none,5,5,5,5,0.0029458071065093325,0.9844643497942491,0.9693718470346143,0.10933610000507107,0.9758067678776902,0.9234882567769901,0.11730812555197902,0.9751037355619908,0.9171759024755302,0.04707327875464861,0.9891403175715567,0.9712324886596774,0.05562686403765605,0.9892138204736027,0.9677900271435935,0.05696593990783863,0.988493372422871,0.9662509376972745,0.024731737171805702,0.9929644541112178,0.9859613925912881,0.10274955329587597,0.9798751297364368,0.9302352535045416,0.14012633038226557,0.9707915855384347,0.8948799043964591,0.07424027016836322,0.9828609118250133,0.952253343787885
sim-59095c25ff8280ce421fc5f81157911b91d260b403c88422a3a700b5a4a542bc,8,prechallenge_demand,2.3410650278408687,0.11215855192741284,32.374707276571506,33.52858397715416,0.14285714285714285,0.125,1,7,1,8,0.9730325126507741,1.0,1.0,16,0,16,16,0,16,0,4,1.0,1.0,1,none,5,4,5,5,0.0029210371995280426,0.9849725084345498,0.965251901172174,0.10970613836669044,0.9777340441851538,0.9145779682922555,0.11676937336444948,0.9752112874463148,0.9081718634743876,0.04539377852826163,0.9901976805920795,0.9698902538144214,0.05609713350348953,0.9875281732282033,0.9634459289417037,0.05698738621158082,0.987760897017708,0.9619700295942268,0.026831702441045744,0.9951391637059732,0.9837944432577772,0.09531210417627124,0.9799236848702592,0.9288301252855689,0.1388160412961811,0.9709337575470595,0.8847088108162497,0.07113813788737258,0.9859184533693688,0.9499253224384206
sim-59095c25ff8280ce421fc5f81157911b91d260b403c88422a3a700b5a4a542bc,9,prechallenge_demand,2.4661229486174845,0.05075479308256862,9.17286442258197,8.87264852112906,0.0,0.0,0,7,0,8,0.8986878224496875,1.0,1.0,16,0,16,16,0,16,0,4,1.0,1.0,1,none,5,4,5,5,0.002888816718065158,0.9852852016017226,0.9641539958723261,0.10326642552465695,0.9797489883831529,0.9184694289474402,0.11141557196912666,0.9789982277366851,0.9109501604467537,0.042761924765577775,0.9926194639806831,0.9712145712908864,0.053859335902155595,0.9906706614319444,0.9639448244867952,0.056115392540909,0.9889341614304998,0.9611702316606913,0.025968069650370545,0.9943058768510078,0.9841275196018967,0.09587866076286505,0.9821755357656489,0.9260792982941748,0.13217274592677533,0.9748535672119847,0.8887465486558023,0.06798562245256663,0.9859193312959844,0.9510954743231036
sim-59095c25ff8280ce421fc5f81157911b91d260b403c88422a3a700b5a4a542bc,10,prechallenge_demand,2.3668063001576587,0.118469527060042,36.02784767268848,31.440982792788763,0.14285714285714285,0.125,1,7,1,8,0.928394346143249,1.0,1.0,16,0,16,16,0,16,0,4,1.0,1.0,1,none,5,4,5,5,0.002796750483037459,0.9855798342674933,0.9646468941622648,0.10035560713373634,0.976893345243411,0.9204397442554766,0.10797817645354142,0.9759595078111202,0.9133945706516382,0.03738528316582795,0.9925448508831951,0.9750567944431464,0.05028994861493203,0.9891621493304676,0.9661340283639553,0.05494080405466523,0.9885041901002569,0.9616548197584331,0.022848037396987535,0.9956697037595305,0.9863059115345275,0.09219515015840526,0.9788387446679294,0.9286881870951142,0.1268239496412775,0.9711108079682709,0.8929378423181665,0.0667819178655241,0.9862576756912018,0.9518815338945428
sim-59095c25ff8280ce421fc5f81157911b91d260b403c88422a3a700b5a4a542bc,11,prechallenge_demand,2.1791637306558185,0.1461334258979885,52.800755898030786,48.819631983023996,0.3333333333333333,0.2857142857142857,2,6,2,7,0.9958438468025679,1.0,1.0,15,0,15,15,0,15,0,3,1.0,1.0,1,none,5,3,4,5,0.0028555165232998767,0.9853780382044233,0.9643726820023669,0.10736364910888632,0.9768139974122639,0.9135646681853873,0.1109045068399141,0.9763589469002456,0.9105237149566957,0.03662789022171713,0.9931394644458226,0.9754748619590426,0.049417387750594274,0.9896032611826981,0.9667591201654515,0.05280207345952776,0.9888424242599482,0.9633416422489427,0.019572909312075473,0.9975782013737874,0.9885886015863796,0.09836975570457133,0.9774691970753245,0.9230530467151512,0.13307547663961677,0.972146368734963,0.8866669724191397,0.0678262440892178,0.9856520303607663,0.9505016784577405
sim-59095c25ff8280ce421fc5f81157911b91d260b403c88422a3a700b5a4a542bc,12,prechallenge_demand,2.489211959230889,0.05610065860151225,14.245669054746127,31.717026895789015,0.0,0.125,0,7,1,8,0.8874868510795302,1.0,1.0,17,0,17,17,0,17,0,4,1.0,1.0,1,none,5,4,5,5,0.002822874360413226,0.9853276233224685,0.964484320481969,0.1053568795792225,0.9780958085574364,0.9153687960616849,0.10711286732744273,0.9779227971710343,0.9142754309252057,0.035937113681066724,0.9915227040757613,0.9760209045265683,0.051644870621622145,0.9880119356582514,0.9647350623976563,0.054286676813897594,0.9881139036763352,0.9620830370231563,0.018330382417622394,0.9952790902714423,0.9891085363492591,0.09815942011297175,0.9813930132415783,0.9230493754905668,0.12691002687760833,0.9734635288782997,0.8929289226096775,0.06703488129042384,0.9862308795948113,0.9511803852813924
sim-59095c25ff8280ce421fc5f81157911b91d260b403c88422a3a700b5a4a542bc,13,challenged_demand,2.563624506035606,0.046196044449767985,15.072040278391322,6.474806800881685,0.0,0.0,0,8,0,8,0.9017144085739333,0.9444444444444444,1.0,18,1,17,18,0,18,0,5,1.0,1.0,1,none,5,5,5,5,0.0028015078177031725,0.9857788484762464,0.9646503231677791,0.10345048785562488,0.9785314261581516,0.9165179837326184,0.10715384721745806,0.9767534556850241,0.9138252005593822,0.038875069826166654,0.9918526506438975,0.9737702763648094,0.056648453433766024,0.9879952861978771,0.9606448743740569,0.05549388053169079,0.9882544329945869,0.9611152316151876,0.020986875081416778,0.9949253597021663,0.9873134990723802,0.09530738095782183,0.979750505706173,0.9255366094714759,0.12656776659140803,0.9726730748173056,0.8922562272989248,0.06529114490505682,0.9863984894173133,0.952703526228827
sim-59095c25ff8280ce421fc5f81157911b91d260b403c88422a3a700b5a4a542bc,14,challenged_demand,2.4962623592934596,0.04470816406779971,12.618357983936969,9.859306417073867,0.0,0.0,0,8,0,8,0.9240357614544379,1.0,1.0,18,0,18,18,0,18,0,5,1.0,1.0,1,none,5,5,5,5,0.0028078805172033613,0.9855305118707371,0.964694900648997,0.10441933385459262,0.9776401424776016,0.9153621116609527,0.10958530216792037,0.9767416631795285,0.9115926837792261,0.03887158564998683,0.9915906146137935,0.9737138209637094,0.05539346864535245,0.9883316464852109,0.9616510796976389,0.05578188153313113,0.9884596464669019,0.9609897251346513,0.02647579128195859,0.9935002950941059,0.9833823017698664,0.09770233371588241,0.9782342223313807,0.9228702447939884,0.12928375586691027,0.9722382912290402,0.889723816796077,0.06464255845093336,0.9868685631760602,0.9533618160713881
sim-59095c25ff8280ce421fc5f81157911b91d260b403c88422a3a700b5a4a542bc,15,challenged_demand,2.312483292327687,0.15766189993654714,43.5474050793199,29.800251233063797,0.14285714285714285,0.125,1,7,1,8,0.9205131875696781,1.0,1.0,17,0,17,17,0,17,0,4,1.0,1.0,1,none,5,4,5,5,0.0028862427109500946,0.9849618766159073,0.9640464940194488,0.10804396591354481,0.976942663007462,0.9127034739699468,0.11199609232728727,0.9764006167893742,0.9095855414360658,0.043496271637053094,0.9906398991474304,0.9705969761327171,0.05834338634913267,0.9873892779764263,0.9593350810163445,0.057687648110438784,0.9873273421211871,0.9595515682969833,0.028795409082687906,0.9945738129122731,0.9824166446870461,0.104165980629623,0.9762221672958822,0.9163666147711838,0.13359331006104597,0.9718183446191435,0.8860579719292815,0.0677795949318346,0.9846976584530652,0.9511297466782725
sim-59095c25ff8280ce421fc5f81157911b91d260b403c88422a3a700b5a4a542bc,16,challenged_demand,2.4367135916216314,0.14718591104563092,42.42829558587682,31.123352545980342,0.14285714285714285,0.125,1,7,1,8,0.9763543882048579,1.0,1.0,17,0,17,17,0,17,0,4,1.0,1.0,1,none,4,5,6,5,0.002781237875131514,0.9856044004543812,0.9647038518444176,0.1002050511231019,0.979925212718165,0.9201606119152184,0.10798930511676497,0.9777852996077413,0.9131170664240705,0.03875756596101133,0.9923358680260426,0.9741925277013455,0.05297371021726721,0.9904374275705329,0.9638343153129496,0.055319995243884354,0.9895647892647512,0.961495431855079,0.024770001248210927,0.9950501476275652,0.9852017473354998,0.10413785306089998,0.9783984726040658,0.9158421646187203,0.12876647778147177,0.9734419635590837,0.8900233730335892,0.06492469567548899,0.9871910063213138,0.9533995697172056
sim-59095c25ff8280ce421fc5f81157911b91d260b403c88422a3a700b5a4a542bc,17,challenged_demand,2.4623264811240615,0.06309076782708244,20.570921826188762,9.404773345612146,0.0,0.0,0,8,0,7,0.9728944505611836,1.0,1.0,17,0,17,17,0,17,0,4,1.0,1.0,1,none,5,5,4,5,0.002822604009274179,0.9850564273661365,0.9646326907717189,0.10158839790179565,0.9764477675694052,0.9187451174206555,0.10698591597001805,0.9763115842673475,0.9141492621608045,0.038751037502764735,0.9903971240172252,0.973729022667881,0.0504838947426325,0.9880038016144337,0.9656688697214451,0.05302891910798498,0.9880882359821315,0.9632750979503389,0.022331489602629182,0.9947287750891155,0.9868457010444696,0.10428330350887276,0.975507511994337,0.9155139009886338,0.12524931414183432,0.9723906157970428,0.893767964649063,0.0674012768475633,0.9830365237880505,0.9509177342727152
sim-59095c25ff8280ce421fc5f81157911b91d260b403c88422a3a700b5a4a542bc,18,challenged_demand,2.516193014866306,0.04231984135326767,16.633337593344002,7.177141405221892,0.125,0.0,1,8,0,8,0.8595301975355201,1.0,1.0,18,0,18,18,0,18,0,5,1.0,1.0,1,none,5,5,5,5,0.002859077299012587,0.9856540526497263,0.9642268200223584,0.1059441005143621,0.9780153078905802,0.9147283986149654,0.10938539271843185,0.9768003128145726,0.9121953873061691,0.044299590856236186,0.9914451689859464,0.9694684250518019,0.05436446204030965,0.989228874037895,0.962723906593377,0.05418296265820362,0.9889230314224544,0.962390039521155,0.02701018559185266,0.9943669257612063,0.9833899778895622,0.10475886092585676,0.9816277324341728,0.9164029056901692,0.12984164882068924,0.9716264461475366,0.8895205370882981,0.07084701031218721,0.9867429713659762,0.9483048503191879
sim-59095c25ff8280ce421fc5f81157911b91d260b403c88422a3a700b5a4a542bc,19,postdemand_recovery,2.52458901569246,0.021320790192416804,16.5017956025115,4.384592581669191,0.0,0.0,0,8,0,8,0.9452160352444601,1.0,1.0,18,0,18,18,0,18,0,5,1.0,1.0,1,none,5,5,5,5,0.0028001658175180076,0.9892776679512854,0.968000314599581,0.10357324324487278,0.9836500827020956,0.9244088865544888,0.11139330657510711,0.9818074822558388,0.918538674876745,0.041123371253680034,0.9938429269312047,0.9746199019537307,0.05471620541753596,0.9910236501289151,0.9657899400498977,0.054440182318852066,0.9913801143921775,0.9656800283914424,0.024469699332699414,0.9972587667569629,0.9862355880771678,0.10058909288448228,0.9837024950536399,0.9275866463525426,0.13422454768815112,0.9773209511644039,0.8954173673562683,0.06714006423553835,0.989791897456654,0.9557000688575381
sim-59095c25ff8280ce421fc5f81157911b91d260b403c88422a3a700b5a4a542bc,20,postdemand_recovery,2.52506639055467,0.022947368315564032,9.479706537908072,3.9554291086999465,0.0,0.0,0,8,0,8,0.8756538093493937,1.0,1.0,18,0,18,18,0,18,0,5,1.0,1.0,1,none,5,5,5,5,0.002720367091030132,0.9896610053884958,0.9723234126926866,0.10259429847395833,0.9842069437434277,0.9336732155247187,0.11171094616987415,0.9827418796736143,0.9269644259783814,0.039786522467394135,0.993574062464245,0.9781226365541984,0.05623704560488767,0.9910657628374699,0.9687952243069843,0.05537495209427343,0.9911419188627315,0.9690332461546041,0.019982059361423214,0.997097007819061,0.9901354091922602,0.09633655816841549,0.9849417514693641,0.9387875026378375,0.1332938208687483,0.9802466600649311,0.9070024169780206,0.06635149463392753,0.989484638522606,0.961358944588461
sim-59095c25ff8280ce421fc5f81157911b91d260b403c88422a3a700b5a4a542bc,21,postdemand_recovery,2.5727780661758177,0.01904486762802263,15.59627979128116,3.1641140787670903,0.0,0.0,0,9,0,9,0.9874542574256723,1.0,1.0,18,0,18,18,0,18,0,5,1.0,1.0,1,none,5,6,6,5,0.002714401111841136,0.9896568875423356,0.9737141079420362,0.10461454558437881,0.9828814413314622,0.9346782717115394,0.11168913190906311,0.9828020329953424,0.9295309600274695,0.04095257261032235,0.9940407062082047,0.9784050926185198,0.05737504189957222,0.9909424324101824,0.9693025612077673,0.0569343382444739,0.9909391916552517,0.9692932840379517,0.01932402910941625,0.9970334615938578,0.990977604533281,0.09323633265274077,0.9869821206021702,0.9438947962789144,0.1320851561809393,0.9793881108895498,0.9107143696542498,0.0659210430830572,0.9901545340711794,0.9633731041964583
sim-59095c25ff8280ce421fc5f81157911b91d260b403c88422a3a700b5a4a542bc,22,postdemand_recovery,2.5703454709119917,0.022574773330411246,5.720978235955044,4.038525297979048,0.0,0.0,0,8,0,8,0.9090907849684184,1.0,1.0,18,0,18,18,0,18,0,5,1.0,1.0,1,none,5,5,5,5,0.0026675034276431573,0.9897213222963657,0.9744627243855689,0.10525131217804314,0.9836746560113351,0.9349435824188914,0.10911110551095102,0.9829640813557373,0.932397285525904,0.039431629416103973,0.9938220737749969,0.979547199464513,0.05838740605812887,0.9907608430280704,0.9690361891376831,0.057350527807067724,0.9909849834150924,0.9694089650412012,0.020522630991636495,0.9968917990250775,0.9905014741696917,0.09155825888412132,0.9851353406447961,0.9457192399296088,0.12862870282988406,0.9796516422439081,0.9144236943772461,0.06547849783871965,0.9895243175863504,0.9641499164561435
sim-59095c25ff8280ce421fc5f81157911b91d260b403c88422a3a700b5a4a542bc,23,postdemand_recovery,2.5661758921592854,0.02163018551432224,13.51740599045947,4.604783420466368,0.0,0.0,0,8,0,8,0.8938676442557622,1.0,1.0,18,0,18,18,0,18,0,5,1.0,1.0,1,none,5,5,5,5,0.002687100795120256,0.9897436890909871,0.97460032989633,0.10091031862745851,0.9846516155682339,0.9381736638020568,0.10807919330658773,0.9830404404617085,0.9334007705083295,0.03797913623976905,0.9942664661522391,0.98043889581793,0.0578578091545637,0.9908231446522564,0.9694839264756575,0.05726192603133336,0.9910421480996354,0.969546160359615,0.019779842529170723,0.997010554136075,0.9908720784907964,0.09557764399751043,0.9837560614623049,0.9429440818459573,0.12827844079958367,0.9801874439484156,0.9149680512343619,0.06579700894939958,0.9898107120544848,0.9641010024757529
sim-59095c25ff8280ce421fc5f81157911b91d260b403c88422a3a700b5a4a542bc,24,postdemand_recovery,2.5445483114406273,0.022970554151745447,14.869542864480843,5.039679311576085,0.0,0.0,0,8,0,8,0.9295264268333157,1.0,1.0,18,0,18,18,0,18,0,5,1.0,1.0,1,none,5,5,5,5,0.002775621092111465,0.9894927437684499,0.974068192020195,0.1009605900396621,0.9841635168227115,0.9380073603914444,0.1086826389808064,0.9828063158130022,0.9329899312943885,0.03800898659178937,0.9940308745664936,0.9804103462557786,0.057057124432529874,0.9915789641629262,0.9700975891003091,0.05629666137779683,0.9915363398474485,0.970215486909191,0.01976127838688752,0.9972226861513179,0.9908460892402733,0.10224366541375227,0.9840567040992985,0.9379639950940701,0.12610573066152722,0.9797890371296774,0.9165108386199553,0.06659075724079389,0.9894811711890857,0.9635724878707408
sim-d527e60356e5200cfbe7417b93cb92d47f848e53644669e98731752eb69ff09c,1,baseline,1.9727358595750726,0.48432326232169126,152.12385707338075,115.47168444210142,0.8333333333333334,0.7142857142857143,5,6,5,7,0.731921941612625,0.6666666666666667,0.6666666666666667,15,5,10,15,5,10,0,4,0.9881335656516418,0.9807760424241676,1,none,4,4,5,5,0.07986202576964903,0.9881335656516418,0.9807760424241676,0.07065802558912443,0.9897615672073965,0.9875007417531999,0.06629152285597396,0.9913344335419694,0.9906517537124215,0.064256614154294,0.995411322239629,0.9920644869556792,0.06588459105560164,0.9939118628539726,0.9909944321056888,0.06852336795266871,0.9928741760368772,0.9891204006061687,0.059059976584761385,0.9978188789189714,0.9956592922486114,0.08931534600659867,0.9841835098723775,0.974271978624673,0.06416022954229846,0.9914380644498232,0.9921390163547603,0.0718095949307981,0.992037212727049,0.9868712031760484
sim-d527e60356e5200cfbe7417b93cb92d47f848e53644669e98731752eb69ff09c,2,baseline,2.5881210581012555,0.018130428767295783,9.682910497037396,5.548269223560798,0.0,0.0,0,9,0,9,0.9620296188214035,1.0,1.0,19,0,19,19,0,19,0,5,0.9898636176023672,0.9686083176146506,1,none,6,5,5,5,0.07080686136362394,0.9898636176023672,0.9686083176146506,0.08458950510744302,0.9829408612524235,0.9597339555485844,0.08500633979743481,0.9817970680743092,0.9597439320868604,0.04569093935352966,0.9937221755535466,0.9855800632463286,0.05663532479201014,0.9905605249529351,0.9790817976044728,0.05857481732086576,0.9906316140735594,0.9776718043844729,0.02941014777669438,0.9983131747393205,0.9954623307917764,0.09384580361231672,0.985322604348999,0.9533351703930586,0.09658495923189077,0.9770278146749224,0.9511895350470506,0.06277795092951187,0.989110141825506,0.9749466971621964
sim-d527e60356e5200cfbe7417b93cb92d47f848e53644669e98731752eb69ff09c,3,baseline,2.5453126681623517,0.021433383898714038,15.122599656347555,6.372661538417673,0.0,0.0,0,8,0,8,0.9379739475244312,1.0,1.0,18,0,18,18,0,18,0,5,0.990347203391529,0.9656208725830752,1,none,5,5,5,5,0.06610058538007377,0.990347203391529,0.9656208725830752,0.09742636119819623,0.9839191076915471,0.9446994471829389,0.10052803935911499,0.9830984697486902,0.9429388014584734,0.040702116563376384,0.9939547909323713,0.9823298526415586,0.05734163977424605,0.9909187022433129,0.9728768123998587,0.05759154305504188,0.9912246219715511,0.9724388843182898,0.018359674327228077,0.9979276303607945,0.9950805191380538,0.08801308533693654,0.9848103486303582,0.9514499539301853,0.12096159880059729,0.9798674571351514,0.9263629509000045,0.06568783308752663,0.9897517609842209,0.9672650453126679
sim-d527e60356e5200cfbe7417b93cb92d47f848e53644669e98731752eb69ff09c,4,baseline,2.5458550299039704,0.026594704073968717,10.815033349049312,6.662125505631514,0.0,0.0,0,8,0,8,0.9260276638117715,1.0,1.0,18,0,18,18,0,18,0,5,0.9902921260182231,0.9649819405620703,1,none,5,5,5,5,0.06393757077934177,0.9902921260182231,0.9649819405620703,0.09961969754974123,0.9846879064944442,0.9407501302766158,0.10569568318673267,0.9834635788940115,0.936709201328089,0.04151818696402587,0.9933075316322774,0.979553477517256,0.056351963795028735,0.9918200106702226,0.9715909777521549,0.05644497045734279,0.9916037215126474,0.9711734128442702,0.017095422003189722,0.9978325115213946,0.9934422723982982,0.0974557432769872,0.9852583285370567,0.9424823663499123,0.12517913771642178,0.9804615259532027,0.9194753677689278,0.06590269436841237,0.989732854151438,0.9650926078794372
sim-d527e60356e5200cfbe7417b93cb92d47f848e53644669e98731752eb69ff09c,5,baseline,2.563176696901352,0.029364816953115578,17.504500892340857,7.761195491774164,0.0,0.0,0,9,0,9,0.9385456523001656,1.0,1.0,18,0,18,18,0,18,0,5,0.9903293044140024,0.9651126881320617,1,none,5,6,6,5,0.06260493925474357,0.9903293044140024,0.9651126881320617,0.09817631325138716,0.9843115563017802,0.9409937634224272,0.10253339196574461,0.9840789634810924,0.938069868537296,0.040877621776411355,0.9939010241872922,0.9792180394514404,0.05534746892346098,0.9909505988908046,0.971457175071564,0.055906682356808075,0.9911329573884073,0.9708159420971167,0.014988644058466054,0.9975991745050347,0.9936987821933415,0.09564279009246542,0.9838226851047722,0.9427958654139017,0.1214533872617275,0.980072504275048,0.9211181059956995,0.06546733885013432,0.9900450731891742,0.9647500550845978
sim-d527e60356e5200cfbe7417b93cb92d47f848e53644669e98731752eb69ff09c,6,baseline,2.533468887025187,0.02718383945166539,13.176594005118229,3.043318303382221,0.0,0.0,0,8,0,8,0.9115935908578698,1.0,1.0,16,0,16,16,0,16,0,5,0.9900672509993261,0.9649295238969714,1,none,5,5,5,5,0.0625434411842788,0.9900672509993261,0.9649295238969714,0.10131334178799793,0.9835915183080564,0.9384487735156554,0.10691178185392608,0.9819444332463015,0.934582193318161,0.03939475900935673,0.9939311753367319,0.979824496453864,0.05830416695202454,0.9907136197047669,0.9693994152215273,0.05750426193156801,0.9908818913535592,0.9696075904765766,0.016935249549894713,0.997323136174108,0.9923319970783441,0.09746322282864608,0.9850245115537807,0.9414647380339487,0.13019627141484866,0.9778928980778675,0.9139248119050332,0.06530134208760766,0.9897166501600081,0.9646096732537967
sim-d527e60356e5200cfbe7417b93cb92d47f848e53644669e98731752eb69ff09c,7,prechallenge_demand,2.458156395755884,0.065401443318069,11.845347004330716,4.899359959337639,0.0,0.0,0,8,0,8,0.9130726111833394,1.0,1.0,17,0,17,17,0,17,0,5,0.9859428053769043,0.9593190944022114,1,none,5,5,5,5,0.06391433053793626,0.9859428053769043,0.9593190944022114,0.10321635569214185,0.9770763417573541,0.9293534614652276,0.10925533801937266,0.9772367959775902,0.9250275568927686,0.0419125025187024,0.991196113743594,0.9756682139429663,0.05744526585540333,0.9887925059981726,0.9664141450550989,0.056796565198049515,0.988535854952207,0.9665239769254629,0.017808919849598013,0.9951066889741549,0.9905467863762062,0.09634011344155925,0.9806685433426012,0.936104155418248,0.1312546677009853,0.9728749920170867,0.9034235865595139,0.0683823367843452,0.9844736899401753,0.9573766624338257
sim-d527e60356e5200cfbe7417b93cb92d47f848e53644669e98731752eb69ff09c,8,prechallenge_demand,2.3852374576203594,0.12006298989450884,30.90899169193423,29.64799943597489,0.14285714285714285,0.125,1,7,1,8,0.8946720390824258,1.0,1.0,17,0,17,17,0,17,0,4,0.9854913350798115,0.952465731778889,1,none,5,4,5,5,0.06620096340906016,0.9854913350798115,0.952465731778889,0.10609368953598415,0.9785262416083463,0.9185860591360218,0.11008842891495282,0.9769973280647666,0.9151685339773596,0.04247006882166586,0.9905137557890971,0.9722308661977069,0.05563229297709183,0.9886938971696635,0.9636643664168552,0.05541733624532962,0.9887703964794821,0.9633917239735921,0.021436965562756278,0.9953404648722988,0.9873088531444557,0.09801252157752934,0.9786890301087517,0.9266224892284408,0.132185014030396,0.9727323056322418,0.8915470911368119,0.06883073552958681,0.9864109843755665,0.9524657453167613
sim-d527e60356e5200cfbe7417b93cb92d47f848e53644669e98731752eb69ff09c,9,prechallenge_demand,2.4349269468792665,0.045908338994811004,9.50372720622141,9.82941050579915,0.0,0.0,0,7,0,7,0.9223686393476563,1.0,1.0,16,0,16,16,0,16,0,4,0.9857782067352269,0.9498299504059058,1,none,5,4,4,5,0.06752721963229463,0.9857782067352269,0.9498299504059058,0.10581072297452232,0.9770199214014282,0.9160287575215579,0.10877820291413158,0.9765934861335427,0.9135527884120447,0.04535669963128657,0.9904662866910199,0.9689441967497803,0.05538289387741905,0.9879403114235813,0.9624243608790158,0.05583272989304029,0.9878404484363229,0.9615230646563787,0.026932695784362387,0.9926159070801961,0.9831944073269409,0.09951199239661089,0.9791837138378475,0.9228570143893472,0.13029954623927695,0.9715774611522582,0.8903614670434242,0.0704496642865905,0.9842480953497097,0.949044269786728
sim-d527e60356e5200cfbe7417b93cb92d47f848e53644669e98731752eb69ff09c,10,prechallenge_demand,2.500181415742049,0.05812500406595061,19.921760593227805,6.515147643242644,0.0,0.0,0,8,0,8,0.9317296307180575,1.0,1.0,18,0,18,18,0,18,0,5,0.9860444024219459,0.9495594898512857,1,none,5,5,5,5,0.06725661035177703,0.9860444024219459,0.9495594898512857,0.10685291950935268,0.9772503064760523,0.9139180197864692,0.11263721398005536,0.9752812343423208,0.9089920506170616,0.04320048001078921,0.990922828046741,0.9705663711115865,0.05621976936850813,0.9890504563406171,0.961501783239237,0.05620420567895851,0.9888708699199974,0.9609323828828279,0.03148523123546268,0.9921323499548681,0.9800029143957794,0.09849658330227279,0.9800044642847224,0.9230565069490158,0.13334015034558283,0.9701750051376055,0.8866792023106448,0.06917776279508152,0.9860430309713772,0.9497111210861727
sim-d527e60356e5200cfbe7417b93cb92d47f848e53644669e98731752eb69ff09c,11,prechallenge_demand,2.4317260939435026,0.145968189530832,38.043132304598174,28.05141165958714,0.125,0.1111111111111111,1,8,1,9,0.9083625569743012,1.0,1.0,17,0,17,17,0,17,0,5,0.986001811808336,0.9504981976937869,1,none,5,5,6,5,0.06588069572135671,0.986001811808336,0.9504981976937869,0.10735999069810484,0.9772068129490065,0.9131582137676619,0.11303150859747824,0.9771197358758748,0.9082483850516259,0.04384095294056326,0.9914313983460148,0.9701212481936597,0.05226987961020912,0.9896782470867427,0.9645250346610807,0.05423983925853605,0.9885924947166868,0.962344208621126,0.027551843274347333,0.9973854436508812,0.9834354809920639,0.09320341689517816,0.9802826838216476,0.9281206446781239,0.1369143959440405,0.971417851654318,0.8823440787173843,0.06777831364825403,0.9862776559408994,0.950702320769196
sim-d527e60356e5200cfbe7417b93cb92d47f848e53644669e98731752eb69ff09c,12,prechallenge_demand,2.379743475432711,0.07328503516620138,9.839438494211251,9.08127026256801,0.0,0.0,0,7,0,7,0.8929515875371399,1.0,1.0,16,0,16,16,0,16,0,4,0.9856674439788065,0.949868974556718,1,none,5,4,4,5,0.06661228961812735,0.9856674439788065,0.949868974556718,0.10716640314291254,0.9777570841390538,0.9135871157513766,0.11251437605901342,0.9764145204174756,0.9087057062104527,0.04216462725650724,0.9909965742874569,0.9715839296802301,0.05495089650367163,0.9875603983222386,0.9622044027764309,0.05649210703098061,0.9878742135958622,0.9604555320054919,0.02494576550802529,0.9942804316014155,0.9849354843494807,0.09817283381377183,0.9795222063681913,0.9236480676910387,0.1349691567022988,0.9729783699913009,0.8840216413864513,0.06657237083757882,0.9859448374802323,0.9518433912290459
sim-d527e60356e5200cfbe7417b93cb92d47f848e53644669e98731752eb69ff09c,13,challenged_demand,2.517781596877512,0.07343962142219118,12.345382540046394,46.14977041258022,0.0,0.2222222222222222,0,6,2,9,0.8745015023782934,0.9333333333333333,0.9333333333333333,15,1,14,15,1,14,0,3,0.9526076063175283,0.6739428327750357,1,none,5,3,6,4,0.06581980445897175,0.9526076063175283,0.6739428327750357,0.09163475230043193,0.9831330215503968,0.9286000731265934,0.09739561504123287,0.9816113896480232,0.9233393694590517,0.03455291105132784,0.9948091034084784,0.9776628906489033,0.04892866934743377,0.9908428321676362,0.9674539157739378,0.05042238240909789,0.989950922101815,0.9656499513612209,0.022773200843106033,0.995213743268316,0.9864923988942955,0.0866176399066878,0.9834893971604074,0.9344412467545633,0.11221976306721555,0.9796129440368277,0.9071799264275727,0.05892225987630659,0.9891522619440722,0.9586913541183223
sim-d527e60356e5200cfbe7417b93cb92d47f848e53644669e98731752eb69ff09c,14,challenged_demand,2.431507975397618,0.05800305945538058,16.38530624501984,7.926172153210528,0.0,0.0,0,8,0,7,0.933400673568629,1.0,1.0,17,0,17,17,0,17,0,4,0.9855975556253849,0.8631857202176855,1,none,5,5,4,5,0.06524071865934072,0.9855975556253849,0.8631857202176855,0.09938044195398428,0.9771333328110515,0.9210096345267139,0.10210747946606583,0.9774169958741785,0.9189613805147424,0.03588169609276899,0.9919044074113922,0.9760718784383656,0.052463030119245274,0.988083555180328,0.9642358769222054,0.054420807755685446,0.9881025828390277,0.9621510430756329,0.028145837077312878,0.9934558949787131,0.9824057687053731,0.09720006627575942,0.9763166058093807,0.92391928845123,0.11825979516329167,0.9734984398717825,0.9016661494337201,0.06281371839646106,0.9857491275196889,0.9552811743541129
sim-d527e60356e5200cfbe7417b93cb92d47f848e53644669e98731752eb69ff09c,15,challenged_demand,2.5117031721783363,0.06449491245689845,25.882639292796036,12.100775697247522,0.125,0.0,1,8,0,8,0.9247434575050737,1.0,1.0,18,0,18,18,0,18,0,5,0.9856829154980967,0.9224244293415427,1,none,5,5,5,5,0.06667752626889495,0.9856829154980967,0.9224244293415427,0.10475605126347465,0.9771914071965078,0.9165702184754416,0.10791490892400757,0.976402891033602,0.9138352336804116,0.04043747121601868,0.9908924614519596,0.9728223753198215,0.057125232323356284,0.9877455323630037,0.9604602088962308,0.057110627017626904,0.9875286102031655,0.960047276692566,0.02690840010683353,0.9951276256465904,0.9839439011606096,0.10618598909211022,0.9778310345657463,0.914789274876031,0.12640533094720144,0.9723871125298632,0.8941459458103188,0.06709059680943283,0.984895243616813,0.9519696528471581
sim-d527e60356e5200cfbe7417b93cb92d47f848e53644669e98731752eb69ff09c,16,challenged_demand,2.5566804314260785,0.03375838436732848,9.625076266991996,8.32507891820682,0.0,0.0,0,9,0,9,0.9550911147102307,1.0,1.0,18,0,18,18,0,18,0,5,0.9862607881552229,0.9420091830796575,1,none,5,6,6,5,0.06588337897944462,0.9862607881552229,0.9420091830796575,0.10174174848722302,0.9792390949850028,0.9190748631138731,0.1082800081510062,0.9771660475566236,0.9131304055081289,0.03871386788231773,0.992279089611814,0.9740388108504207,0.05192555188360614,0.9902366110012534,0.9647840705033648,0.05562480037821891,0.9889107875492228,0.9612240401064751,0.022679363796761706,0.996855495056536,0.9867064040100063,0.09594765546252992,0.9820098022492731,0.9245227469098014,0.12692374689902697,0.9727390184045532,0.8930128065668079,0.0672645171197679,0.9864187457120694,0.9514883528241361
sim-d527e60356e5200cfbe7417b93cb92d47f848e53644669e98731752eb69ff09c,17,challenged_demand,2.5106709183282994,0.05843276276559553,8.750266414645592,27.314481854706184,0.0,0.125,0,6,1,8,0.8793084983661582,1.0,1.0,15,0,15,15,0,15,0,3,0.9856093095346806,0.9479364300639774,1,none,5,3,5,5,0.0656661441947951,0.9856093095346806,0.9479364300639774,0.10084870867834934,0.9787681050782112,0.9199001503852533,0.10998424610033343,0.9765618411540085,0.9114202088254967,0.03761725674735684,0.9917033971617765,0.9748416503054995,0.049562756799215464,0.989496016041994,0.9666843912941863,0.05365286688779639,0.9888226664905294,0.9627854240430377,0.01931714074561252,0.995411887183991,0.9888253498428008,0.09022626473347238,0.9806250577058322,0.92960953707628,0.13007324803140066,0.972922429072464,0.8897350506791911,0.06616789234804397,0.9855369563988111,0.9521401023078476
sim-d527e60356e5200cfbe7417b93cb92d47f848e53644669e98731752eb69ff09c,18,challenged_demand,2.292444852756163,0.15033711268159086,58.789999207979335,36.11534087723167,0.2857142857142857,0.16666666666666666,2,7,1,6,0.925886436933899,1.0,1.0,15,0,15,15,0,15,0,3,0.986094688735448,0.9491522983858054,1,none,5,4,3,5,0.0665534277003848,0.986094688735448,0.9491522983858054,0.10348223536892626,0.9768978084619084,0.9175783362489532,0.10916561439354794,0.9761475613962104,0.9121489223833453,0.039740594206897656,0.9914630105922443,0.9732852316306166,0.05159304513275347,0.9891259093606516,0.9652155040288233,0.05442627242305418,0.9883728555037521,0.9621981019243676,0.022281586259429383,0.9943148652849195,0.9867071371050786,0.0962804160238072,0.9784618383616529,0.9243614143344824,0.12775972117171852,0.9715000541670658,0.8919462027218626,0.06920748227570016,0.9854771375388678,0.9493653785757913
sim-d527e60356e5200cfbe7417b93cb92d47f848e53644669e98731752eb69ff09c,19,postdemand_recovery,2.548580557977229,0.02596837917495321,14.745753196273812,5.425135539906494,0.0,0.0,0,7,0,9,0.9211734296105819,1.0,1.0,17,0,17,17,0,17,0,4,0.990135616119469,0.955501010671978,1,none,5,4,6,5,0.06525643099783122,0.990135616119469,0.955501010671978,0.10284629117455833,0.9837428119997655,0.9252903672410041,0.1079776149857423,0.9834795023264086,0.9209927724653105,0.038207597443477716,0.9944460544691204,0.976680786853048,0.05157631567488594,0.9913886269499118,0.9685712364826293,0.054175560908284084,0.99141770762176,0.9660659865107956,0.024731420722150396,0.996649406203624,0.9864396477789532,0.09520377712563666,0.9846658024836891,0.9325009414877878,0.12638710811499831,0.9800670246175186,0.9022942873519307,0.06703094505354394,0.9898038189599019,0.9559125542246438
sim-d527e60356e5200cfbe7417b93cb92d47f848e53644669e98731752eb69ff09c,20,postdemand_recovery,2.567136161372409,0.012718476257593012,19.04700993762736,5.308434158136423,0.0,0.0,0,9,0,8,0.9256933115034672,1.0,1.0,18,0,18,18,0,18,0,5,0.9901320067231881,0.9619818054418094,1,none,5,6,5,5,0.06320476710989506,0.9901320067231881,0.9619818054418094,0.10323452476350212,0.9841824569303576,0.9331968924625188,0.10802717298518823,0.9826330471533428,0.9297332810911719,0.037655319830119056,0.9943324740045716,0.9795566273416625,0.055039800488729335,0.9910051679242806,0.9698563081760601,0.05520541906462677,0.991108217945098,0.9692166332296007,0.020003488623698093,0.9980760985477553,0.990423228217939,0.10154596035310907,0.9833587617285879,0.935369502258219,0.13120422514598143,0.9782276921868504,0.9091402658380695,0.06621438480568949,0.9897010135792175,0.9615123455826843
sim-d527e60356e5200cfbe7417b93cb92d47f848e53644669e98731752eb69ff09c,21,postdemand_recovery,2.5691426419328725,0.019192306999114745,17.053032402340417,6.0610648323722565,0.0,0.0,0,8,0,8,0.9798360662511169,1.0,1.0,18,0,18,18,0,18,0,5,0.9902646365176192,0.9642333248022482,1,none,5,5,5,5,0.06221244440530196,0.9902646365176192,0.9642333248022482,0.10153412432625283,0.9840510144265963,0.9369898160526656,0.11057734847651776,0.9820705526763966,0.9305465459517112,0.03700010629147493,0.9937458985377053,0.9805563027892448,0.05749032910104182,0.9907139306089697,0.9693496006253797,0.0567137474320256,0.9908466382915215,0.9694164728533082,0.016075701541453463,0.9971749360310218,0.9926780535488381,0.10603143077656561,0.9827685209806031,0.9336479434671469,0.13558804523663065,0.9776263638911861,0.9084109089477502,0.06558507598512177,0.989649711375597,0.9635402732891452
sim-d527e60356e5200cfbe7417b93cb92d47f848e53644669e98731752eb69ff09c,22,postdemand_recovery,2.577770475478582,0.02400906994344677,8.500549893968897,5.855026475526674,0.0,0.0,0,8,0,8,0.918809958288631,1.0,1.0,18,0,18,18,0,18,0,5,0.9904050785984605,0.964731560720551,1,none,5,5,5,5,0.062197266465649846,0.9904050785984605,0.964731560720551,0.10277084696777752,0.9834834617168737,0.9368197863360049,0.10994464865072189,0.983124008307274,0.9316860946432463,0.03843558383070696,0.9943409817352802,0.9800504090932327,0.058613068517044155,0.9906451712929288,0.9688972004981435,0.05761751406297886,0.9911177416261207,0.9691967452044914,0.016953674970412506,0.9975210895034275,0.9922330256602426,0.09862860156381481,0.9869437569485519,0.9399615591194481,0.13262620946850015,0.980554114888108,0.9111877003086022,0.0651279268039218,0.9899127473336836,0.9643554607176927
sim-d527e60356e5200cfbe7417b93cb92d47f848e53644669e98731752eb69ff09c,23,postdemand_recovery,2.559351628237282,0.028352508665992045,14.80381329059717,5.9162759696975415,0.0,0.0,0,9,0,9,0.9303213204999503,1.0,1.0,18,0,18,18,0,18,0,5,0.9899949597929176,0.9645802068486041,1,none,6,5,5,6,0.06262479988368548,0.9899949597929176,0.9645802068486041,0.10234836670470057,0.9841137907717488,0.9372713923305106,0.10847299805785585,0.9833014959547467,0.9329077092987652,0.03774068143121187,0.9941170663272816,0.9805164980139396,0.0589107192038868,0.9908975273723879,0.9688124183062304,0.05763725431424028,0.9910606447893916,0.9692791903537977,0.016574125911755395,0.9976040969839767,0.9923305151115288,0.09247716084762315,0.9843644341438911,0.9447075280469056,0.12672432534518735,0.9803304987626934,0.9158135138316875,0.06547398857443684,0.9899581534497618,0.964314393639154
sim-d527e60356e5200cfbe7417b93cb92d47f848e53644669e98731752eb69ff09c,24,postdemand_recovery,2.5555801297629683,0.011486063720620117,12.48967560490646,4.142629057020891,0.0,0.0,0,8,0,8,0.9436183119040304,1.0,1.0,18,0,18,18,0,18,0,5,0.9901475436861368,0.9646890201482552,1,none,5,5,5,5,0.06260116324085536,0.9901475436861368,0.9646890201482552,0.09935807547070868,0.984748118756107,0.9395945790318397,0.10605744214106906,0.9834459727094509,0.9347686756251308,0.038556813411481525,0.9939283699113161,0.9801686722711331,0.05842108320927788,0.99116116832399,0.9692086954326666,0.057743990467150765,0.9908867857946597,0.9692745414153863,0.016752074379968597,0.99742873972212,0.992247750145079,0.10091691081255087,0.9837784081788474,0.9384664359352639,0.1243457719678731,0.9806094844288318,0.9180991182757673,0.06473141045092193,0.989783504543517,0.9648983889689267
sim-5420a513f13c9c93e8ccdda185dac81c35db60bb85d696282cff57101b0ca37a,1,baseline,1.968370658405565,0.479653080409431,150.13544049050094,115.58591047880053,0.8333333333333334,0.7142857142857143,5,6,5,7,0.7560619836694985,0.7333333333333334,0.6666666666666667,15,4,11,15,5,10,0,4,0.9878237562395101,0.9837349891189128,1,none,4,4,5,5,0.02932176379031987,0.9878237562395101,0.9837349891189128,0.07056803706617146,0.9898995172332683,0.9875996993951955,0.06559485476713534,0.9915944717644861,0.991132232335429,0.06388309663775847,0.995333929194782,0.9923069805308234,0.06543218633107352,0.994190553077907,0.9913093004893773,0.06832069115431347,0.9930150265965696,0.9892646880551379,0.05902529682125603,0.997903766020358,0.9956867068334552,0.0886269537041091,0.9847098031017046,0.9747780134804359,0.06327047004643206,0.9916743553534836,0.9927494587149659,0.07152584913458843,0.9922201806316465,0.9870699818244141
sim-5420a513f13c9c93e8ccdda185dac81c35db60bb85d696282cff57101b0ca37a,2,baseline,2.581661654699769,0.026962534008737042,10.4172024421781,4.923802511499376,0.0,0.0,0,9,0,9,0.9554421859763049,1.0,1.0,18,0,18,18,0,18,0,5,0.9893203699810083,0.9761778668567113,1,none,6,5,5,5,0.004438071023716293,0.9893203699810083,0.9761778668567113,0.08527788717768564,0.9827520390437242,0.9593514083843702,0.08425192713151447,0.9818374554603794,0.9603213245674204,0.04621987957478307,0.993754036364469,0.9852758734633777,0.05584024144925483,0.9907747569142982,0.9796016723558637,0.058005359268568965,0.9908898983719692,0.9780589777558255,0.029551119485998978,0.9980373449405002,0.9953808949251876,0.09312164479086504,0.9846540899210878,0.9538400920283947,0.0948532628868711,0.977588961547662,0.9525509814759571,0.06268049158275893,0.9890884935849399,0.9750137126450901
sim-5420a513f13c9c93e8ccdda185dac81c35db60bb85d696282cff57101b0ca37a,3,baseline,2.546276989900681,0.024400983760943205,18.751270809742213,6.339801002443819,0.0,0.0,0,8,0,8,0.9469410442002495,1.0,1.0,18,0,18,18,0,18,0,5,0.989756407109464,0.9749399057701169,1,none,5,5,5,5,0.002812945337260665,0.989756407109464,0.9749399057701169,0.09827688317827946,0.9834830233207769,0.9441078551437726,0.09960169676511171,0.9831840801030869,0.9436045617684238,0.041228958850045065,0.9937895682606895,0.982006197933491,0.05783858049665737,0.9904280046631074,0.9725352690383298,0.057669346726873315,0.9908548866086755,0.9723806319510051,0.02053059652403022,0.9971718877233456,0.9938910537691243,0.09479890633558309,0.9832436975462304,0.9465427536123469,0.11775460642877471,0.9804837700750756,0.9291412004542237,0.0655866478106298,0.9896957852853132,0.9673542565645258
sim-5420a513f13c9c93e8ccdda185dac81c35db60bb85d696282cff57101b0ca37a,4,baseline,2.560300024507286,0.022512342141779624,12.768707403253352,4.417383680908697,0.0,0.0,0,8,0,8,0.9219432073313657,1.0,1.0,18,0,18,18,0,18,0,5,0.9898418421805985,0.9747444708904747,1,none,5,5,5,5,0.002691602376226852,0.9898418421805985,0.9747444708904747,0.10199713503247781,0.9840155967384648,0.9389664627726613,0.10672096508227195,0.9827893548217811,0.9359840243766155,0.041794850047047985,0.9935587821673573,0.9794376741508227,0.05765462570584164,0.991548595329309,0.9707561873999877,0.05690466960577539,0.9914347881331341,0.9708836446284516,0.017677255973804852,0.9985282219659563,0.9932224148164592,0.10093559386796744,0.9857650793946731,0.9397240759561086,0.12589317288267574,0.9792444066077627,0.9192470504521159,0.06561711348704667,0.9897304354844522,0.9653246719286337
sim-5420a513f13c9c93e8ccdda185dac81c35db60bb85d696282cff57101b0ca37a,5,baseline,2.5989481882873835,0.02266173923669895,13.175195190733497,4.721674080175142,0.0,0.0,0,9,0,9,0.9500512256504355,1.0,1.0,18,0,18,18,0,18,0,5,0.9896712624286991,0.9747831550633417,1,none,5,6,6,5,0.002670803371260761,0.9896712624286991,0.9747831550633417,0.10038748502692232,0.9845509798340938,0.9393658404119729,0.10597855600382869,0.9835673129459866,0.9355713135207133,0.040266036015954396,0.9940876535854215,0.9795912863379486,0.05571459777363766,0.9913844807416251,0.9712089991315364,0.05706475075907048,0.9909795243150641,0.9700483160256567,0.014626917856526912,0.9973833428702767,0.9938475360822474,0.08998271831715357,0.9861343121313789,0.9471881891850569,0.12524280729824347,0.9801274772307585,0.9183236013386533,0.06556142993704568,0.9898233344042958,0.9646905704990749
sim-5420a513f13c9c93e8ccdda185dac81c35db60bb85d696282cff57101b0ca37a,6,baseline,2.589838426448786,0.013748101042616142,15.18879392245558,2.849318478975946,0.0,0.0,0,8,0,8,0.9373139476890124,1.0,1.0,18,0,18,18,0,18,0,5,0.9897433896415031,0.9747884764769829,1,none,5,5,5,5,0.002672308023120341,0.9897433896415031,0.9747884764769829,0.10080295993836362,0.9831506057071882,0.938778454120092,0.10935853554764358,0.9812536014157187,0.9326646789195898,0.03918740961184661,0.9937960577509591,0.9799386358144302,0.05603597363415228,0.9911271200942918,0.9708152264950447,0.05716708607229512,0.9910495400007469,0.9697811318909705,0.015279277104557554,0.9972768498104003,0.9932076117069004,0.09621113530394476,0.9829168264160225,0.94222205203729,0.1335351811314372,0.9764224046530858,0.9114177671468757,0.065949814575569,0.9895718431993495,0.9641827157462558
sim-5420a513f13c9c93e8ccdda185dac81c35db60bb85d696282cff57101b0ca37a,7,prechallenge_demand,2.4228180221227182,0.07419713666440839,16.521647447036877,7.027641340162797,0.0,0.0,0,8,0,8,0.9275418788562273,1.0,1.0,17,0,17,17,0,17,0,5,0.9844643497942491,0.9693718470346143,1,none,5,5,5,5,0.0029458071065093325,0.9844643497942491,0.9693718470346143,0.10933610000507107,0.9758067678776902,0.9234882567769901,0.11730812555197902,0.9751037355619908,0.9171759024755302,0.04707327875464861,0.9891403175715567,0.9712324886596774,0.05562686403765605,0.9892138204736027,0.9677900271435935,0.05696593990783863,0.988493372422871,0.9662509376972745,0.024731737171805702,0.9929644541112178,0.9859613925912881,0.10274955329587597,0.9798751297364368,0.9302352535045416,0.14012633038226557,0.9707915855384347,0.8948799043964591,0.07424027016836322,0.9828609118250133,0.952253343787885
sim-5420a513f13c9c93e8ccdda185dac81c35db60bb85d696282cff57101b0ca37a,8,prechallenge_demand,2.3410650278408687,0.11215855192741284,32.374707276571506,33.52858397715416,0.14285714285714285,0.125,1,7,1,8,0.9730325126507741,1.0,1.0,16,0,16,16,0,16,0,4,0.9849725084345498,0.965251901172174,1,none,5,4,5,5,0.0029210371995280426,0.9849725084345498,0.965251901172174,0.10970613836669044,0.9777340441851538,0.9145779682922555,0.11676937336444948,0.9752112874463148,0.9081718634743876,0.04539377852826163,0.9901976805920795,0.9698902538144214,0.05609713350348953,0.9875281732282033,0.9634459289417037,0.05698738621158082,0.987760897017708,0.9619700295942268,0.026831702441045744,0.9951391637059732,0.9837944432577772,0.09531210417627124,0.9799236848702592,0.9288301252855689,0.1388160412961811,0.9709337575470595,0.8847088108162497,0.07113813788737258,0.9859184533693688,0.9499253224384206
sim-5420a513f13c9c93e8ccdda185dac81c35db60bb85d696282cff57101b0ca37a,9,prechallenge_demand,2.4661229486174845,0.05075479308256862,9.17286442258197,8.87264852112906,0.0,0.0,0,7,0,8,0.8986878224496875,1.0,1.0,16,0,16,16,0,16,0,4,0.9852852016017226,0.9641539958723261,1,none,5,4,5,5,0.002888816718065158,0.9852852016017226,0.9641539958723261,0.10326642552465695,0.9797489883831529,0.9184694289474402,0.11141557196912666,0.9789982277366851,0.9109501604467537,0.042761924765577775,0.9926194639806831,0.9712145712908864,0.053859335902155595,0.9906706614319444,0.9639448244867952,0.056115392540909,0.9889341614304998,0.9611702316606913,0.025968069650370545,0.9943058768510078,0.9841275196018967,0.09587866076286505,0.9821755357656489,0.9260792982941748,0.13217274592677533,0.9748535672119847,0.8887465486558023,0.06798562245256663,0.9859193312959844,0.9510954743231036
sim-5420a513f13c9c93e8ccdda185dac81c35db60bb85d696282cff57101b0ca37a,10,prechallenge_demand,2.3668063001576587,0.118469527060042,36.02784767268848,31.440982792788763,0.14285714285714285,0.125,1,7,1,8,0.928394346143249,1.0,1.0,16,0,16,16,0,16,0,4,0.9855798342674933,0.9646468941622648,1,none,5,4,5,5,0.002796750483037459,0.9855798342674933,0.9646468941622648,0.10035560713373634,0.976893345243411,0.9204397442554766,0.10797817645354142,0.9759595078111202,0.9133945706516382,0.03738528316582795,0.9925448508831951,0.9750567944431464,0.05028994861493203,0.9891621493304676,0.9661340283639553,0.05494080405466523,0.9885041901002569,0.9616548197584331,0.022848037396987535,0.9956697037595305,0.9863059115345275,0.09219515015840526,0.9788387446679294,0.9286881870951142,0.1268239496412775,0.9711108079682709,0.8929378423181665,0.0667819178655241,0.9862576756912018,0.9518815338945428
sim-5420a513f13c9c93e8ccdda185dac81c35db60bb85d696282cff57101b0ca37a,11,prechallenge_demand,2.1791637306558185,0.1461334258979885,52.800755898030786,48.819631983023996,0.3333333333333333,0.2857142857142857,2,6,2,7,0.9958438468025679,1.0,1.0,15,0,15,15,0,15,0,3,0.9853780382044233,0.9643726820023669,1,none,5,3,4,5,0.0028555165232998767,0.9853780382044233,0.9643726820023669,0.10736364910888632,0.9768139974122639,0.9135646681853873,0.1109045068399141,0.9763589469002456,0.9105237149566957,0.03662789022171713,0.9931394644458226,0.9754748619590426,0.049417387750594274,0.9896032611826981,0.9667591201654515,0.05280207345952776,0.9888424242599482,0.9633416422489427,0.019572909312075473,0.9975782013737874,0.9885886015863796,0.09836975570457133,0.9774691970753245,0.9230530467151512,0.13307547663961677,0.972146368734963,0.8866669724191397,0.0678262440892178,0.9856520303607663,0.9505016784577405
sim-5420a513f13c9c93e8ccdda185dac81c35db60bb85d696282cff57101b0ca37a,12,prechallenge_demand,2.489211959230889,0.05610065860151225,14.245669054746127,31.717026895789015,0.0,0.125,0,7,1,8,0.8874868510795302,1.0,1.0,17,0,17,17,0,17,0,4,0.9853276233224685,0.964484320481969,1,none,5,4,5,5,0.002822874360413226,0.9853276233224685,0.964484320481969,0.1053568795792225,0.9780958085574364,0.9153687960616849,0.10711286732744273,0.9779227971710343,0.9142754309252057,0.035937113681066724,0.9915227040757613,0.9760209045265683,0.051644870621622145,0.9880119356582514,0.9647350623976563,0.054286676813897594,0.9881139036763352,0.9620830370231563,0.018330382417622394,0.9952790902714423,0.9891085363492591,0.09815942011297175,0.9813930132415783,0.9230493754905668,0.12691002687760833,0.9734635288782997,0.8929289226096775,0.06703488129042384,0.9862308795948113,0.9511803852813924
sim-5420a513f13c9c93e8ccdda185dac81c35db60bb85d696282cff57101b0ca37a,13,challenged_demand,2.5644997139319416,0.0457761602847546,12.016686736391392,10.066267010911282,0.0,0.0,0,8,0,9,0.8580230382443077,0.9411764705882353,1.0,17,1,16,17,0,17,0,5,0.9511099773011883,0.6876100142335211,1,none,5,5,6,5,0.002790976213032154,0.9511099773011883,0.6876100142335211,0.09731740796004625,0.9810561038314828,0.9228788985879295,0.10157506514643184,0.9795399961551513,0.9195678125947151,0.03428283579683867,0.9936315191682515,0.9773660810847908,0.04951011104217822,0.9916023003770833,0.9668371899352157,0.05158602345226701,0.9900401984611737,0.9645957193732145,0.0188763621312089,0.9959295413401981,0.9887771746146913,0.08457669577845205,0.9840302126731663,0.9360060085614152,0.11831690418545998,0.9767886105945868,0.9016728946651811,0.060889361115999255,0.988315667630751,0.9568278551515558
sim-5420a513f13c9c93e8ccdda185dac81c35db60bb85d696282cff57101b0ca37a,14,challenged_demand,2.5707808641055463,0.04250072646391463,20.932859983804363,9.525762311674814,0.0,0.0,0,8,0,8,0.9236528919659925,1.0,1.0,18,0,18,18,0,18,0,5,0.9848667066568453,0.8759101135810333,1,none,5,5,5,5,0.0028084662935094905,0.9848667066568453,0.8759101135810333,0.09743194342102805,0.9784646377884997,0.9228514056223451,0.10305422758313404,0.9775317619841553,0.9180827699880416,0.035871769470423906,0.9918888039428347,0.975997639268201,0.04555212209156984,0.9898301338296981,0.9698595596565862,0.051961510268948165,0.9886552257330465,0.9643097979211023,0.02283655679184053,0.9942820707160219,0.9859220433738912,0.08638598687065906,0.9809529277814533,0.9344757724693974,0.12091285583887455,0.973406468423452,0.8988932195769833,0.06322305688539226,0.9856088310060274,0.9550686539769697
sim-5420a513f13c9c93e8ccdda185dac81c35db60bb85d696282cff57101b0ca37a,15,challenged_demand,2.4766955264533217,0.045311509602413674,12.66432954654809,26.807230967760407,0.0,0.125,0,7,1,8,0.8256717055595318,1.0,1.0,15,0,15,15,0,15,0,4,0.9855521806322534,0.9358216836270026,1,none,5,4,5,5,0.002881760162793279,0.9855521806322534,0.9358216836270026,0.10280987594547658,0.9790791163157767,0.9177502960709948,0.10524112841100847,0.9782305098109232,0.9159111766228486,0.03865306561783936,0.9915052215691911,0.9736947979500247,0.05282460504575931,0.9888300908719287,0.9639962693641226,0.054717997221137654,0.9889502667299944,0.9620761298716779,0.024994649953831896,0.9948860922044862,0.9845544166919834,0.09294720532442073,0.9783992134178529,0.9283636952737774,0.12282146582993354,0.9750186083550736,0.8967815810182206,0.06705938613197725,0.9858398675052554,0.951565229039367
sim-5420a513f13c9c93e8ccdda185dac81c35db60bb85d696282cff57101b0ca37a,16,challenged_demand,2.508263902699342,0.06788009617582771,15.033446362816353,8.793606544797779,0.0,0.0,0,8,0,8,0.9726887190887065,1.0,1.0,18,0,18,18,0,18,0,5,0.9850744145490912,0.955498922335846,1,none,5,5,5,5,0.0028208132799992054,0.9850744145490912,0.955498922335846,0.09971725569536748,0.9781449028084183,0.9205283197607337,0.10704401548370734,0.9760171213959639,0.9138247652963296,0.04048589119584152,0.9913801004301559,0.9722841607862562,0.05164080760174032,0.9887714283494885,0.9649690012169299,0.05356389021717845,0.9884392675439697,0.9630015317214676,0.026953296644132835,0.9939401213324253,0.9829839319310677,0.09676515491695858,0.98164594166797,0.9249370885818402,0.12262244793528249,0.9725335826794296,0.8962411998207984,0.06694534271071066,0.9857174950708547,0.9514007718061565
sim-5420a513f13c9c93e8ccdda185dac81c35db60bb85d696282cff57101b0ca37a,17,challenged_demand,2.5251008461112243,0.044370966159040764,12.188705574941007,7.7104001511113305,0.0,0.0,0,8,0,8,0.8507223927476385,1.0,1.0,18,0,18,18,0,18,0,5,0.9856621591240902,0.9614823547175234,1,none,5,5,5,5,0.002835414424983977,0.9856621591240902,0.9614823547175234,0.09991848086765785,0.978677918924589,0.9204628166765244,0.10667286787731227,0.9777701159741014,0.9144833283883309,0.037832322184845134,0.9932105069953814,0.9745242766181906,0.04770140873119939,0.9905892071061269,0.9680968009915927,0.05203313631127573,0.9893155980387589,0.9641560883961732,0.02268111953284078,0.9968754196626709,0.9862452283236606,0.08532999037455533,0.9827093123439069,0.9348438309077761,0.12251533254699865,0.9742243607748666,0.8967597229311622,0.06725750143400182,0.985688023758246,0.9511350243644588
sim-5420a513f13c9c93e8ccdda185dac81c35db60bb85d696282cff57101b0ca37a,18,challenged_demand,2.5261696278444865,0.06727439544553522,20.338214726972332,10.263334074989537,0.0,0.0,0,8,0,8,0.9499139854884496,1.0,1.0,18,0,18,18,0,18,0,5,0.9851876880028018,0.963640484295489,1,none,5,5,5,5,0.0028273099999087223,0.9851876880028018,0.963640484295489,0.10317147088607359,0.9777926314661767,0.9173082345166816,0.11026952924192457,0.9759975671728383,0.9108617020715226,0.03605184262356804,0.9911413767380588,0.9755757423771287,0.04989580316530862,0.9898016288166375,0.966175190022669,0.052873786876930354,0.9887866379122748,0.9632402245034958,0.022197070307636613,0.9949143904419163,0.9865303315855306,0.08802995309119936,0.9807933566958643,0.932674037290541,0.12640589502747274,0.9722603902398741,0.892793479670474,0.06756784695189819,0.9856985041451204,0.9510161721188173
sim-5420a513f13c9c93e8ccdda185dac81c35db60bb85d696282cff57101b0ca37a,19,postdemand_recovery,2.5491087428200117,0.037734590417166626,11.841740686752052,5.687738143486403,0.0,0.0,0,8,0,8,0.9599671781108723,1.0,1.0,18,0,18,18,0,18,0,5,0.9895387360196221,0.9677664184445637,1,none,5,5,5,5,0.0027807573127951795,0.9895387360196221,0.9677664184445637,0.10451465347261661,0.9833215205699198,0.9239514905584945,0.10916179743570252,0.9829836193170423,0.9200318659790637,0.04081556368051321,0.9935677309532347,0.97481274033465,0.0515171054341649,0.991245547915935,0.9684964979591633,0.054311706737628376,0.9912463173468125,0.9658245325138978,0.018681896929453424,0.9979236822581253,0.989721164368201,0.08621211956661669,0.9867334825772789,0.940283750788015,0.13009389545001188,0.9788942166149521,0.899457318994385,0.06714047486403237,0.9895689398193,0.9559166340112937
sim-5420a513f13c9c93e8ccdda185dac81c35db60bb85d696282cff57101b0ca37a,20,postdemand_recovery,2.5696848890824775,0.02680502426991362,7.881242612059353,3.80529870042332,0.0,0.0,0,9,0,9,0.9455154014756973,1.0,1.0,18,0,18,18,0,18,0,5,0.9897021621665688,0.972311233081478,1,none,6,5,5,6,0.002713033818287535,0.9897021621665688,0.972311233081478,0.10164325618674387,0.984621774454752,0.9343667784393677,0.10848627115780747,0.9827828034898518,0.9293556980187487,0.03985421317693178,0.994081059742172,0.9782689719199366,0.053984432388416013,0.990861916660633,0.970420145415474,0.05542504226172154,0.991095784702904,0.9690149121093498,0.017365639716411047,0.9972765545265821,0.9915453306612507,0.09144439024657439,0.9850023184512254,0.9433307426050356,0.12974042784040643,0.9787194668817183,0.909956064466087,0.06531511077588155,0.9903229513860674,0.9622080722107788
sim-5420a513f13c9c93e8ccdda185dac81c35db60bb85d696282cff57101b0ca37a,21,postdemand_recovery,2.5991089734576027,0.023043650048476312,9.265393122795567,3.2464980897531697,0.0,0.0,0,8,0,8,0.9556038968615935,1.0,1.0,18,0,18,18,0,18,0,5,0.9893751140520478,0.9736893673005559,1,none,5,5,5,5,0.0027118426952965776,0.9893751140520478,0.9736893673005559,0.10142153622592334,0.9833067510698977,0.937195712202406,0.11022849991696546,0.982464378142245,0.9308132082762255,0.038722813908142174,0.9938741360063402,0.9797389469523405,0.05745661098329822,0.990849571123021,0.9693508592209873,0.057059503708060615,0.9907189266789725,0.9692071741376014,0.015508690798614196,0.9983327826449764,0.9929792859480288,0.0907028906023554,0.9863163935045891,0.9459291501638929,0.13427526408801832,0.9787519630326992,0.9094078154279728,0.0644110766340566,0.9896850041776356,0.9644102659524333
sim-5420a513f13c9c93e8ccdda185dac81c35db60bb85d696282cff57101b0ca37a,22,postdemand_recovery,2.5543581001863394,0.019394379572447044,17.292003198767354,5.944897501660018,0.0,0.0,0,8,0,8,0.9363114194686752,1.0,1.0,18,0,18,18,0,18,0,5,0.9898338546485808,0.9743841956008693,1,none,5,5,5,5,0.002678026723434432,0.9898338546485808,0.9743841956008693,0.10201021294947782,0.9837850393687414,0.9375628230630757,0.10818332649457754,0.9828058720744927,0.9329302187733893,0.03987484311295024,0.9933616698815998,0.9791908573696885,0.05529828779978297,0.9916593820132343,0.9710422416138345,0.056303894077556406,0.9912834664589397,0.970060196525623,0.015590358823072534,0.9965728011055964,0.9928006077403173,0.09208953949837662,0.9834228663937788,0.9454529694981298,0.12898889475965053,0.9795580674861127,0.9141403011352466,0.06451637291253104,0.98968201445921,0.9648325837539296
sim-5420a513f13c9c93e8ccdda185dac81c35db60bb85d696282cff57101b0ca37a,23,postdemand_recovery,2.5567516353347335,0.027180981467565608,15.045696627854044,4.278154459749853,0.0,0.0,0,8,0,8,0.9797701440127079,1.0,1.0,18,0,18,18,0,18,0,5,0.9898213584713035,0.9745666850077598,1,none,5,5,5,5,0.0026890622952217,0.9898213584713035,0.9745666850077598,0.10370497472032597,0.9834769112126933,0.9364580819225105,0.10902854032399212,0.9832159093494679,0.9327104378845944,0.04110505384036637,0.993981469167044,0.9786674175881565,0.05644657640859786,0.9910369328425882,0.9703817301062293,0.05716973530796819,0.9911344984562899,0.9696194420175812,0.018169200709065338,0.9977895457008514,0.9916232863350156,0.10044723665688125,0.9842128284967243,0.939456639464263,0.12728055463538157,0.9807053262303879,0.9162071143750047,0.06590925323611092,0.9897030658866672,0.9640457194550738
sim-5420a513f13c9c93e8ccdda185dac81c35db60bb85d696282cff57101b0ca37a,24,postdemand_recovery,2.5355924989422096,0.024904996304121588,18.528504471034413,3.9484895331748664,0.0,0.0,0,8,0,9,0.876395090730895,1.0,1.0,18,0,18,18,0,18,0,5,0.9899425897948949,0.9748146206891871,1,none,5,5,6,5,0.002654703486910733,0.9899425897948949,0.9748146206891871,0.10321765776325119,0.9841360980176773,0.9368456359467201,0.10829137225146636,0.9831271018888235,0.9333594658946025,0.03929912973139791,0.994128794411833,0.9797750426200953,0.05581766790871825,0.9915010909672717,0.9708929508335048,0.05637343639495903,0.9914312744183187,0.9701901342763913,0.015604862237943377,0.997309826734541,0.9927926896875108,0.10228487141924274,0.9832096757451712,0.9377861188439902,0.12692070183838453,0.9801701689083616,0.916466950724324,0.06596371275715336,0.9898670732659527,0.9640003981638227
sim-4bb22898e9bc7c9ff4989a8db78b52f92466d0e290054b177da0661cc5caee18,1,baseline,1.9727358595750726,0.48432326232169126,152.12385707338075,115.47168444210142,0.8333333333333334,0.7142857142857143,5,6,5,7,0.731315870764131,0.6666666666666667,0.6666666666666667,15,5,10,15,5,10,0,4,1.0,1.0,1,none,4,4,5,5,0.07986203081362347,0.9881335905000558,0.9807760386251804,0.028675459002862714,0.9894406413424259,0.9893407645111816,0.06629144684076121,0.9913351079536948,0.990651794280257,0.06425661862705075,0.9954113408035242,0.9920644844437098,0.06588460510144588,0.9939118844504717,0.9909944292842044,0.06852336803144803,0.9928741943447028,0.9891203980243513,0.059059975521350554,0.9978188789116982,0.9956592922639942,0.08931534695442397,0.9841836206506965,0.9742719614699585,0.06416018229589722,0.9914383670194924,0.9921390653233011,0.0718095923833885,0.9920372147060181,0.9868712029117284
sim-4bb22898e9bc7c9ff4989a8db78b52f92466d0e290054b177da0661cc5caee18,2,baseline,2.5881210581012555,0.01806214742135283,9.579540460975572,5.439573571386895,0.0,0.0,0,9,0,9,0.9621627307026394,1.0,1.0,19,0,19,19,0,19,0,5,1.0,1.0,1,none,6,5,5,5,0.07080710648046624,0.9898642958017215,0.9686082258202862,0.005840343733063482,0.982036877553966,0.9696384734860168,0.08500627688435376,0.9817958493168856,0.959743806417973,0.045690997450912804,0.9937235028324739,0.9855799832292146,0.056635588921682654,0.9905585168570727,0.9790816673601647,0.058574888085207236,0.9906293621296792,0.9776717899688869,0.029410214374182477,0.9983131151729303,0.9954623282750639,0.09384592340024864,0.9853212422546267,0.9533350034541849,0.09658515533936571,0.9770234471323129,0.9511894714738259,0.06277842422524053,0.9891143729696279,0.9749464202308856
sim-4bb22898e9bc7c9ff4989a8db78b52f92466d0e290054b177da0661cc5caee18,3,baseline,2.5440935809935565,0.022452945847571532,14.94829172398243,6.200788084245045,0.0,0.0,0,8,0,8,0.9437783590676825,1.0,1.0,18,0,18,18,0,18,0,5,1.0,1.0,1,none,5,5,5,5,0.06609774121977482,0.990356155524535,0.9656235375847609,0.004702828506596518,0.9829144509999855,0.9607894707760294,0.10047271049786917,0.98310940391798,0.9429918932395767,0.040762055173361705,0.9938841255487023,0.9822932779315705,0.05733993922177362,0.9909194560883554,0.9728786595273038,0.05758859480026992,0.9912310103270189,0.9724415680451188,0.01827297718762924,0.9980533424797653,0.9951327431115498,0.08800254379268237,0.9848603254619678,0.9514604350890064,0.12095468963573841,0.9798855749556176,0.926369125213548,0.06568415207141723,0.9897569814279131,0.9672684796121239
sim-4bb22898e9bc7c9ff4989a8db78b52f92466d0e290054b177da0661cc5caee18,4,baseline,2.555586271459008,0.020963364720952223,12.568519594624945,4.888198643175411,0.0,0.0,0,8,0,8,0.931129116220028,1.0,1.0,18,0,18,18,0,18,0,5,1.0,1.0,1,none,5,5,5,5,0.06387096497740072,0.9903059321989126,0.9650251450056221,0.004453536961748909,0.9838110219685311,0.95930774556542,0.10611702388418538,0.9830258410735737,0.9364094280387798,0.04125920287075762,0.9935027444486709,0.9797251448412617,0.05635016702021709,0.9917997935697618,0.9715822329531768,0.05661492313114363,0.991611331434169,0.9710691127762936,0.01737974792498471,0.9975356927314201,0.9932709627389452,0.09788415657096361,0.9848571758677761,0.9421487743046458,0.12498262597592,0.9800160174321491,0.919684462749479,0.0660115869328056,0.989704927358479,0.9650063069260109
sim-4bb22898e9bc7c9ff4989a8db78b52f92466d0e290054b177da0661cc5caee18,5,baseline,2.583188766674591,0.026123618143886647,20.100552010408126,6.451309465729462,0.0,0.0,0,9,0,9,0.9582730551061253,1.0,1.0,18,0,18,18,0,18,0,5,1.0,1.0,1,none,5,6,6,5,0.062524056354383,0.9902639291244538,0.9651679598165058,0.004312193541891591,0.9835984972426193,0.9595718229793025,0.10586019869996306,0.9835530737088976,0.9357333244170981,0.039613841101435024,0.9944047212996717,0.9799462114765363,0.05644428153979382,0.9910879122123912,0.9707956241508102,0.05605017042377569,0.9911312479404929,0.9707261901428753,0.015640228885987928,0.9975727138648458,0.9933579411454163,0.10045293796969483,0.9833224270531157,0.9388963406329663,0.12578908935341804,0.9797485395106279,0.9178964854876233,0.06547869942894065,0.9899789630718175,0.9647603020148396
sim-4bb22898e9bc7c9ff4989a8db78b52f92466d0e290054b177da0661cc5caee18,6,baseline,2.595802388360151,0.025796858153471686,14.413583828816765,2.6355743575882933,0.0,0.0,0,8,0,8,0.9586877511436446,1.0,1.0,18,0,18,18,0,18,0,5,1.0,1.0,1,none,5,5,5,5,0.06232070049478875,0.990131568957702,0.9650330462016259,0.004482790630074193,0.9823221499425704,0.958809720124796,0.10677684217843812,0.9823586765523482,0.9347681547749765,0.0386681327052958,0.9937897454411305,0.9802112290355862,0.05773894543817892,0.9908256760136867,0.9697741279609702,0.057087101011136225,0.9908119864615994,0.9698594829067573,0.016787167925258143,0.9972157076493936,0.9923806053257458,0.09345355666577095,0.9875858622237484,0.9442259715125492,0.13093175328846854,0.977708202402528,0.913673169041384,0.0657573413574361,0.9894850118654025,0.9643471587608283
sim-4bb22898e9bc7c9ff4989a8db78b52f92466d0e290054b177da0661cc5caee18,7,prechallenge_demand,2.4243468288524213,0.06703932314315374,20.34373031190315,6.4802172699480085,0.0,0.0,0,8,0,8,0.9600772657958179,1.0,1.0,17,0,17,17,0,17,0,5,1.0,1.0,1,none,5,5,5,5,0.06575014975888968,0.9851579903782202,0.9576442524828456,0.00508678345545469,0.9741378044172284,0.9488918984548973,0.11392244161695508,0.9753093535224068,0.920138160386469,0.045884625871673704,0.9895444645599611,0.9721376299437504,0.05665753916619681,0.9887635021893151,0.9669372111822714,0.058332305014655535,0.9879691999973689,0.9651073259822633,0.02359742817309293,0.9931498499852831,0.9866955702197051,0.09328645389277335,0.9797426242638454,0.9369574149542989,0.13770756484186092,0.9702653059442239,0.8970155560519332,0.07425217369280111,0.9826755032956194,0.9523707177681663
sim-4bb22898e9bc7c9ff4989a8db78b52f92466d0e290054b177da0661cc5caee18,8,prechallenge_demand,2.356715788094199,0.11543656588650417,33.01407296381287,32.70440047778758,0.14285714285714285,0.125,1,7,1,8,0.9591853284472959,1.0,1.0,16,0,16,16,0,16,0,4,1.0,1.0,1,none,5,4,5,5,0.06675627567173552,0.9858079408477727,0.9519396137110302,0.0048641810720366115,0.9762175552805574,0.9428872681594462,0.1153106618475392,0.976023274823581,0.90974293310039,0.04459003619966355,0.9901207843135426,0.9703434950218311,0.05715890349040973,0.9874529329284117,0.9625383933361217,0.05834089399743351,0.9874682492719997,0.9608270393415766,0.02538862548111511,0.9950210119746203,0.9847845268928611,0.0922499799946866,0.9798742999973027,0.9309130983812312,0.14031684381594045,0.9717436141620295,0.8832044589893713,0.07158104044134155,0.9858120253110593,0.9497144533166534
sim-4bb22898e9bc7c9ff4989a8db78b52f92466d0e290054b177da0661cc5caee18,9,prechallenge_demand,2.4301563349845314,0.05087559859379713,11.36977246363935,10.491348733463598,0.0,0.0,0,7,0,7,0.9387359729157094,1.0,1.0,16,0,16,16,0,16,0,4,1.0,1.0,1,none,5,4,4,5,0.0676907833593785,0.9853753163849882,0.9496254423276528,0.004791166936303959,0.9755640223568449,0.9420858489835805,0.11032918272567989,0.9772862595183719,0.9120505629381366,0.04782729898644189,0.9905474392976562,0.9667399226649113,0.05785303314261988,0.987857064740658,0.9605881289172096,0.05847492199247429,0.9880045304417041,0.9593273963361019,0.027764236703287988,0.9932338251578919,0.982718964831316,0.09778436561255112,0.9788057558505368,0.9241439548457949,0.13264867603033412,0.9720207768663285,0.88811146530567,0.0725399632431691,0.9850349133253664,0.947016530165272
sim-4bb22898e9bc7c9ff4989a8db78b52f92466d0e290054b177da0661cc5caee18,10,prechallenge_demand,2.504517289988539,0.037745842713084815,19.002072601737574,6.137295224576354,0.0,0.0,0,8,0,8,0.9135223556334036,1.0,1.0,18,0,18,18,0,18,0,5,1.0,1.0,1,none,5,5,5,5,0.06768882363261786,0.9860831595073555,0.9491848594617127,0.004794463575887343,0.9755159544828148,0.9417939646843996,0.11098530096934116,0.9759703402776899,0.9107693946939016,0.04295083060743562,0.9910291344118685,0.9706265876317052,0.0561283038534859,0.9891457862445602,0.9616822272072366,0.05667442629511497,0.9889101408448014,0.9606126200841775,0.030567825258019026,0.9919890778850392,0.9806435245791315,0.09971350908421328,0.9788750570215604,0.92150988068426,0.13295367594041535,0.9708157656451324,0.8871564332439847,0.0678080994172034,0.9859627608106448,0.9506882940689761
sim-4bb22898e9bc7c9ff4989a8db78b52f92466d0e290054b177da0661cc5caee18,11,prechallenge_demand,2.4392963148571187,0.13966653126961204,39.00627090984336,29.28923842679648,0.125,0.1111111111111111,1,8,1,9,0.9276753385473209,1.0,1.0,17,0,17,17,0,17,0,5,1.0,1.0,1,none,5,5,6,5,0.06529402491840244,0.9866237358410983,0.9510767911154971,0.004655962425460414,0.9766680545766929,0.9423175853585778,0.11159572168470235,0.9768731144097273,0.9097624587287373,0.041783992955902204,0.992400777744867,0.9715042290242152,0.05331603967659336,0.9891965026958007,0.9636441224632906,0.05334332120192774,0.9890319199453157,0.9631296117094759,0.027431704912853717,0.9979064760551933,0.9835513496009374,0.095703693636646,0.9797347271732257,0.9252366160533193,0.13503677210510306,0.9721916207148533,0.8841413854590175,0.06605967928283495,0.9871068938921249,0.9520867058151535
sim-4bb22898e9bc7c9ff4989a8db78b52f92466d0e290054b177da0661cc5caee18,12,prechallenge_demand,2.3520751267094715,0.08979055370160413,15.661473623127224,12.722530475972698,0.0,0.0,0,7,0,7,0.888379122471288,1.0,1.0,16,0,16,16,0,16,0,4,1.0,1.0,1,none,5,4,4,5,0.06575972312106192,0.9855796359464214,0.9505812366389632,0.004738337395319066,0.9752761782447144,0.9421464317825102,0.11204624328573842,0.9755062781698083,0.9093567110657446,0.0399698241519657,0.9909134610278555,0.9729728944710344,0.05522464866048644,0.9875393002059784,0.9619663388872268,0.05548835993159112,0.9875654320233853,0.9612935472123868,0.023634531049457626,0.9942099169648773,0.9858287934077283,0.10079938335151406,0.9782379623877703,0.9206561052766449,0.13279570112400102,0.9716814962561868,0.8865978421787413,0.06517728273790067,0.9859080069049062,0.9529794579451067
sim-4bb22898e9bc7c9ff4989a8db78b52f92466d0e290054b177da0661cc5caee18,13,challenged_demand,2.4151777241755505,0.05822222784843513,6.978316166170678,13.4668504495768,0.0,0.0,0,8,0,8,0.7896698377461278,1.0,1.0,18,0,18,18,0,18,0,5,1.0,1.0,1,none,5,5,5,5,0.06641876600892493,0.9856122761879833,0.9501896961938503,0.004935991094713501,0.9749864331199501,0.940682440546834,0.11136432769072804,0.976847759904745,0.9097428803892235,0.04270887162101836,0.9903832055856465,0.9710756122306826,0.0581164070356497,0.9877741000808107,0.9596201685767474,0.05684199336409678,0.9879217690017328,0.9601884084234289,0.02625379218031546,0.9938154578185366,0.9839440930291575,0.09892271496734208,0.9787097494461616,0.9223642230299471,0.13215699027774674,0.9721769181402209,0.8865001005665603,0.06872297431817558,0.9833239039881573,0.9498210123520746
sim-4bb22898e9bc7c9ff4989a8db78b52f92466d0e290054b177da0661cc5caee18,14,challenged_demand,2.48754207685585,0.05362607271963483,16.964474723036293,6.088098134263441,0.0,0.0,0,8,0,8,0.9774109761297441,0.9444444444444444,1.0,18,1,17,18,0,18,0,5,1.0,1.0,1,none,5,5,5,5,0.06795734247888877,0.9851920657731543,0.9488453893582901,0.004793762498706162,0.9756910126193545,0.9412018977579478,0.11189722067651119,0.975367188907034,0.9087808889771707,0.04208941088029907,0.9915045761763226,0.9714604160945894,0.056336495127100907,0.988169916601775,0.9611962060141709,0.055887711300727616,0.9884603775789735,0.9610565112817507,0.02718166879289433,0.9937660664510352,0.9833838196943347,0.09893139702289594,0.9797995133378015,0.9224840126316733,0.1346917442302489,0.9694461623770594,0.8834678932552318,0.07060263405355002,0.9861737299694776,0.9482209468739088
sim-4bb22898e9bc7c9ff4989a8db78b52f92466d0e290054b177da0661cc5caee18,15,challenged_demand,2.536268636784208,0.050393146128352787,21.310321007322514,6.1975856317114495,0.0,0.0,0,8,0,8,0.9120701086223342,1.0,1.0,18,0,18,18,0,18,0,5,1.0,1.0,1,none,5,5,5,5,0.06718467188417544,0.9864663354625942,0.9494955007015774,0.00435352475680441,0.9792660189573458,0.9444112174599943,0.11136423605094412,0.9775802597175812,0.9093399925426113,0.04148269160902219,0.9923676203530157,0.9718192118293969,0.05410942798120831,0.9891365177509245,0.9632880106832816,0.05505635067494038,0.9881736794134522,0.9617730794673202,0.02686118641124808,0.9961687236766473,0.9838033709628144,0.10363775283202416,0.9773351748796639,0.9174777495775707,0.1308950612756261,0.9746804365178705,0.8875005507711844,0.06901614114617755,0.9862036162140966,0.9495643254608144
sim-4bb22898e9bc7c9ff4989a8db78b52f92466d0e290054b177da0661cc5caee18,16,challenged_demand,2.5143741138075795,0.11164922233751562,30.925968777556754,11.065387631197844,0.125,0.0,1,8,0,8,0.9008184664933628,1.0,1.0,18,0,18,18,0,18,0,5,1.0,1.0,1,none,5,5,5,5,0.06564964910658154,0.9860572635748516,0.9506980989551432,0.004156360372961378,0.9777840764270622,0.9474115283060726,0.10684876476816192,0.9772036182141376,0.9136285752449443,0.03640243703656854,0.9932212870494291,0.9756248454615161,0.05257752770402875,0.9893233799043398,0.964171362337649,0.05561011613093717,0.988603619006942,0.9612557320935033,0.02280483359866596,0.9959504236855603,0.9864026330205444,0.09899095295191858,0.9803208866140637,0.921734967742713,0.12350222515509088,0.9740828599365303,0.8947146602363031,0.06397253111058042,0.987565833571726,0.9539692983190647
sim-4bb22898e9bc7c9ff4989a8db78b52f92466d0e290054b177da0661cc5caee18,17,challenged_demand,2.5531376414297853,0.052164884360217045,7.468813553461884,8.123135713705839,0.0,0.0,0,8,0,8,0.9261474606478126,1.0,1.0,18,0,18,18,0,18,0,5,1.0,1.0,1,none,5,5,5,5,0.06560659521424526,0.9863893677143549,0.9506833068543877,0.004487506147163168,0.9780434827175173,0.9455206444898535,0.10908555508134911,0.9777873194031138,0.9119373192842761,0.0331932617367733,0.993453598527672,0.9777394496890603,0.051771539084444665,0.9891921349060945,0.9646962025918167,0.05398561705134951,0.9889664147251522,0.96251060733894,0.01897431875636536,0.9957644442869987,0.988930929357713,0.09381307145572534,0.9796750532060778,0.9265941190327747,0.12609012296578695,0.9739839204059915,0.8932444512075289,0.06202267900707416,0.987285470838252,0.9556244516096513
sim-4bb22898e9bc7c9ff4989a8db78b52f92466d0e290054b177da0661cc5caee18,18,challenged_demand,2.522428406365914,0.0933680129393227,37.17657406730572,9.551241139629687,0.125,0.0,1,8,0,7,0.7839866878302646,1.0,1.0,18,0,18,18,0,18,0,4,1.0,1.0,1,none,4,6,5,5,0.06438652050520001,0.9866504540404666,0.9517881039523768,0.004458920237416075,0.9777547165310564,0.9453323156700492,0.10782168101688157,0.9776337376762199,0.9129702241829248,0.03572914200621655,0.9918514026815947,0.975754247747605,0.05124261356337658,0.9895069493829807,0.9653455418205429,0.05331127568649711,0.9893429218241451,0.9631334577148567,0.02253274982615837,0.9946091273347855,0.9863166410501674,0.09525482382939325,0.9815045101990816,0.9257708939670454,0.12360963136488899,0.9747360489633655,0.8952468038306965,0.061768912764114677,0.9867044162500204,0.955795829913265
sim-4bb22898e9bc7c9ff4989a8db78b52f92466d0e290054b177da0661cc5caee18,19,postdemand_recovery,2.5366377480663305,0.07198640180517346,22.55890281365574,25.47191034876446,0.0,0.125,0,7,1,8,0.934151983020803,1.0,1.0,17,0,17,17,0,17,0,4,1.0,1.0,1,none,5,4,5,5,0.06391257189183562,0.9898540787190093,0.9569454034387077,0.004096813439510255,0.9833670555039812,0.9531922639527416,0.10089315730087965,0.9838532862340648,0.9269610204011128,0.03497936321958574,0.9941910742245171,0.9788059249162179,0.05067055728549835,0.9916357324890243,0.9688938540797001,0.05046885412582976,0.9918832000304137,0.9686588083575987,0.02066266787492662,0.9979360014977731,0.9886618232862738,0.09339813279023196,0.9840476908346225,0.9342409598109721,0.1164084437456165,0.9806806957060396,0.9114191438415122,0.06050915440464361,0.9905663360519386,0.9609839588901644
sim-4bb22898e9bc7c9ff4989a8db78b52f92466d0e290054b177da0661cc5caee18,20,postdemand_recovery,2.5711726130859205,0.0172341512454264,9.273232415632389,4.20064719797144,0.0,0.0,0,8,0,8,0.9388270494968767,1.0,1.0,18,0,18,18,0,18,0,5,1.0,1.0,1,none,5,5,5,5,0.06292661443337912,0.9903694440222919,0.9623334813504056,0.004741779719195708,0.9821658171611474,0.954928180984805,0.106962469759765,0.9822364416121345,0.9310203071410381,0.03841901813823629,0.9939196965597464,0.9792739279101805,0.054568386464815065,0.9910500666332936,0.9700527587351249,0.0540071840259084,0.9912061588069404,0.9700565566343287,0.015920203708993642,0.9974963003262226,0.9923222650110223,0.09734991235029483,0.985191092569235,0.938491599830805,0.1276049718178906,0.9780090391450948,0.912919967495941,0.06292753549416424,0.9898582395122898,0.9639974323598886
sim-4bb22898e9bc7c9ff4989a8db78b52f92466d0e290054b177da0661cc5caee18,21,postdemand_recovery,2.599996307784747,0.027297991016396874,7.21476685827901,4.6207530366809975,0.0,0.0,0,9,0,9,0.9875793143665929,1.0,1.0,18,0,18,18,0,18,0,5,1.0,1.0,1,none,6,5,5,6,0.06305404597562243,0.9900290257581467,0.96372327552616,0.0044575780610316635,0.9838733404919412,0.9571630921438111,0.11035633454163002,0.9829280358099487,0.9309898719149702,0.035879804696226474,0.9950823221271766,0.9814810785614284,0.05568985343540948,0.9917740188700209,0.9704580072416314,0.055156220104678313,0.9916079245364882,0.9704529362842379,0.017757381695467048,0.9971908858284917,0.9916373708158136,0.09209631281652202,0.9879584014540712,0.9443307080045078,0.13298404971651526,0.979394940327641,0.911341349924799,0.06493866786551963,0.9897814357922339,0.9641498114999583
sim-4bb22898e9bc7c9ff4989a8db78b52f92466d0e290054b177da0661cc5caee18,22,postdemand_recovery,2.578737628382399,0.018261193479143723,8.556497197480873,3.4108710503319184,0.0,0.0,0,8,0,8,0.916644753194595,1.0,1.0,18,0,18,18,0,18,0,5,1.0,1.0,1,none,5,5,5,5,0.06249540222201766,0.9901513643731191,0.9645464502867163,0.004452917565073829,0.982088078965596,0.9582399920599285,0.11175112189683295,0.9815948704685984,0.9304559129418074,0.0367682053937048,0.9937427926719301,0.9810527440314328,0.05569336564939079,0.9910053777963246,0.9707361118334333,0.05612521504424171,0.9906743252226351,0.9701043982092561,0.017323381677769548,0.9974196810450746,0.9921326886295795,0.08683342034933836,0.9848789226701292,0.948971835938819,0.13532528134456226,0.9775152500303543,0.9097537792004582,0.06513051495155674,0.9895266097130442,0.9644534896974369
sim-4bb22898e9bc7c9ff4989a8db78b52f92466d0e290054b177da0661cc5caee18,23,postdemand_recovery,2.557569301014256,0.030877545717644197,16.97947519586404,6.034117179200914,0.0,0.0,0,8,0,8,0.9604974237064733,1.0,1.0,18,0,18,18,0,18,0,5,1.0,1.0,1,none,5,5,5,5,0.06272137141528245,0.9902007329931936,0.9644929289254321,0.004704692442924089,0.9822634912871336,0.9567931470733081,0.11268075114384676,0.982486633731538,0.9299064096205564,0.038942478412139145,0.9937282791493518,0.9798818006718629,0.05670463992229333,0.9908442107967033,0.9701763559356682,0.057386518705257385,0.9909759810575243,0.9694364108472088,0.017257416529254152,0.997769282513502,0.9921922169333016,0.09785992289149381,0.9827513095601048,0.9411501463552918,0.1359565845522538,0.978669476187203,0.9091849754499676,0.06578425240252235,0.9896620797683037,0.9641384660425478
sim-4bb22898e9bc7c9ff4989a8db78b52f92466d0e290054b177da0661cc5caee18,24,postdemand_recovery,2.5019763423714494,0.018849528024756385,13.551532725670903,3.7654508860298623,0.0,0.0,0,8,0,8,0.9404538176100399,1.0,1.0,18,0,18,18,0,18,0,5,1.0,1.0,1,none,5,5,5,5,0.062018307739830296,0.9904703196924323,0.9650375208472566,0.004601463158299621,0.9824767056685,0.9570421259760638,0.11033192950650096,0.982690682220837,0.9318015734642127,0.039847624017034185,0.9937910601790818,0.9793721102630154,0.058158620054207515,0.9906200687402863,0.9692957505477389,0.05760060115244264,0.9910679414287455,0.9693584672046661,0.014543693514555221,0.9977135529720516,0.9934879036758573,0.10355385247347845,0.983203327521915,0.9366641886182542,0.13198057045886738,0.9795624881181942,0.912510548873569,0.06574616608363762,0.9899031431610983,0.9641981503651404
sim-882d845f6e0b8ce43ddf34b663e7bc87fb2ed277447e9667c940d345413f7e56,1,baseline,1.9727358595750726,0.48432326232169126,152.12385707338075,115.47168444210142,0.8333333333333334,0.7142857142857143,5,6,5,7,0.731921941612625,0.6666666666666667,0.6666666666666667,15,5,10,15,5,10,0,4,0.9897615672073965,0.9875007417531999,1,none,4,4,5,5,0.07986202576964903,0.9881335656516418,0.9807760424241676,0.07065802558912443,0.9897615672073965,0.9875007417531999,0.06629152285597396,0.9913344335419694,0.9906517537124215,0.064256614154294,0.995411322239629,0.9920644869556792,0.06588459105560164,0.9939118628539726,0.9909944321056888,0.06852336795266871,0.9928741760368772,0.9891204006061687,0.059059976584761385,0.9978188789189714,0.9956592922486114,0.08931534600659867,0.9841835098723775,0.974271978624673,0.06416022954229846,0.9914380644498232,0.9921390163547603,0.0718095949307981,0.992037212727049,0.9868712031760484
sim-882d845f6e0b8ce43ddf34b663e7bc87fb2ed277447e9667c940d345413f7e56,2,baseline,2.5881210581012555,0.018130428767295783,9.682910497037396,5.548269223560798,0.0,0.0,0,9,0,9,0.9620296188214035,1.0,1.0,19,0,19,19,0,19,0,5,0.9829408612524235,0.9597339555485844,1,none,6,5,5,5,0.07080686136362394,0.9898636176023672,0.9686083176146506,0.08458950510744302,0.9829408612524235,0.9597339555485844,0.08500633979743481,0.9817970680743092,0.9597439320868604,0.04569093935352966,0.9937221755535466,0.9855800632463286,0.05663532479201014,0.9905605249529351,0.9790817976044728,0.05857481732086576,0.9906316140735594,0.9776718043844729,0.02941014777669438,0.9983131747393205,0.9954623307917764,0.09384580361231672,0.985322604348999,0.9533351703930586,0.09658495923189077,0.9770278146749224,0.9511895350470506,0.06277795092951187,0.989110141825506,0.9749466971621964
sim-882d845f6e0b8ce43ddf34b663e7bc87fb2ed277447e9667c940d345413f7e56,3,baseline,2.5453126681623517,0.021433383898714038,15.122599656347555,6.372661538417673,0.0,0.0,0,8,0,8,0.9379739475244312,1.0,1.0,18,0,18,18,0,18,0,5,0.9839191076915471,0.9446994471829389,1,none,5,5,5,5,0.06610058538007377,0.990347203391529,0.9656208725830752,0.09742636119819623,0.9839191076915471,0.9446994471829389,0.10052803935911499,0.9830984697486902,0.9429388014584734,0.040702116563376384,0.9939547909323713,0.9823298526415586,0.05734163977424605,0.9909187022433129,0.9728768123998587,0.05759154305504188,0.9912246219715511,0.9724388843182898,0.018359674327228077,0.9979276303607945,0.9950805191380538,0.08801308533693654,0.9848103486303582,0.9514499539301853,0.12096159880059729,0.9798674571351514,0.9263629509000045,0.06568783308752663,0.9897517609842209,0.9672650453126679
sim-882d845f6e0b8ce43ddf34b663e7bc87fb2ed277447e9667c940d345413f7e56,4,baseline,2.5458550299039704,0.026594704073968717,10.815033349049312,6.662125505631514,0.0,0.0,0,8,0,8,0.9260276638117715,1.0,1.0,18,0,18,18,0,18,0,5,0.9846879064944442,0.9407501302766158,1,none,5,5,5,5,0.06393757077934177,0.9902921260182231,0.9649819405620703,0.09961969754974123,0.9846879064944442,0.9407501302766158,0.10569568318673267,0.9834635788940115,0.936709201328089,0.04151818696402587,0.9933075316322774,0.979553477517256,0.056351963795028735,0.9918200106702226,0.9715909777521549,0.05644497045734279,0.9916037215126474,0.9711734128442702,0.017095422003189722,0.9978325115213946,0.9934422723982982,0.0974557432769872,0.9852583285370567,0.9424823663499123,0.12517913771642178,0.9804615259532027,0.9194753677689278,0.06590269436841237,0.989732854151438,0.9650926078794372
sim-882d845f6e0b8ce43ddf34b663e7bc87fb2ed277447e9667c940d345413f7e56,5,baseline,2.563176696901352,0.029364816953115578,17.504500892340857,7.761195491774164,0.0,0.0,0,9,0,9,0.9385456523001656,1.0,1.0,18,0,18,18,0,18,0,5,0.9843115563017802,0.9409937634224272,1,none,5,6,6,5,0.06260493925474357,0.9903293044140024,0.9651126881320617,0.09817631325138716,0.9843115563017802,0.9409937634224272,0.10253339196574461,0.9840789634810924,0.938069868537296,0.040877621776411355,0.9939010241872922,0.9792180394514404,0.05534746892346098,0.9909505988908046,0.971457175071564,0.055906682356808075,0.9911329573884073,0.9708159420971167,0.014988644058466054,0.9975991745050347,0.9936987821933415,0.09564279009246542,0.9838226851047722,0.9427958654139017,0.1214533872617275,0.980072504275048,0.9211181059956995,0.06546733885013432,0.9900450731891742,0.9647500550845978
sim-882d845f6e0b8ce43ddf34b663e7bc87fb2ed277447e9667c940d345413f7e56,6,baseline,2.533468887025187,0.02718383945166539,13.176594005118229,3.043318303382221,0.0,0.0,0,8,0,8,0.9115935908578698,1.0,1.0,16,0,16,16,0,16,0,5,0.9835915183080564,0.9384487735156554,1,none,5,5,5,5,0.0625434411842788,0.9900672509993261,0.9649295238969714,0.10131334178799793,0.9835915183080564,0.9384487735156554,0.10691178185392608,0.9819444332463015,0.934582193318161,0.03939475900935673,0.9939311753367319,0.979824496453864,0.05830416695202454,0.9907136197047669,0.9693994152215273,0.05750426193156801,0.9908818913535592,0.9696075904765766,0.016935249549894713,0.997323136174108,0.9923319970783441,0.09746322282864608,0.9850245115537807,0.9414647380339487,0.13019627141484866,0.9778928980778675,0.9139248119050332,0.06530134208760766,0.9897166501600081,0.9646096732537967
sim-882d845f6e0b8ce43ddf34b663e7bc87fb2ed277447e9667c940d345413f7e56,7,prechallenge_demand,2.458156395755884,0.065401443318069,11.845347004330716,4.899359959337639,0.0,0.0,0,8,0,8,0.9130726111833394,1.0,1.0,17,0,17,17,0,17,0,5,0.9770763417573541,0.9293534614652276,1,none,5,5,5,5,0.06391433053793626,0.9859428053769043,0.9593190944022114,0.10321635569214185,0.9770763417573541,0.9293534614652276,0.10925533801937266,0.9772367959775902,0.9250275568927686,0.0419125025187024,0.991196113743594,0.9756682139429663,0.05744526585540333,0.9887925059981726,0.9664141450550989,0.056796565198049515,0.988535854952207,0.9665239769254629,0.017808919849598013,0.9951066889741549,0.9905467863762062,0.09634011344155925,0.9806685433426012,0.936104155418248,0.1312546677009853,0.9728749920170867,0.9034235865595139,0.0683823367843452,0.9844736899401753,0.9573766624338257
sim-882d845f6e0b8ce43ddf34b663e7bc87fb2ed277447e9667c940d345413f7e56,8,prechallenge_demand,2.3852374576203594,0.12006298989450884,30.90899169193423,29.64799943597489,0.14285714285714285,0.125,1,7,1,8,0.8946720390824258,1.0,1.0,17,0,17,17,0,17,0,4,0.9785262416083463,0.9185860591360218,1,none,5,4,5,5,0.06620096340906016,0.9854913350798115,0.952465731778889,0.10609368953598415,0.9785262416083463,0.9185860591360218,0.11008842891495282,0.9769973280647666,0.9151685339773596,0.04247006882166586,0.9905137557890971,0.9722308661977069,0.05563229297709183,0.9886938971696635,0.9636643664168552,0.05541733624532962,0.9887703964794821,0.9633917239735921,0.021436965562756278,0.9953404648722988,0.9873088531444557,0.09801252157752934,0.9786890301087517,0.9266224892284408,0.132185014030396,0.9727323056322418,0.8915470911368119,0.06883073552958681,0.9864109843755665,0.9524657453167613
sim-882d845f6e0b8ce43ddf34b663e7bc87fb2ed277447e9667c940d345413f7e56,9,prechallenge_demand,2.4349269468792665,0.045908338994811004,9.50372720622141,9.82941050579915,0.0,0.0,0,7,0,7,0.9223686393476563,1.0,1.0,16,0,16,16,0,16,0,4,0.9770199214014282,0.9160287575215579,1,none,5,4,4,5,0.06752721963229463,0.9857782067352269,0.9498299504059058,0.10581072297452232,0.9770199214014282,0.9160287575215579,0.10877820291413158,0.9765934861335427,0.9135527884120447,0.04535669963128657,0.9904662866910199,0.9689441967497803,0.05538289387741905,0.9879403114235813,0.9624243608790158,0.05583272989304029,0.9878404484363229,0.9615230646563787,0.026932695784362387,0.9926159070801961,0.9831944073269409,0.09951199239661089,0.9791837138378475,0.9228570143893472,0.13029954623927695,0.9715774611522582,0.8903614670434242,0.0704496642865905,0.9842480953497097,0.949044269786728
sim-882d845f6e0b8ce43ddf34b663e7bc87fb2ed277447e9667c940d345413f7e56,10,prechallenge_demand,2.500181415742049,0.05812500406595061,19.921760593227805,6.515147643242644,0.0,0.0,0,8,0,8,0.9317296307180575,1.0,1.0,18,0,18,18,0,18,0,5,0.9772503064760523,0.9139180197864692,1,none,5,5,5,5,0.06725661035177703,0.9860444024219459,0.9495594898512857,0.10685291950935268,0.9772503064760523,0.9139180197864692,0.11263721398005536,0.9752812343423208,0.9089920506170616,0.04320048001078921,0.990922828046741,0.9705663711115865,0.05621976936850813,0.9890504563406171,0.961501783239237,0.05620420567895851,0.9888708699199974,0.9609323828828279,0.03148523123546268,0.9921323499548681,0.9800029143957794,0.09849658330227279,0.9800044642847224,0.9230565069490158,0.13334015034558283,0.9701750051376055,0.8866792023106448,0.06917776279508152,0.9860430309713772,0.9497111210861727
sim-882d845f6e0b8ce43ddf34b663e7bc87fb2ed277447e9667c940d345413f7e56,11,prechallenge_demand,2.4317260939435026,0.145968189530832,38.043132304598174,28.05141165958714,0.125,0.1111111111111111,1,8,1,9,0.9083625569743012,1.0,1.0,17,0,17,17,0,17,0,5,0.9772068129490065,0.9131582137676619,1,none,5,5,6,5,0.06588069572135671,0.986001811808336,0.9504981976937869,0.10735999069810484,0.9772068129490065,0.9131582137676619,0.11303150859747824,0.9771197358758748,0.9082483850516259,0.04384095294056326,0.9914313983460148,0.9701212481936597,0.05226987961020912,0.9896782470867427,0.9645250346610807,0.05423983925853605,0.9885924947166868,0.962344208621126,0.027551843274347333,0.9973854436508812,0.9834354809920639,0.09320341689517816,0.9802826838216476,0.9281206446781239,0.1369143959440405,0.971417851654318,0.8823440787173843,0.06777831364825403,0.9862776559408994,0.950702320769196
sim-882d845f6e0b8ce43ddf34b663e7bc87fb2ed277447e9667c940d345413f7e56,12,prechallenge_demand,2.379743475432711,0.07328503516620138,9.839438494211251,9.08127026256801,0.0,0.0,0,7,0,7,0.8929515875371399,1.0,1.0,16,0,16,16,0,16,0,4,0.9777570841390538,0.9135871157513766,1,none,5,4,4,5,0.06661228961812735,0.9856674439788065,0.949868974556718,0.10716640314291254,0.9777570841390538,0.9135871157513766,0.11251437605901342,0.9764145204174756,0.9087057062104527,0.04216462725650724,0.9909965742874569,0.9715839296802301,0.05495089650367163,0.9875603983222386,0.9622044027764309,0.05649210703098061,0.9878742135958622,0.9604555320054919,0.02494576550802529,0.9942804316014155,0.9849354843494807,0.09817283381377183,0.9795222063681913,0.9236480676910387,0.1349691567022988,0.9729783699913009,0.8840216413864513,0.06657237083757882,0.9859448374802323,0.9518433912290459
sim-882d845f6e0b8ce43ddf34b663e7bc87fb2ed277447e9667c940d345413f7e56,13,challenged_demand,2.5528142701058787,0.03772514000772636,9.16507779909509,7.008928941613191,0.0,0.0,0,8,0,9,0.9284339937593219,1.0,0.9444444444444444,18,0,18,18,1,17,0,5,0.9454043882961066,0.6603636452900273,1,none,5,5,6,5,0.06561539442736622,0.9866710641673536,0.9507837994763844,0.10115658203894745,0.9454043882961066,0.6603636452900273,0.10387439622808213,0.9790546369073999,0.9168251460724671,0.040684713176982454,0.9918333829263116,0.9726245075510033,0.05384672583429011,0.9892323012088999,0.9633366494892385,0.054018242555672405,0.9886464211006817,0.9626211262761319,0.02425247436036634,0.9942367815305239,0.9853997907418129,0.0892247184481985,0.9831256095210674,0.9318026153482528,0.12200365566151058,0.9751494774805817,0.8965123065464325,0.06624003034230401,0.9858838626686088,0.9521780391051571
sim-882d845f6e0b8ce43ddf34b663e7bc87fb2ed277447e9667c940d345413f7e56,14,challenged_demand,2.22412351081836,0.23957951533751834,23.645684622842726,51.80781993718295,0.125,0.25,1,8,2,8,0.9222543807315042,1.0,1.0,15,0,15,15,0,15,0,4,0.9794961204995557,0.8402502357704645,1,none,5,5,5,4,0.06466666417187544,0.9861756782519706,0.9514817458371713,0.10027753704869688,0.9794961204995557,0.8402502357704645,0.10324024415152178,0.9789276703742725,0.9175878043141138,0.038465057320739154,0.9929974462561046,0.9742892276071384,0.05096078645162337,0.9901124657940292,0.9656823728019293,0.054535381722182065,0.9893956311781672,0.9622425818641962,0.028078548240505593,0.9951592243837869,0.9827194377307686,0.0901475153228557,0.9811490163675277,0.9307714435447645,0.1209587121450919,0.9759848232484558,0.8984356892647877,0.0660440190557558,0.9868232808868815,0.952477235013753
sim-882d845f6e0b8ce43ddf34b663e7bc87fb2ed277447e9667c940d345413f7e56,15,challenged_demand,2.5091618221309946,0.03413760885400581,11.487122273445335,26.259959299729886,0.0,0.125,0,7,1,8,0.9611577730209023,1.0,1.0,15,0,15,15,0,15,0,4,0.9779862013501625,0.8951900167765141,1,none,5,4,5,5,0.06635813474945175,0.9856444944721309,0.95008616002838,0.10079025415849369,0.9779862013501625,0.8951900167765141,0.10421941573751016,0.9774768366824914,0.9168206478235988,0.03570872445031626,0.992807278482021,0.9764784047899737,0.04807134493600513,0.9907199389083748,0.9678440832024678,0.05059699608661168,0.9900926311006836,0.9654302456883513,0.024997611473985187,0.9943361865748721,0.9850205014411031,0.08779524870446707,0.9815542551372394,0.9328257873542884,0.11824366167752788,0.9751347303840525,0.9015825804841279,0.06548860933433526,0.9856288332622476,0.952632831217218
sim-882d845f6e0b8ce43ddf34b663e7bc87fb2ed277447e9667c940d345413f7e56,16,challenged_demand,2.377862242908664,0.1668219157709509,35.67640049954258,27.62225977575876,0.14285714285714285,0.125,1,7,1,8,0.9164162191676416,1.0,1.0,16,0,16,16,0,16,0,4,0.9766708400662117,0.9107755706786331,1,none,5,4,5,5,0.06659346410834727,0.985241796633428,0.9499295245153244,0.10206951755095012,0.9766708400662117,0.9107755706786331,0.10657005765129332,0.9755002992570648,0.9146236244368107,0.03724106858220066,0.992130131427678,0.9751053588527259,0.05039656656901763,0.9876577109743401,0.9659382902290131,0.05180938923237254,0.9877029090537514,0.9644059360813301,0.02522605843602216,0.9947605864165291,0.9846113887554805,0.09268851179836105,0.9791151737204107,0.9284103143685126,0.12134149983311941,0.9713937696723854,0.8985679179456242,0.06885310885542294,0.984850302327942,0.9495838998493695
sim-882d845f6e0b8ce43ddf34b663e7bc87fb2ed277447e9667c940d345413f7e56,17,challenged_demand,2.4271189273431917,0.07632502878271784,5.8683020654323474,34.18866912096256,0.0,0.16666666666666666,0,5,1,6,0.8257219376233284,1.0,1.0,14,0,14,14,0,14,0,3,0.978160874292572,0.9154677585054307,1,none,4,3,4,5,0.06793884506308409,0.9853486460752373,0.9486750203834396,0.10279013434439199,0.978160874292572,0.9154677585054307,0.10903173736709335,0.9772159533756677,0.9123909922168978,0.036300871581593355,0.9908508775911868,0.9754145517852373,0.052591844682749585,0.9877134493786413,0.9640980452240355,0.053912832069313125,0.9880681136984488,0.9626083277050315,0.024998218869442552,0.9943172064401075,0.9848755052712288,0.09069448642185009,0.9789246743859024,0.9300596614363983,0.12599953672892364,0.973266092114341,0.8942216637451897,0.06792548508069272,0.9846440570764108,0.9503412977445935
sim-882d845f6e0b8ce43ddf34b663e7bc87fb2ed277447e9667c940d345413f7e56,18,challenged_demand,2.508699241699565,0.04599086799092163,14.001353409785457,9.843331493175654,0.0,0.0,0,8,0,8,0.8466223608844947,1.0,1.0,18,0,18,18,0,18,0,5,0.9776034088912094,0.9143760865157631,1,none,5,5,5,5,0.06718126069359019,0.9863724143827621,0.9494979052028035,0.10534817011515424,0.9776034088912094,0.9143760865157631,0.10777385395023577,0.9772355638997658,0.913299520739486,0.0423618582013591,0.9912068718205677,0.9710098725505658,0.05639363097369835,0.9887239124546002,0.9610077814548242,0.055074448919439516,0.9888100915775992,0.9615986419550367,0.026870929270681496,0.9943941606521796,0.983532333772845,0.09446257427232024,0.981764526201726,0.9270111385512919,0.1273556122440134,0.972085188388355,0.8920653825572508,0.06943697054283436,0.9863145219038467,0.9492226693443083
sim-882d845f6e0b8ce43ddf34b663e7bc87fb2ed277447e9667c940d345413f7e56,19,postdemand_recovery,2.5158045935539093,0.021957706390896115,9.676185686915865,5.3717613041224155,0.0,0.0,0,8,0,8,0.9321374122143538,1.0,1.0,18,0,18,18,0,18,0,5,0.9835171384395678,0.9235797332216871,1,none,5,5,5,5,0.06569011041417239,0.9899369579181023,0.9553492343691887,0.1040244815543557,0.9835171384395678,0.9235797332216871,0.10928785856844146,0.9820143283647451,0.9199949064840189,0.041536003850408315,0.9934037986330793,0.9742745781170724,0.056371076141836056,0.9908908130830048,0.9644859938553756,0.05503499116964673,0.9911510040968982,0.9652667129104959,0.024885830598433543,0.9970856274983275,0.9860578612869011,0.09349678200589608,0.9850157151747493,0.9344961093456631,0.13133927817192637,0.9778342980743983,0.8977025893828716,0.06890229327499693,0.989230579925593,0.9542450097958384
sim-882d845f6e0b8ce43ddf34b663e7bc87fb2ed277447e9667c940d345413f7e56,20,postdemand_recovery,2.5241771616188,0.028459042661284933,8.40456267148382,4.112495508965561,0.0,0.0,0,8,0,8,0.9109054261925319,1.0,1.0,18,0,18,18,0,18,0,5,0.9835942619310474,0.9321112945928949,1,none,5,5,5,5,0.06414853114035747,0.9900643716277306,0.9614823058170253,0.10424467016607898,0.9835942619310474,0.9321112945928949,0.10962798809047775,0.9830577049974468,0.9285594416309781,0.04032810355619932,0.9938318303472654,0.9778127461027776,0.05757190365227545,0.9906571645205982,0.9678272266064923,0.056338191996625764,0.9909353141491908,0.9683981954256294,0.020918212785830705,0.9969234641813767,0.9897560152304768,0.09255635986647345,0.9849017064423438,0.9423021582669534,0.13079649418961592,0.980239758416802,0.909072890216084,0.06787594121798804,0.9894312198673468,0.9602112039203853
sim-882d845f6e0b8ce43ddf34b663e7bc87fb2ed277447e9667c940d345413f7e56,21,postdemand_recovery,2.562220653015803,0.024940993913526253,17.301401479155814,5.045580286065249,0.0,0.0,0,9,0,9,0.9803521243576844,1.0,1.0,18,0,18,18,0,18,0,5,0.9832204594225274,0.9337486163900001,1,none,5,6,6,5,0.06386322692210027,0.9900933555777115,0.9632773045826801,0.10572193914293865,0.9832204594225274,0.9337486163900001,0.10998023550294127,0.9830222339799822,0.9310656829244278,0.0393412035128655,0.9947594626616806,0.9793351161953106,0.05808300919002071,0.9912633687834661,0.9688251425234525,0.057294302846328096,0.9911585947983671,0.9690575539331076,0.018971840189083246,0.9973912471994434,0.9912242433293061,0.09244780392698675,0.9872102590991751,0.944678392409207,0.13208877190364926,0.9795270161624116,0.9113758259379983,0.06715994385336864,0.989940261843996,0.9624503125634155
sim-882d845f6e0b8ce43ddf34b663e7bc87fb2ed277447e9667c940d345413f7e56,22,postdemand_recovery,2.5894604334582247,0.01803383864294694,13.035381199143545,2.5451804135180787,0.0,0.0,0,8,0,8,0.914520815119336,1.0,1.0,18,0,18,18,0,18,0,5,0.9838330083598893,0.9354194206371508,1,none,5,5,5,5,0.06296672993040947,0.990104880640457,0.9642852220493965,0.10446619360325902,0.9838330083598893,0.9354194206371508,0.10891397183834266,0.9826696164528539,0.9326129860518272,0.037059418639406115,0.9938356203591391,0.9807840016973896,0.05799071274672107,0.9907192552009423,0.9692298293879731,0.05742873831068138,0.9908697514622151,0.9693146890054664,0.018997071043849525,0.9974346862920149,0.991292467239799,0.08637488999519263,0.9865474549623675,0.949162021090254,0.12869649955610468,0.979460699326394,0.9148371728586308,0.06519305620948215,0.9897802898150149,0.9643112653794895
sim-882d845f6e0b8ce43ddf34b663e7bc87fb2ed277447e9667c940d345413f7e56,23,postdemand_recovery,2.5886506546645642,0.02965975431579272,13.815413100772766,5.325091193022619,0.0,0.0,0,8,0,8,0.9498682929125553,1.0,1.0,18,0,18,18,0,18,0,5,0.9842632522612562,0.9379242178233902,1,none,5,5,5,5,0.06275672582117002,0.9902460754142156,0.9645387580844001,0.10134945037305647,0.9842632522612562,0.9379242178233902,0.10939187247266728,0.9825937562584073,0.9325036124213516,0.03824484573618983,0.9941080185495714,0.9803272009809384,0.05650663962625761,0.9918562383155007,0.9703175973235766,0.05683481067010217,0.9913595259563857,0.9697996639973304,0.016511244451664582,0.9971780911276166,0.9925681842665727,0.08530606881141027,0.9870721485641757,0.9498083381781253,0.12990973184908644,0.9790176642369967,0.9141501972002576,0.06664571921120946,0.9894670405472504,0.963477233327055
sim-882d845f6e0b8ce43ddf34b663e7bc87fb2ed277447e9667c940d345413f7e56,24,postdemand_recovery,2.5921802803140057,0.025634212327186986,5.560257873158373,3.5639166274005114,0.0,0.0,0,9,0,9,0.8892470003248708,1.0,1.0,18,0,18,18,0,18,0,5,0.9839631057933127,0.9377293464350953,1,none,6,5,5,6,0.06282240976049445,0.9901325243795522,0.9645338289149856,0.10174232105736335,0.9839631057933127,0.9377293464350953,0.10949494213031223,0.9831500381806741,0.9323499683692456,0.03954331329071151,0.9936645045216281,0.9796592474156856,0.05512768715767161,0.9917368583642977,0.9711393176453649,0.05648638450375401,0.9914045375755614,0.9700228415881108,0.019722301179581892,0.9971496412330874,0.990852441686984,0.08538593212001223,0.9870267195052063,0.9503621240021601,0.12916001104159472,0.9802765777381242,0.914415878991718,0.06628575816705316,0.9898779960153259,0.9638029380750086
sim-7049d4a26eb353d2372b33bb225a7a6eb77b43202918138cf032129442a57a6e,1,baseline,1.9727358595750726,0.48432326232169126,152.12385707338075,115.47168444210142,0.8333333333333334,0.7142857142857143,5,6,5,7,0.731315870764131,0.6666666666666667,0.6666666666666667,15,5,10,15,5,10,0,4,0.9894406413424259,0.9893407645111816,1,none,4,4,5,5,0.07986203081362347,0.9881335905000558,0.9807760386251804,0.028675459002862714,0.9894406413424259,0.9893407645111816,0.06629144684076121,0.9913351079536948,0.990651794280257,0.06425661862705075,0.9954113408035242,0.9920644844437098,0.06588460510144588,0.9939118844504717,0.9909944292842044,0.06852336803144803,0.9928741943447028,0.9891203980243513,0.059059975521350554,0.9978188789116982,0.9956592922639942,0.08931534695442397,0.9841836206506965,0.9742719614699585,0.06416018229589722,0.9914383670194924,0.9921390653233011,0.0718095923833885,0.9920372147060181,0.9868712029117284
sim-7049d4a26eb353d2372b33bb225a7a6eb77b43202918138cf032129442a57a6e,2,baseline,2.5881210581012555,0.01806214742135283,9.579540460975572,5.439573571386895,0.0,0.0,0,9,0,9,0.9621627307026394,1.0,1.0,19,0,19,19,0,19,0,5,0.982036877553966,0.9696384734860168,1,none,6,5,5,5,0.07080710648046624,0.9898642958017215,0.9686082258202862,0.005840343733063482,0.982036877553966,0.9696384734860168,0.08500627688435376,0.9817958493168856,0.959743806417973,0.045690997450912804,0.9937235028324739,0.9855799832292146,0.056635588921682654,0.9905585168570727,0.9790816673601647,0.058574888085207236,0.9906293621296792,0.9776717899688869,0.029410214374182477,0.9983131151729303,0.9954623282750639,0.09384592340024864,0.9853212422546267,0.9533350034541849,0.09658515533936571,0.9770234471323129,0.9511894714738259,0.06277842422524053,0.9891143729696279,0.9749464202308856
sim-7049d4a26eb353d2372b33bb225a7a6eb77b43202918138cf032129442a57a6e,3,baseline,2.5440935809935565,0.022452945847571532,14.94829172398243,6.200788084245045,0.0,0.0,0,8,0,8,0.9437783590676825,1.0,1.0,18,0,18,18,0,18,0,5,0.9829144509999855,0.9607894707760294,1,none,5,5,5,5,0.06609774121977482,0.990356155524535,0.9656235375847609,0.004702828506596518,0.9829144509999855,0.9607894707760294,0.10047271049786917,0.98310940391798,0.9429918932395767,0.040762055173361705,0.9938841255487023,0.9822932779315705,0.05733993922177362,0.9909194560883554,0.9728786595273038,0.05758859480026992,0.9912310103270189,0.9724415680451188,0.01827297718762924,0.9980533424797653,0.9951327431115498,0.08800254379268237,0.9848603254619678,0.9514604350890064,0.12095468963573841,0.9798855749556176,0.926369125213548,0.06568415207141723,0.9897569814279131,0.9672684796121239
sim-7049d4a26eb353d2372b33bb225a7a6eb77b43202918138cf032129442a57a6e,4,baseline,2.555586271459008,0.020963364720952223,12.568519594624945,4.888198643175411,0.0,0.0,0,8,0,8,0.931129116220028,1.0,1.0,18,0,18,18,0,18,0,5,0.9838110219685311,0.95930774556542,1,none,5,5,5,5,0.06387096497740072,0.9903059321989126,0.9650251450056221,0.004453536961748909,0.9838110219685311,0.95930774556542,0.10611702388418538,0.9830258410735737,0.9364094280387798,0.04125920287075762,0.9935027444486709,0.9797251448412617,0.05635016702021709,0.9917997935697618,0.9715822329531768,0.05661492313114363,0.991611331434169,0.9710691127762936,0.01737974792498471,0.9975356927314201,0.9932709627389452,0.09788415657096361,0.9848571758677761,0.9421487743046458,0.12498262597592,0.9800160174321491,0.919684462749479,0.0660115869328056,0.989704927358479,0.9650063069260109
sim-7049d4a26eb353d2372b33bb225a7a6eb77b43202918138cf032129442a57a6e,5,baseline,2.583188766674591,0.026123618143886647,20.100552010408126,6.451309465729462,0.0,0.0,0,9,0,9,0.9582730551061253,1.0,1.0,18,0,18,18,0,18,0,5,0.9835984972426193,0.9595718229793025,1,none,5,6,6,5,0.062524056354383,0.9902639291244538,0.9651679598165058,0.004312193541891591,0.9835984972426193,0.9595718229793025,0.10586019869996306,0.9835530737088976,0.9357333244170981,0.039613841101435024,0.9944047212996717,0.9799462114765363,0.05644428153979382,0.9910879122123912,0.9707956241508102,0.05605017042377569,0.9911312479404929,0.9707261901428753,0.015640228885987928,0.9975727138648458,0.9933579411454163,0.10045293796969483,0.9833224270531157,0.9388963406329663,0.12578908935341804,0.9797485395106279,0.9178964854876233,0.06547869942894065,0.9899789630718175,0.9647603020148396
sim-7049d4a26eb353d2372b33bb225a7a6eb77b43202918138cf032129442a57a6e,6,baseline,2.595802388360151,0.025796858153471686,14.413583828816765,2.6355743575882933,0.0,0.0,0,8,0,8,0.9586877511436446,1.0,1.0,18,0,18,18,0,18,0,5,0.9823221499425704,0.958809720124796,1,none,5,5,5,5,0.06232070049478875,0.990131568957702,0.9650330462016259,0.004482790630074193,0.9823221499425704,0.958809720124796,0.10677684217843812,0.9823586765523482,0.9347681547749765,0.0386681327052958,0.9937897454411305,0.9802112290355862,0.05773894543817892,0.9908256760136867,0.9697741279609702,0.057087101011136225,0.9908119864615994,0.9698594829067573,0.016787167925258143,0.9972157076493936,0.9923806053257458,0.09345355666577095,0.9875858622237484,0.9442259715125492,0.13093175328846854,0.977708202402528,0.913673169041384,0.0657573413574361,0.9894850118654025,0.9643471587608283
sim-7049d4a26eb353d2372b33bb225a7a6eb77b43202918138cf032129442a57a6e,7,prechallenge_demand,2.4243468288524213,0.06703932314315374,20.34373031190315,6.4802172699480085,0.0,0.0,0,8,0,8,0.9600772657958179,1.0,1.0,17,0,17,17,0,17,0,5,0.9741378044172284,0.9488918984548973,1,none,5,5,5,5,0.06575014975888968,0.9851579903782202,0.9576442524828456,0.00508678345545469,0.9741378044172284,0.9488918984548973,0.11392244161695508,0.9753093535224068,0.920138160386469,0.045884625871673704,0.9895444645599611,0.9721376299437504,0.05665753916619681,0.9887635021893151,0.9669372111822714,0.058332305014655535,0.9879691999973689,0.9651073259822633,0.02359742817309293,0.9931498499852831,0.9866955702197051,0.09328645389277335,0.9797426242638454,0.9369574149542989,0.13770756484186092,0.9702653059442239,0.8970155560519332,0.07425217369280111,0.9826755032956194,0.9523707177681663
sim-7049d4a26eb353d2372b33bb225a7a6eb77b43202918138cf032129442a57a6e,8,prechallenge_demand,2.356715788094199,0.11543656588650417,33.01407296381287,32.70440047778758,0.14285714285714285,0.125,1,7,1,8,0.9591853284472959,1.0,1.0,16,0,16,16,0,16,0,4,0.9762175552805574,0.9428872681594462,1,none,5,4,5,5,0.06675627567173552,0.9858079408477727,0.9519396137110302,0.0048641810720366115,0.9762175552805574,0.9428872681594462,0.1153106618475392,0.976023274823581,0.90974293310039,0.04459003619966355,0.9901207843135426,0.9703434950218311,0.05715890349040973,0.9874529329284117,0.9625383933361217,0.05834089399743351,0.9874682492719997,0.9608270393415766,0.02538862548111511,0.9950210119746203,0.9847845268928611,0.0922499799946866,0.9798742999973027,0.9309130983812312,0.14031684381594045,0.9717436141620295,0.8832044589893713,0.07158104044134155,0.9858120253110593,0.9497144533166534
sim-7049d4a26eb353d2372b33bb225a7a6eb77b43202918138cf032129442a57a6e,9,prechallenge_demand,2.4301563349845314,0.05087559859379713,11.36977246363935,10.491348733463598,0.0,0.0,0,7,0,7,0.9387359729157094,1.0,1.0,16,0,16,16,0,16,0,4,0.9755640223568449,0.9420858489835805,1,none,5,4,4,5,0.0676907833593785,0.9853753163849882,0.9496254423276528,0.004791166936303959,0.9755640223568449,0.9420858489835805,0.11032918272567989,0.9772862595183719,0.9120505629381366,0.04782729898644189,0.9905474392976562,0.9667399226649113,0.05785303314261988,0.987857064740658,0.9605881289172096,0.05847492199247429,0.9880045304417041,0.9593273963361019,0.027764236703287988,0.9932338251578919,0.982718964831316,0.09778436561255112,0.9788057558505368,0.9241439548457949,0.13264867603033412,0.9720207768663285,0.88811146530567,0.0725399632431691,0.9850349133253664,0.947016530165272
sim-7049d4a26eb353d2372b33bb225a7a6eb77b43202918138cf032129442a57a6e,10,prechallenge_demand,2.504517289988539,0.037745842713084815,19.002072601737574,6.137295224576354,0.0,0.0,0,8,0,8,0.9135223556334036,1.0,1.0,18,0,18,18,0,18,0,5,0.9755159544828148,0.9417939646843996,1,none,5,5,5,5,0.06768882363261786,0.9860831595073555,0.9491848594617127,0.004794463575887343,0.9755159544828148,0.9417939646843996,0.11098530096934116,0.9759703402776899,0.9107693946939016,0.04295083060743562,0.9910291344118685,0.9706265876317052,0.0561283038534859,0.9891457862445602,0.9616822272072366,0.05667442629511497,0.9889101408448014,0.9606126200841775,0.030567825258019026,0.9919890778850392,0.9806435245791315,0.09971350908421328,0.9788750570215604,0.92150988068426,0.13295367594041535,0.9708157656451324,0.8871564332439847,0.0678080994172034,0.9859627608106448,0.9506882940689761
sim-7049d4a26eb353d2372b33bb225a7a6eb77b43202918138cf032129442a57a6e,11,prechallenge_demand,2.4392963148571187,0.13966653126961204,39.00627090984336,29.28923842679648,0.125,0.1111111111111111,1,8,1,9,0.9276753385473209,1.0,1.0,17,0,17,17,0,17,0,5,0.9766680545766929,0.9423175853585778,1,none,5,5,6,5,0.06529402491840244,0.9866237358410983,0.9510767911154971,0.004655962425460414,0.9766680545766929,0.9423175853585778,0.11159572168470235,0.9768731144097273,0.9097624587287373,0.041783992955902204,0.992400777744867,0.9715042290242152,0.05331603967659336,0.9891965026958007,0.9636441224632906,0.05334332120192774,0.9890319199453157,0.9631296117094759,0.027431704912853717,0.9979064760551933,0.9835513496009374,0.095703693636646,0.9797347271732257,0.9252366160533193,0.13503677210510306,0.9721916207148533,0.8841413854590175,0.06605967928283495,0.9871068938921249,0.9520867058151535
sim-7049d4a26eb353d2372b33bb225a7a6eb77b43202918138cf032129442a57a6e,12,prechallenge_demand,2.3520751267094715,0.08979055370160413,15.661473623127224,12.722530475972698,0.0,0.0,0,7,0,7,0.888379122471288,1.0,1.0,16,0,16,16,0,16,0,4,0.9752761782447144,0.9421464317825102,1,none,5,4,4,5,0.06575972312106192,0.9855796359464214,0.9505812366389632,0.004738337395319066,0.9752761782447144,0.9421464317825102,0.11204624328573842,0.9755062781698083,0.9093567110657446,0.0399698241519657,0.9909134610278555,0.9729728944710344,0.05522464866048644,0.9875393002059784,0.9619663388872268,0.05548835993159112,0.9875654320233853,0.9612935472123868,0.023634531049457626,0.9942099169648773,0.9858287934077283,0.10079938335151406,0.9782379623877703,0.9206561052766449,0.13279570112400102,0.9716814962561868,0.8865978421787413,0.06517728273790067,0.9859080069049062,0.9529794579451067
sim-7049d4a26eb353d2372b33bb225a7a6eb77b43202918138cf032129442a57a6e,13,challenged_demand,2.4148978827064425,0.06328807920956846,9.137258464699586,12.946611473995876,0.0,0.0,0,8,0,8,0.8158551446028641,1.0,1.0,18,0,18,18,0,18,0,5,0.9416291607127864,0.6815573346007093,1,none,5,5,5,5,0.0658967156734419,0.9858531532172907,0.9505681857701205,0.004730363771672897,0.9416291607127864,0.6815573346007093,0.10797482082270415,0.9787506620550053,0.912958798821476,0.04210543559048373,0.9906655788482969,0.9715003867924181,0.05786891656023139,0.987262972459631,0.9597605262943683,0.0558361120547199,0.988222297236861,0.9610573745287705,0.025205137114325416,0.9940723454312407,0.9847297065168202,0.09992702304082438,0.9777312683002563,0.9213546197123917,0.12570957514761974,0.9754237809635624,0.8929923657731312,0.06656347680442333,0.9844054458985458,0.95174379422
sim-7049d4a26eb353d2372b33bb225a7a6eb77b43202918138cf032129442a57a6e,14,challenged_demand,2.4980648690131786,0.07079211802272796,24.689975197091886,8.34090342129363,0.25,0.0,2,8,0,8,0.9901589483771019,1.0,1.0,18,0,18,18,0,18,0,5,0.9764314437941234,0.861149738587713,1,none,5,5,5,5,0.06724045848760264,0.9853280120159817,0.9493676270014848,0.004653311529279231,0.9764314437941234,0.861149738587713,0.10601131893494717,0.9769596699272813,0.9144875519102776,0.041487263683572514,0.9917066659429431,0.971946270795099,0.058253755489745145,0.9883661978930115,0.9595183607889736,0.055888823021098676,0.9883356671916872,0.9610807946049376,0.02654492548592832,0.9941874625391911,0.9838246445228468,0.10214431783015133,0.9790902356832321,0.9195186570031437,0.12618467808823922,0.9717038994841657,0.8921688982718671,0.06896634363023843,0.9862772573955055,0.9497790835481271
sim-7049d4a26eb353d2372b33bb225a7a6eb77b43202918138cf032129442a57a6e,15,challenged_demand,2.3567271470565077,0.15164497240693528,43.476529074327864,28.056425046241333,0.16666666666666666,0.125,1,6,1,8,0.9138241258117858,1.0,1.0,16,0,16,16,0,16,0,3,0.9776071667324745,0.9187998854522123,1,none,5,3,5,5,0.06669288466484515,0.986482307671081,0.9498493004226088,0.004479850149576332,0.9776071667324745,0.9187998854522123,0.10873333435061229,0.9759081338942033,0.9119966778216607,0.0414819173652306,0.9917612484107742,0.9718981166893542,0.05467947724060755,0.9883029283111875,0.9626435986706088,0.05491548444592803,0.9880598975575043,0.9618973647955458,0.024262767878987852,0.9963373137179984,0.9856502654313741,0.10425800590517796,0.9787424533101627,0.9168830627661507,0.12670227859410013,0.9728243641816657,0.891662464440513,0.06646426562022902,0.9865152382140413,0.9518275182074803
sim-7049d4a26eb353d2372b33bb225a7a6eb77b43202918138cf032129442a57a6e,16,challenged_demand,2.584916214921416,0.05307895158548756,20.83765521498018,8.541431496551363,0.0,0.0,0,9,0,9,0.9089390245211643,1.0,1.0,18,0,18,18,0,18,0,5,0.9779091905227842,0.9376938413436934,1,none,5,6,6,5,0.06551396630982179,0.9861428307522515,0.9508480382770321,0.004355841823536238,0.9779091905227842,0.9376938413436934,0.10865282978244785,0.9779406073095117,0.9122577716343969,0.03819413849063172,0.9931554023527588,0.9742708801176271,0.05429754067644497,0.989750724951401,0.9628471210023822,0.05662739626267009,0.9889730872568097,0.9604339979445747,0.02118997890294773,0.9961249235056883,0.9875226771192296,0.09612058353116393,0.9802938107988578,0.9243291222006776,0.12398508349214575,0.9754697431164064,0.8942597900195219,0.06488329991730403,0.9867380159142952,0.9530437464111418
sim-7049d4a26eb353d2372b33bb225a7a6eb77b43202918138cf032129442a57a6e,17,challenged_demand,2.4753730022736824,0.08750757927742035,14.988715514189508,30.627976987423867,0.0,0.14285714285714285,0,6,1,7,0.8742842898885499,1.0,1.0,15,0,15,15,0,15,0,3,0.9756678983476538,0.9422826652831449,1,none,5,3,4,5,0.06661858590515547,0.9851228205584013,0.9497569068847224,0.0045706956699203705,0.9756678983476538,0.9422826652831449,0.11023690751431783,0.9757182773142904,0.9106526800619382,0.03825483446664945,0.9897704454499225,0.973757498485215,0.05248155188837175,0.9875677553027483,0.9642031464840658,0.05514797256835912,0.9873749473050871,0.9614824739859789,0.021781262669008827,0.9942274223587756,0.9870105445828,0.09425352023599776,0.9788386658224475,0.9261962259086486,0.12555976603258884,0.9710630072786682,0.8928645119439518,0.06645568162017323,0.9843711434242296,0.9515673382168262
sim-7049d4a26eb353d2372b33bb225a7a6eb77b43202918138cf032129442a57a6e,18,challenged_demand,2.5109238240138843,0.05474351737979889,21.36527490265035,8.717532615234006,0.125,0.0,1,8,0,8,0.8585442875118895,1.0,1.0,18,0,18,18,0,18,0,5,0.9760951122985723,0.9411512372853881,1,none,5,5,5,5,0.06692870457402961,0.9864833984682598,0.9497084498870443,0.004814642798639546,0.9760951122985723,0.9411512372853881,0.11148161531961935,0.9766243131673664,0.9094626972302698,0.044263121015935075,0.9910633683924529,0.969371537864311,0.055310511606737355,0.9896230752608476,0.962081593141733,0.05586860394639926,0.9891949226292895,0.9610049052081022,0.025558971191248177,0.9943447821229244,0.9844957616042012,0.0953554033227263,0.9817821692117589,0.9259931064520303,0.13383554269636294,0.9702883562591332,0.884591081558392,0.06863730515392674,0.9863844061256828,0.9499341605631091
sim-7049d4a26eb353d2372b33bb225a7a6eb77b43202918138cf032129442a57a6e,19,postdemand_recovery,2.520573147268871,0.02111189729200237,15.406183056888663,3.6625995029342246,0.0,0.0,0,8,0,8,0.9389248202666204,1.0,1.0,18,0,18,18,0,18,0,5,0.9823915255134962,0.9482824462552346,1,none,5,5,5,5,0.06582373354947936,0.989811456074239,0.9552916985557992,0.004571023579605434,0.9823915255134962,0.9482824462552346,0.11093191590435823,0.9818506072411204,0.9185617503567676,0.041528792819072506,0.9938881477309394,0.9741736191562914,0.05403696218050353,0.9910188049760433,0.966492966671977,0.05426327397895459,0.9912028727356741,0.965867659640844,0.024591639424842104,0.9969205509195403,0.9862596935401592,0.09794580374012572,0.9835943855914899,0.9307173299705561,0.13416161626795742,0.9776793837995691,0.8947320287205415,0.06606518257019152,0.9899415258301215,0.9564079048752626
sim-7049d4a26eb353d2372b33bb225a7a6eb77b43202918138cf032129442a57a6e,20,postdemand_recovery,2.5234151576824324,0.026317058449486015,11.596294217778546,3.8405506450428293,0.0,0.0,0,8,0,8,0.922517891202473,1.0,1.0,18,0,18,18,0,18,0,5,0.9834485719641405,0.9549813994141605,1,none,5,5,5,5,0.06418204901840306,0.9901004370207358,0.9614015068769164,0.004480553311003554,0.9834485719641405,0.9549813994141605,0.10958845459242533,0.9834613920656363,0.928536143495456,0.03934737674297993,0.9939928148755975,0.9783734659176787,0.056369590873212756,0.9909820562369532,0.9688183673053231,0.05571586846542345,0.9912104997158264,0.9688572099003909,0.02131442916017695,0.9971647362427807,0.9894857959245628,0.09700758609669954,0.9845387874942046,0.9386671075244771,0.13244525666972845,0.980947471717029,0.9074763363219078,0.06576390354027978,0.989625535627219,0.9617427970324363
sim-7049d4a26eb353d2372b33bb225a7a6eb77b43202918138cf032129442a57a6e,21,postdemand_recovery,2.5791771551887863,0.019660473603318268,14.24743773043241,3.5518935001451135,0.0,0.0,0,9,0,9,0.9812744378499769,1.0,1.0,19,0,19,19,0,19,0,5,0.9817215721954009,0.9558433730472351,1,none,5,6,6,5,0.06356351508615274,0.9901047770941516,0.963415682468044,0.004727666757044023,0.9817215721954009,0.9558433730472351,0.11074355859677168,0.9824640683137181,0.9303276898916184,0.04004423128734251,0.9940233622070823,0.978909000139407,0.05775613946547083,0.9909577768204763,0.9691188677683203,0.056652769900831186,0.9911639726373751,0.9694890769263006,0.019599428897792738,0.9970793769581858,0.9907684504602625,0.09327450256330345,0.9872799679829025,0.9440237526879084,0.1319311544220044,0.9787850608302765,0.9109632587720521,0.06535795483492078,0.9901854978892447,0.9637387583758198
sim-7049d4a26eb353d2372b33bb225a7a6eb77b43202918138cf032129442a57a6e,22,postdemand_recovery,2.5848382829725467,0.029407412784056515,9.53119975454393,3.7835829168167185,0.0,0.0,0,8,0,8,0.9118591175981923,1.0,1.0,18,0,18,18,0,18,0,5,0.9828669164637769,0.9565696969621396,1,none,5,5,5,5,0.06267322216213433,0.9901622594713461,0.964449926196588,0.004600688224104844,0.9828669164637769,0.9565696969621396,0.10970664480238766,0.9825733135926759,0.9319819899305959,0.03970369166934937,0.9933594947020581,0.9793565394730245,0.05738181416727332,0.9909811179500388,0.9697171063610549,0.05651621097285543,0.9911099112149768,0.9699231154622878,0.018812674820503562,0.9973722155022999,0.991345366996722,0.08973610774875347,0.9865161836088266,0.9469491039230049,0.1314161252434234,0.9784421110340491,0.9124474342362255,0.06495615913464697,0.9896268206303427,0.9645003850320418
sim-7049d4a26eb353d2372b33bb225a7a6eb77b43202918138cf032129442a57a6e,23,postdemand_recovery,2.5707487915299714,0.01825825241265436,15.143280370314162,3.180683334941256,0.0,0.0,0,8,0,8,0.9418121056917131,1.0,1.0,18,0,18,18,0,18,0,5,0.9827800100761171,0.9579715572317354,1,none,5,5,5,5,0.0627902385288412,0.9901979723309282,0.9644864674601262,0.004472944948736023,0.9827800100761171,0.9579715572317354,0.11062464961530918,0.9821624433081007,0.9315421260678117,0.04022223241247505,0.9940234846640925,0.9792366930456724,0.05781438448280073,0.9910528183353471,0.9695244617153561,0.05708909525168143,0.9910311907536914,0.9696551440180242,0.01842488180234936,0.9967671743309404,0.9915546592505359,0.08679310013428437,0.9868239060139802,0.9486557792298442,0.13535697825079995,0.9776961677275825,0.909517920999129,0.06561258677867238,0.9898744497861313,0.9642518237952153
sim-7049d4a26eb353d2372b33bb225a7a6eb77b43202918138cf032129442a57a6e,24,postdemand_recovery,2.5692606958787216,0.027798505190128574,8.32797440925914,4.048327185243999,0.0,0.0,0,9,0,9,0.9004505099519616,1.0,1.0,18,0,18,18,0,18,0,5,0.9826197292994848,0.9567042811850575,1,none,6,5,5,6,0.06319073680442011,0.9900604120871473,0.9643240548968459,0.004709678855257593,0.9826197292994848,0.9567042811850575,0.11002411905103668,0.9837481405241905,0.9320187351307415,0.04001242216604787,0.9936631773540384,0.9794126393361937,0.057633585038214835,0.9914832629647774,0.9696610587057717,0.05750243541659749,0.991155372124,0.9694250160618948,0.01948247918239783,0.9972994689356194,0.9909960808728177,0.08773537285454884,0.9856030042485361,0.9485108551773938,0.13258951263799756,0.9805825416193257,0.9115180786152179,0.06617514115207007,0.9893854217061031,0.9638823709116043
sim-15cb6cfa48467885967944caa5670beab18f07db64a246db29796ff1c91581e7,1,baseline,1.9727358595750726,0.48432326232169126,152.12385707338075,115.47168444210142,0.8333333333333334,0.7142857142857143,5,6,5,7,0.7317519342706376,0.6666666666666667,0.6666666666666667,15,5,10,15,5,10,0,4,1.0,1.0,1,none,4,4,5,5,0.0798620255514063,0.9881335656502308,0.9807760424277242,0.07065802503453779,0.98976156720267,0.9875007417674884,0.02836973773033419,0.9910625252283622,0.9921641259372932,0.06425661405372983,0.9954113222390868,0.9920644869571971,0.0658845907695858,0.9939118628522244,0.9909944321093528,0.0685233677046929,0.9928741760354233,0.989120400609563,0.05905997665275602,0.9978188789189799,0.9956592922480673,0.08931535172030307,0.984183529309716,0.9742719750807137,0.06416020950075162,0.9914378983435808,0.9921390346231731,0.07180959506032727,0.9920372149829615,0.9868712028421653
sim-15cb6cfa48467885967944caa5670beab18f07db64a246db29796ff1c91581e7,2,baseline,2.5885370228274462,0.018341099412422807,9.682910497037396,5.548269223560798,0.0,0.0,0,9,0,9,0.9613893078694099,1.0,1.0,19,0,19,19,0,19,0,5,1.0,1.0,1,none,6,5,5,5,0.07080728712141685,0.9898640448119644,0.9686079491161462,0.08459033493539789,0.9829316881401229,0.9597331442853129,0.006026000227469801,0.9808552989745535,0.9696043143552622,0.045691301381222654,0.993723974755935,0.9855798344491639,0.05663564713030074,0.9905567079201866,0.979081503343521,0.05857519534712358,0.9906304275906604,0.977671484006717,0.02941026971901964,0.9983134844586057,0.9954622934630238,0.09384681789756306,0.9853184781465345,0.9533344609366265,0.09658563193910778,0.9770243585638227,0.9511886681474537,0.06277898853393397,0.9891103682578981,0.974945977988961
sim-15cb6cfa48467885967944caa5670beab18f07db64a246db29796ff1c91581e7,3,baseline,2.5440757280424604,0.021867368069881737,15.124397069707026,6.4922503817802735,0.0,0.0,0,8,0,8,0.9405463753295401,1.0,1.0,18,0,18,18,0,18,0,5,1.0,1.0,1,none,5,5,5,5,0.06609990024329737,0.9903523126856503,0.965621815354174,0.09757917507204097,0.9838983944998138,0.9445762473079872,0.004921535217943829,0.9818972059020504,0.9593751235229607,0.04076433160900662,0.9938883030249276,0.9822919301204908,0.057341945597864256,0.9909234861689407,0.9728771236868374,0.05759086469936586,0.9912295615468087,0.9724399028704372,0.018271773061117384,0.9981123581203833,0.9951339113863111,0.08800790650516448,0.9848555316745946,0.9514567214913588,0.1211517575443116,0.9798267574044526,0.9262037827644058,0.06568672379446769,0.9897598861873496,0.9672667243458368
sim-15cb6cfa48467885967944caa5670beab18f07db64a246db29796ff1c91581e7,4,baseline,2.546682747596161,0.02648205068325768,12.728583701616074,6.369769962421053,0.0,0.0,0,8,0,8,0.9467721013321643,1.0,1.0,18,0,18,18,0,18,0,5,1.0,1.0,1,none,5,5,5,5,0.06383309389051244,0.9903142768893135,0.9650531731907721,0.0995522238344799,0.9846757916748383,0.9408024959025307,0.004884761710709834,0.9819902624276164,0.9562560284808306,0.04176206070696254,0.9933035864277028,0.9794343448227482,0.056309744134743635,0.9918138283591054,0.9716106131341719,0.05657580515282575,0.9916281297510022,0.9710959783238409,0.016849167855313485,0.9976517779868359,0.9935216547681516,0.09724587274224208,0.9853359489447919,0.9426491280289275,0.12575244393708768,0.9799224073028986,0.919108610046028,0.06611882500703813,0.9896552546205756,0.9649451383093764
sim-15cb6cfa48467885967944caa5670beab18f07db64a246db29796ff1c91581e7,5,baseline,2.549438855156337,0.0321816810608959,10.629942861596971,4.935445258013916,0.0,0.0,0,9,0,9,0.900048296960609,1.0,1.0,18,0,18,18,0,18,0,5,1.0,1.0,1,none,5,6,6,5,0.062554437332551,0.9902837768800784,0.9651570408723212,0.09814851912284976,0.9842493556923052,0.9410723714792371,0.004602773020287188,0.9824631119189221,0.9569982040611276,0.04102771030386047,0.9939022127555284,0.979136409278065,0.05470629556371684,0.9912421176062065,0.971876904575372,0.05543410829811082,0.9912429360968635,0.9711211981563262,0.015518217778226468,0.9975072309705827,0.9933939544063832,0.09499739467204465,0.9843730380255833,0.9433836320383767,0.12347663268242016,0.9800691885755718,0.9198346134686187,0.06584360387103828,0.9897944675120424,0.9644846685340792
sim-15cb6cfa48467885967944caa5670beab18f07db64a246db29796ff1c91581e7,6,baseline,2.5372472576761744,0.025316116873936673,15.015016567345647,4.198076353778829,0.0,0.0,0,8,0,8,0.9132205215350652,1.0,1.0,16,0,16,16,0,16,0,5,1.0,1.0,1,none,5,5,5,5,0.06244004730455209,0.990156336270318,0.9650422949999071,0.10207526022816017,0.9834985855256174,0.9379108864364939,0.004856525466050884,0.981261852069232,0.9556237792032043,0.03974144641237727,0.993795058155794,0.9796131495824688,0.057829755396225535,0.9906902315185391,0.9697093990463966,0.057120601129767024,0.9908876706993291,0.9698412237770839,0.017222292949280637,0.997223598983865,0.9922218920047161,0.09548987805238641,0.9847520800284144,0.9431492737621417,0.1297273714087516,0.9781392242216391,0.9144195425109597,0.0664761425265639,0.9895781115465947,0.9638070651870767
sim-15cb6cfa48467885967944caa5670beab18f07db64a246db29796ff1c91581e7,7,prechallenge_demand,2.491491991589951,0.049638018600658584,11.715873070951414,5.337521515781946,0.0,0.0,0,8,0,8,0.8751579623744248,1.0,1.0,17,0,17,17,0,17,0,5,1.0,1.0,1,none,5,5,5,5,0.06392069102591148,0.9857076475715201,0.9593102572152004,0.1038372457357648,0.9767007481665037,0.9287467278956637,0.004946396934430402,0.9755045515598315,0.9492505973020504,0.042299401877554314,0.9909807592396848,0.9754294550069158,0.056718692578495544,0.9895060177772776,0.9669984762453432,0.0564852275503096,0.9888306358172259,0.9667699535144304,0.01674626226080135,0.9950645045367452,0.9913495828725635,0.09511259742785731,0.9824285438039598,0.9377528912817288,0.13215917389238874,0.9724109253380705,0.9026588556406373,0.06736486830350466,0.9849564008463196,0.9585202651780579
sim-15cb6cfa48467885967944caa5670beab18f07db64a246db29796ff1c91581e7,8,prechallenge_demand,2.305222624467623,0.11092173471966228,35.575136254121496,39.3387037106645,0.14285714285714285,0.125,1,7,1,8,0.9538879133094071,1.0,1.0,16,0,16,16,0,16,0,4,1.0,1.0,1,none,5,4,5,5,0.06626759449682203,0.9857171122163965,0.9524004647686896,0.10834771882489858,0.977882298654945,0.9160634833024449,0.005033760409048815,0.9747009086456377,0.9418188841649974,0.04335345921807176,0.9906976143513737,0.9717452763785379,0.05485791729116514,0.9877375360542355,0.9642195781001777,0.05669592881616478,0.9875093090520668,0.962201111442276,0.025816078791516282,0.9946150581372203,0.9842043101950401,0.08981388204592596,0.9800834560539138,0.9345315448539636,0.13282746646626736,0.972700971058674,0.8910218578376574,0.07006651560394501,0.9860412229987262,0.9510326177577285
sim-15cb6cfa48467885967944caa5670beab18f07db64a246db29796ff1c91581e7,9,prechallenge_demand,2.463191438685611,0.052825179081088636,10.97891723831746,7.117401480351296,0.0,0.0,0,7,0,8,0.8992716241122178,1.0,1.0,16,0,16,16,0,16,0,4,1.0,1.0,1,none,5,4,5,5,0.06674182858904436,0.9860637120383529,0.9504072582783922,0.10244142748434897,0.9799176400624726,0.9194608131153192,0.004653052647427827,0.9777296973204133,0.9423108288516208,0.04051431957099162,0.9925479062513027,0.9731878529482567,0.05366386883797352,0.9907751838099388,0.9640422483053258,0.056083350133571686,0.9891238060783092,0.9613369933915294,0.02319636840397734,0.9951291329421396,0.9860583787848918,0.09278807701537425,0.9827270561779641,0.9291530003776177,0.12734334641140163,0.9750978832540704,0.8939651974550838,0.06507817730256517,0.9861923680244945,0.9535896304136624
sim-15cb6cfa48467885967944caa5670beab18f07db64a246db29796ff1c91581e7,10,prechallenge_demand,2.52335190920379,0.04576666765520132,14.989588710335049,8.812079555834078,0.0,0.0,0,8,0,8,0.9164699818533708,1.0,1.0,16,0,16,16,0,16,0,5,1.0,1.0,1,none,5,5,5,5,0.06558720914088513,0.9861192296223282,0.9508789599368176,0.0993054433337945,0.9774017975045142,0.9216319662838024,0.004797595451074871,0.9737437255771224,0.9419524735123304,0.03848140461798909,0.9917813774799711,0.9742286369359068,0.050184703272601994,0.98922478996501,0.9662792064281123,0.05506758011609267,0.9884144937915951,0.9615914988011066,0.020963485109350553,0.9958889824537528,0.9875463368173559,0.0903039574309635,0.9791050524285922,0.930634172740129,0.12499775504999987,0.9710475973473465,0.895101367512504,0.06730269826471819,0.9855668717725204,0.9513123623297972
sim-15cb6cfa48467885967944caa5670beab18f07db64a246db29796ff1c91581e7,11,prechallenge_demand,2.444308486899496,0.10393555076325267,19.512388324402167,38.52078084488006,0.0,0.14285714285714285,0,6,1,7,0.9990099219610039,1.0,1.0,15,0,15,15,0,15,0,3,1.0,1.0,1,none,5,3,4,5,0.06600486603399301,0.9860793551808522,0.9504089896979376,0.10612649247046606,0.976942393475494,0.9149091614634551,0.005032663984833846,0.9747781577333757,0.9393237250983548,0.03757297187246761,0.9933477208475155,0.9748694970089329,0.049224819669472765,0.9891082141509026,0.9668478009552435,0.05287130258454819,0.9887974002889101,0.963290000311768,0.017418790638369302,0.9984741035603608,0.9900864852861755,0.09469038960106198,0.9790515685963621,0.9266534744538578,0.13099437467812056,0.9724966125802877,0.8891245552014306,0.06815410655671884,0.9860271642544025,0.9502392731760927
sim-15cb6cfa48467885967944caa5670beab18f07db64a246db29796ff1c91581e7,12,prechallenge_demand,2.504702446753167,0.05384756933905226,11.90914986967226,30.3182915501042,0.0,0.125,0,7,1,8,0.9252589913858094,0.9411764705882353,1.0,17,1,16,17,0,17,0,4,1.0,1.0,1,none,5,4,5,5,0.06587861529448659,0.9859453284655983,0.9504978864599725,0.10375445803003347,0.9793287115340118,0.9170626730050387,0.004715178256390406,0.976887095982688,0.9413067772184148,0.03677619551232368,0.9916202598285178,0.9754037164374467,0.05162951656505601,0.9891812368307881,0.9648303031643185,0.05351723037266028,0.9888245570137721,0.9627299960492021,0.01669621001640245,0.9952022430785825,0.9900600741234571,0.0917049410672744,0.9832027349696929,0.9295093337830613,0.12527609217448415,0.9746702127634617,0.8947611294595456,0.06596912745433396,0.9866474835323639,0.9520858621213059
sim-15cb6cfa48467885967944caa5670beab18f07db64a246db29796ff1c91581e7,13,challenged_demand,2.5418331578655917,0.037853360293807856,14.845083881190197,10.651016420267625,0.0,0.0,0,7,0,8,0.8665725677523018,0.9411764705882353,0.9411764705882353,17,1,16,17,1,16,0,4,1.0,1.0,1,none,5,4,5,5,0.06526668908213097,0.9864437087629185,0.9510614971429083,0.09990396989275746,0.9784036222215007,0.9200512722775239,0.004522984106867789,0.9761678441291001,0.9436582884054314,0.03791088051220286,0.9919287000494154,0.974544939117404,0.05398054746428305,0.987787507515591,0.962877359883878,0.054068305808409524,0.9881660291529475,0.962311903988415,0.021831629582935476,0.994164829144698,0.9865248292488126,0.09041077597121416,0.9804059064536343,0.9301662930180549,0.12170891659449216,0.9733209206658446,0.8972133969721742,0.06461746312810779,0.9861966198303881,0.9532898711691621
sim-15cb6cfa48467885967944caa5670beab18f07db64a246db29796ff1c91581e7,14,challenged_demand,2.5041842278259328,0.05540941118961676,11.787147770102468,11.169883840021122,0.0,0.0,0,8,0,8,0.9411841114099162,1.0,1.0,18,0,18,18,0,18,0,5,1.0,1.0,1,none,5,5,5,5,0.06504304379085189,0.9863205111623711,0.9512440023629231,0.10467830257941119,0.9773399139885047,0.915385716107114,0.005091386748508432,0.9742998535498005,0.9397505457416742,0.039552447477464364,0.9912622562094702,0.9731575213305437,0.05604141546907789,0.98811244486323,0.9611615410106557,0.056065056722608725,0.9882479007527821,0.960782963772183,0.027533524517009092,0.9937237979541823,0.9827277802417379,0.09216214013414417,0.9790488099869367,0.9285661910808952,0.1285767063880074,0.9717855583192146,0.889910069385882,0.06528802016944985,0.9864526110197933,0.9528730793972738
sim-15cb6cfa48467885967944caa5670beab18f07db64a246db29796ff1c91581e7,15,challenged_demand,2.477976720903964,0.06515194750021544,26.613314822660335,36.84586423545596,0.14285714285714285,0.25,1,7,2,8,0.9250510304487536,1.0,1.0,17,0,17,17,0,17,0,4,1.0,1.0,1,none,5,4,5,5,0.06594264954096743,0.9858524526069116,0.9506219864369055,0.10790530637108821,0.9772034742150253,0.9129396298602511,0.00502767521145999,0.9751924396991773,0.938697835322309,0.043159649237660795,0.9908243254357492,0.970749733505882,0.058131960032578846,0.987642910021086,0.959589625643172,0.05789435352625889,0.9875154833626788,0.9594362938166436,0.026911233504909263,0.9950091307486595,0.983859525102574,0.10240467391260938,0.9767632789516054,0.9185487930258055,0.13122045781001834,0.9732438489938494,0.8885923387803994,0.06801638209706139,0.985382272669491,0.9509963290380559
sim-15cb6cfa48467885967944caa5670beab18f07db64a246db29796ff1c91581e7,16,challenged_demand,2.5749626791105915,0.04417251946073092,8.86948891300822,4.660351797729351,0.0,0.0,0,9,0,9,0.8793688911105965,1.0,1.0,18,0,18,18,0,18,0,5,1.0,1.0,1,none,5,6,6,5,0.0652234135118465,0.9860137449994142,0.9511929739098177,0.1029534497709686,0.9786738395176455,0.9175752882737721,0.004801028997785429,0.9760194733266472,0.9405294797618995,0.03879590826660835,0.9926476172644074,0.9739242792096254,0.05441285637612138,0.9896635344104473,0.9627069194041946,0.05644752017909977,0.9888749675195769,0.9605455362636798,0.023724118831796773,0.9959567559848854,0.9859294031618347,0.09854372143085587,0.9815080177035195,0.9220944826574983,0.12675078323540162,0.9743314408922054,0.8924722745129893,0.06471123608308127,0.9869000092566809,0.9536169342647752
sim-15cb6cfa48467885967944caa5670beab18f07db64a246db29796ff1c91581e7,17,challenged_demand,2.45812892117178,0.0756177518429674,7.47322708549179,30.73386845780515,0.0,0.14285714285714285,0,6,1,7,0.8443972291673213,1.0,1.0,15,0,15,15,0,15,0,3,1.0,1.0,1,none,5,3,4,5,0.06620300992862499,0.9851484301826255,0.9501785022800421,0.10289300481564961,0.9770441146017007,0.9175029021895322,0.004847924606796848,0.974940357669713,0.9408902395935034,0.038840212461735704,0.989735698075406,0.9736332375175366,0.050555628735232144,0.9883043586288366,0.9658284899835726,0.05412151116553652,0.9878024127840858,0.9623167588894641,0.022790964825270002,0.9937285707370959,0.9863503660381477,0.09387815097413875,0.9777344262530366,0.9260731782606706,0.12512956855284393,0.9713827851377349,0.8938610505012778,0.06584504309691856,0.9836590803016205,0.9522163471952568
sim-15cb6cfa48467885967944caa5670beab18f07db64a246db29796ff1c91581e7,18,challenged_demand,2.5203162795096308,0.09457068699307036,29.17156955947428,29.870005598394155,0.1111111111111111,0.125,1,9,1,8,0.8782125874974431,1.0,1.0,18,0,18,18,0,18,0,5,1.0,1.0,1,none,5,6,5,5,0.06736569527723887,0.9860920397987961,0.9494013333877052,0.10604826605732473,0.9782875896304488,0.9143995333397672,0.004799482190528515,0.975560075030018,0.9411146638497494,0.04506226022704785,0.9912889288624382,0.9689645739561611,0.055218529915373196,0.9885672409988787,0.962063546779837,0.05548059520373248,0.988770360490852,0.9612282343996035,0.02650661004099358,0.9950993973215068,0.9837747940981476,0.09763231931452408,0.9810784353172893,0.9235738286929572,0.1287817100968914,0.9726027282137525,0.8900463419718895,0.0707440502582358,0.9861796384695508,0.9479846645833558
sim-15cb6cfa48467885967944caa5670beab18f07db64a246db29796ff1c91581e7,19,postdemand_recovery,2.5300721259637347,0.0367981430904439,20.159521719806417,30.280179188308775,0.0,0.125,0,6,1,8,0.9181916356839398,1.0,1.0,16,0,16,16,0,16,0,3,1.0,1.0,1,none,5,3,5,5,0.0658514358744338,0.9899671473350723,0.9550482064468379,0.10128937060005262,0.983588661221337,0.9259938162823901,0.004796713258755712,0.9811773656219532,0.9467496571407725,0.04326074326730516,0.9931507240825083,0.9729031216034778,0.05597401795493739,0.9910434293476676,0.9647619712545541,0.054424789848797984,0.9913524551939797,0.9655241790040623,0.023669186121906903,0.9968234286977563,0.9868374466978047,0.09988388694806662,0.9833426191252607,0.9288101959235942,0.12889359639760967,0.977521802406627,0.8994082747167351,0.06657602201193419,0.9897842796194047,0.9557189073731898
sim-15cb6cfa48467885967944caa5670beab18f07db64a246db29796ff1c91581e7,20,postdemand_recovery,2.5250299818109285,0.02381730031197488,6.872314933945743,4.794551484131105,0.0,0.0,0,8,0,8,0.9139712607169183,1.0,1.0,18,0,18,18,0,18,0,5,1.0,1.0,1,none,5,5,5,5,0.06403296862142391,0.9901514882283298,0.9614215030942473,0.10314242665438059,0.983705901143832,0.9331595215454761,0.0049550363450833485,0.9813496217479526,0.9516869613374249,0.042289163110364,0.9933032107979484,0.9765492333888408,0.057081943471848307,0.9908197099162726,0.9681762243389983,0.05628518061955831,0.9909390937577898,0.9683899045875253,0.021109325100882252,0.9968163213816813,0.9896360209318306,0.09695851623846971,0.9847042879238092,0.9385868373322585,0.13456492697357605,0.9788673887998808,0.9059192832779716,0.0666997290849202,0.9896036335832354,0.960988200277566
sim-15cb6cfa48467885967944caa5670beab18f07db64a246db29796ff1c91581e7,21,postdemand_recovery,2.56699178564241,0.024431058096382092,15.461820583396351,4.587607391972635,0.0,0.0,0,9,0,9,0.9647075459023454,1.0,1.0,18,0,18,18,0,18,0,5,1.0,1.0,1,none,5,6,6,5,0.06377275211125648,0.990079609228047,0.9632618943356592,0.10584493523502297,0.9831021475099085,0.9338223991975018,0.004942953842920494,0.9817658903606845,0.9533466764211326,0.04168591004227045,0.9944488083301986,0.9779788019610185,0.05746861442353415,0.9913140120167981,0.9692344322813112,0.05681341469709172,0.9912036356335184,0.9693545947422908,0.01923295235515006,0.9973945850997941,0.9910711453634453,0.09351805519980308,0.9877724746420633,0.9437676610975091,0.13425234117253154,0.9800365350794895,0.9096650615635082,0.06639343029462988,0.9902181114250154,0.9630002302255085
sim-15cb6cfa48467885967944caa5670beab18f07db64a246db29796ff1c91581e7,22,postdemand_recovery,2.600076040876575,0.01688126162251027,13.189794984395906,2.447960489380202,0.0,0.0,0,8,0,8,0.9105825038279092,1.0,1.0,18,0,18,18,0,18,0,5,1.0,1.0,1,none,5,5,5,5,0.06293259954874074,0.990124944288017,0.9642721496745157,0.10467227103189423,0.9837765534702694,0.9354206725467598,0.004921608472994782,0.9808635084404141,0.9540714117435403,0.03853245613508828,0.9940383018763218,0.9800612865884033,0.05667660504173399,0.9910844078060206,0.9700725204293338,0.057113172584914336,0.9909914481756805,0.9695159681045445,0.019108449854813137,0.9972501422412092,0.9911631554412644,0.08620198406837354,0.9861166774566029,0.9494377729471165,0.13096792724620268,0.978091037999226,0.9129698796053695,0.06410540216035901,0.9898240556788908,0.965064380416548
sim-15cb6cfa48467885967944caa5670beab18f07db64a246db29796ff1c91581e7,23,postdemand_recovery,2.573674114181111,0.022249185452245208,19.828962605538734,5.2408099157460555,0.0,0.0,0,8,0,8,0.9485785855963402,1.0,1.0,18,0,18,18,0,18,0,5,1.0,1.0,1,none,5,5,5,5,0.0629017960098799,0.9902180508292888,0.9644368171736281,0.10126330507300818,0.984123473721994,0.9382785742041315,0.005012055563890277,0.981268686134727,0.9537374160983363,0.03712107814338197,0.9944481290111191,0.9809209856976245,0.05688737870155125,0.9911696293871277,0.9700352129379847,0.05716581077915923,0.9911300611549655,0.9695910072226023,0.017492194186536074,0.9971435488071415,0.9920594754078703,0.08991116223548525,0.9859587513006924,0.9462404954795497,0.13557329468026233,0.9779858449648193,0.9096404946275387,0.06488186584579063,0.9897868972306249,0.9647406248665337
sim-15cb6cfa48467885967944caa5670beab18f07db64a246db29796ff1c91581e7,24,postdemand_recovery,2.5530610904279647,0.02460052134770612,14.73189066454255,4.749099507187796,0.0,0.0,0,8,0,8,0.9205842547724266,1.0,1.0,18,0,18,18,0,18,0,5,1.0,1.0,1,none,5,5,5,5,0.06312009269645243,0.990207005338131,0.9644114666101081,0.10248994686009527,0.9844932019542687,0.9373992009577637,0.004819976976953334,0.9825572216690561,0.9547577862191663,0.037637589607762194,0.9938060095542309,0.9807023611393074,0.054356762255401564,0.9923677935686358,0.9717212088752081,0.055845690650169984,0.9916962510832149,0.9704862953461221,0.018881178028528317,0.9977534112622827,0.9912610916203612,0.08751164184714628,0.9869103079469395,0.9479573184996711,0.1328281887922882,0.9804993043009926,0.9118364730922447,0.06741214202173526,0.9891663845909465,0.9630747424291921
sim-bda53fdb8d5dee2324c5f390c2e33e08d8685a2ca9d2152fca6c25067cfe87cc,1,baseline,1.9727358595750726,0.48432326232169126,152.12385707338075,115.47168444210142,0.8333333333333334,0.7142857142857143,5,6,5,7,0.731921941612625,0.6666666666666667,0.6666666666666667,15,5,10,15,5,10,0,4,0.9913344335419694,0.9906517537124215,1,none,4,4,5,5,0.07986202576964903,0.9881335656516418,0.9807760424241676,0.07065802558912443,0.9897615672073965,0.9875007417531999,0.06629152285597396,0.9913344335419694,0.9906517537124215,0.064256614154294,0.995411322239629,0.9920644869556792,0.06588459105560164,0.9939118628539726,0.9909944321056888,0.06852336795266871,0.9928741760368772,0.9891204006061687,0.059059976584761385,0.9978188789189714,0.9956592922486114,0.08931534600659867,0.9841835098723775,0.974271978624673,0.06416022954229846,0.9914380644498232,0.9921390163547603,0.0718095949307981,0.992037212727049,0.9868712031760484
sim-bda53fdb8d5dee2324c5f390c2e33e08d8685a2ca9d2152fca6c25067cfe87cc,2,baseline,2.5881210581012555,0.018130428767295783,9.682910497037396,5.548269223560798,0.0,0.0,0,9,0,9,0.9620296188214035,1.0,1.0,19,0,19,19,0,19,0,5,0.9817970680743092,0.9597439320868604,1,none,6,5,5,5,0.07080686136362394,0.9898636176023672,0.9686083176146506,0.08458950510744302,0.9829408612524235,0.9597339555485844,0.08500633979743481,0.9817970680743092,0.9597439320868604,0.04569093935352966,0.9937221755535466,0.9855800632463286,0.05663532479201014,0.9905605249529351,0.9790817976044728,0.05857481732086576,0.9906316140735594,0.9776718043844729,0.02941014777669438,0.9983131747393205,0.9954623307917764,0.09384580361231672,0.985322604348999,0.9533351703930586,0.09658495923189077,0.9770278146749224,0.9511895350470506,0.06277795092951187,0.989110141825506,0.9749466971621964
sim-bda53fdb8d5dee2324c5f390c2e33e08d8685a2ca9d2152fca6c25067cfe87cc,3,baseline,2.5453126681623517,0.021433383898714038,15.122599656347555,6.372661538417673,0.0,0.0,0,8,0,8,0.9379739475244312,1.0,1.0,18,0,18,18,0,18,0,5,0.9830984697486902,0.9429388014584734,1,none,5,5,5,5,0.06610058538007377,0.990347203391529,0.9656208725830752,0.09742636119819623,0.9839191076915471,0.9446994471829389,0.10052803935911499,0.9830984697486902,0.9429388014584734,0.040702116563376384,0.9939547909323713,0.9823298526415586,0.05734163977424605,0.9909187022433129,0.9728768123998587,0.05759154305504188,0.9912246219715511,0.9724388843182898,0.018359674327228077,0.9979276303607945,0.9950805191380538,0.08801308533693654,0.9848103486303582,0.9514499539301853,0.12096159880059729,0.9798674571351514,0.9263629509000045,0.06568783308752663,0.9897517609842209,0.9672650453126679
sim-bda53fdb8d5dee2324c5f390c2e33e08d8685a2ca9d2152fca6c25067cfe87cc,4,baseline,2.5458550299039704,0.026594704073968717,10.815033349049312,6.662125505631514,0.0,0.0,0,8,0,8,0.9260276638117715,1.0,1.0,18,0,18,18,0,18,0,5,0.9834635788940115,0.936709201328089,1,none,5,5,5,5,0.06393757077934177,0.9902921260182231,0.9649819405620703,0.09961969754974123,0.9846879064944442,0.9407501302766158,0.10569568318673267,0.9834635788940115,0.936709201328089,0.04151818696402587,0.9933075316322774,0.979553477517256,0.056351963795028735,0.9918200106702226,0.9715909777521549,0.05644497045734279,0.9916037215126474,0.9711734128442702,0.017095422003189722,0.9978325115213946,0.9934422723982982,0.0974557432769872,0.9852583285370567,0.9424823663499123,0.12517913771642178,0.9804615259532027,0.9194753677689278,0.06590269436841237,0.989732854151438,0.9650926078794372
sim-bda53fdb8d5dee2324c5f390c2e33e08d8685a2ca9d2152fca6c25067cfe87cc,5,baseline,2.563176696901352,0.029364816953115578,17.504500892340857,7.761195491774164,0.0,0.0,0,9,0,9,0.9385456523001656,1.0,1.0,18,0,18,18,0,18,0,5,0.9840789634810924,0.938069868537296,1,none,5,6,6,5,0.06260493925474357,0.9903293044140024,0.9651126881320617,0.09817631325138716,0.9843115563017802,0.9409937634224272,0.10253339196574461,0.9840789634810924,0.938069868537296,0.040877621776411355,0.9939010241872922,0.9792180394514404,0.05534746892346098,0.9909505988908046,0.971457175071564,0.055906682356808075,0.9911329573884073,0.9708159420971167,0.014988644058466054,0.9975991745050347,0.9936987821933415,0.09564279009246542,0.9838226851047722,0.9427958654139017,0.1214533872617275,0.980072504275048,0.9211181059956995,0.06546733885013432,0.9900450731891742,0.9647500550845978
sim-bda53fdb8d5dee2324c5f390c2e33e08d8685a2ca9d2152fca6c25067cfe87cc,6,baseline,2.533468887025187,0.02718383945166539,13.176594005118229,3.043318303382221,0.0,0.0,0,8,0,8,0.9115935908578698,1.0,1.0,16,0,16,16,0,16,0,5,0.9819444332463015,0.934582193318161,1,none,5,5,5,5,0.0625434411842788,0.9900672509993261,0.9649295238969714,0.10131334178799793,0.9835915183080564,0.9384487735156554,0.10691178185392608,0.9819444332463015,0.934582193318161,0.03939475900935673,0.9939311753367319,0.979824496453864,0.05830416695202454,0.9907136197047669,0.9693994152215273,0.05750426193156801,0.9908818913535592,0.9696075904765766,0.016935249549894713,0.997323136174108,0.9923319970783441,0.09746322282864608,0.9850245115537807,0.9414647380339487,0.13019627141484866,0.9778928980778675,0.9139248119050332,0.06530134208760766,0.9897166501600081,0.9646096732537967
sim-bda53fdb8d5dee2324c5f390c2e33e08d8685a2ca9d2152fca6c25067cfe87cc,7,prechallenge_demand,2.458156395755884,0.065401443318069,11.845347004330716,4.899359959337639,0.0,0.0,0,8,0,8,0.9130726111833394,1.0,1.0,17,0,17,17,0,17,0,5,0.9772367959775902,0.9250275568927686,1,none,5,5,5,5,0.06391433053793626,0.9859428053769043,0.9593190944022114,0.10321635569214185,0.9770763417573541,0.9293534614652276,0.10925533801937266,0.9772367959775902,0.9250275568927686,0.0419125025187024,0.991196113743594,0.9756682139429663,0.05744526585540333,0.9887925059981726,0.9664141450550989,0.056796565198049515,0.988535854952207,0.9665239769254629,0.017808919849598013,0.9951066889741549,0.9905467863762062,0.09634011344155925,0.9806685433426012,0.936104155418248,0.1312546677009853,0.9728749920170867,0.9034235865595139,0.0683823367843452,0.9844736899401753,0.9573766624338257
sim-bda53fdb8d5dee2324c5f390c2e33e08d8685a2ca9d2152fca6c25067cfe87cc,8,prechallenge_demand,2.3852374576203594,0.12006298989450884,30.90899169193423,29.64799943597489,0.14285714285714285,0.125,1,7,1,8,0.8946720390824258,1.0,1.0,17,0,17,17,0,17,0,4,0.9769973280647666,0.9151685339773596,1,none,5,4,5,5,0.06620096340906016,0.9854913350798115,0.952465731778889,0.10609368953598415,0.9785262416083463,0.9185860591360218,0.11008842891495282,0.9769973280647666,0.9151685339773596,0.04247006882166586,0.9905137557890971,0.9722308661977069,0.05563229297709183,0.9886938971696635,0.9636643664168552,0.05541733624532962,0.9887703964794821,0.9633917239735921,0.021436965562756278,0.9953404648722988,0.9873088531444557,0.09801252157752934,0.9786890301087517,0.9266224892284408,0.132185014030396,0.9727323056322418,0.8915470911368119,0.06883073552958681,0.9864109843755665,0.9524657453167613
sim-bda53fdb8d5dee2324c5f390c2e33e08d8685a2ca9d2152fca6c25067cfe87cc,9,prechallenge_demand,2.4349269468792665,0.045908338994811004,9.50372720622141,9.82941050579915,0.0,0.0,0,7,0,7,0.9223686393476563,1.0,1.0,16,0,16,16,0,16,0,4,0.9765934861335427,0.9135527884120447,1,none,5,4,4,5,0.06752721963229463,0.9857782067352269,0.9498299504059058,0.10581072297452232,0.9770199214014282,0.9160287575215579,0.10877820291413158,0.9765934861335427,0.9135527884120447,0.04535669963128657,0.9904662866910199,0.9689441967497803,0.05538289387741905,0.9879403114235813,0.9624243608790158,0.05583272989304029,0.9878404484363229,0.9615230646563787,0.026932695784362387,0.9926159070801961,0.9831944073269409,0.09951199239661089,0.9791837138378475,0.9228570143893472,0.13029954623927695,0.9715774611522582,0.8903614670434242,0.0704496642865905,0.9842480953497097,0.949044269786728
sim-bda53fdb8d5dee2324c5f390c2e33e08d8685a2ca9d2152fca6c25067cfe87cc,10,prechallenge_demand,2.500181415742049,0.05812500406595061,19.921760593227805,6.515147643242644,0.0,0.0,0,8,0,8,0.9317296307180575,1.0,1.0,18,0,18,18,0,18,0,5,0.9752812343423208,0.9089920506170616,1,none,5,5,5,5,0.06725661035177703,0.9860444024219459,0.9495594898512857,0.10685291950935268,0.9772503064760523,0.9139180197864692,0.11263721398005536,0.9752812343423208,0.9089920506170616,0.04320048001078921,0.990922828046741,0.9705663711115865,0.05621976936850813,0.9890504563406171,0.961501783239237,0.05620420567895851,0.9888708699199974,0.9609323828828279,0.03148523123546268,0.9921323499548681,0.9800029143957794,0.09849658330227279,0.9800044642847224,0.9230565069490158,0.13334015034558283,0.9701750051376055,0.8866792023106448,0.06917776279508152,0.9860430309713772,0.9497111210861727
sim-bda53fdb8d5dee2324c5f390c2e33e08d8685a2ca9d2152fca6c25067cfe87cc,11,prechallenge_demand,2.4317260939435026,0.145968189530832,38.043132304598174,28.05141165958714,0.125,0.1111111111111111,1,8,1,9,0.9083625569743012,1.0,1.0,17,0,17,17,0,17,0,5,0.9771197358758748,0.9082483850516259,1,none,5,5,6,5,0.06588069572135671,0.986001811808336,0.9504981976937869,0.10735999069810484,0.9772068129490065,0.9131582137676619,0.11303150859747824,0.9771197358758748,0.9082483850516259,0.04384095294056326,0.9914313983460148,0.9701212481936597,0.05226987961020912,0.9896782470867427,0.9645250346610807,0.05423983925853605,0.9885924947166868,0.962344208621126,0.027551843274347333,0.9973854436508812,0.9834354809920639,0.09320341689517816,0.9802826838216476,0.9281206446781239,0.1369143959440405,0.971417851654318,0.8823440787173843,0.06777831364825403,0.9862776559408994,0.950702320769196
sim-bda53fdb8d5dee2324c5f390c2e33e08d8685a2ca9d2152fca6c25067cfe87cc,12,prechallenge_demand,2.379743475432711,0.07328503516620138,9.839438494211251,9.08127026256801,0.0,0.0,0,7,0,7,0.8929515875371399,1.0,1.0,16,0,16,16,0,16,0,4,0.9764145204174756,0.9087057062104527,1,none,5,4,4,5,0.06661228961812735,0.9856674439788065,0.949868974556718,0.10716640314291254,0.9777570841390538,0.9135871157513766,0.11251437605901342,0.9764145204174756,0.9087057062104527,0.04216462725650724,0.9909965742874569,0.9715839296802301,0.05495089650367163,0.9875603983222386,0.9622044027764309,0.05649210703098061,0.9878742135958622,0.9604555320054919,0.02494576550802529,0.9942804316014155,0.9849354843494807,0.09817283381377183,0.9795222063681913,0.9236480676910387,0.1349691567022988,0.9729783699913009,0.8840216413864513,0.06657237083757882,0.9859448374802323,0.9518433912290459
sim-bda53fdb8d5dee2324c5f390c2e33e08d8685a2ca9d2152fca6c25067cfe87cc,13,challenged_demand,2.552421552585505,0.03940123719629326,9.312777613360396,7.75750596232078,0.0,0.0,0,8,0,9,0.9139505459280287,1.0,1.0,18,0,18,18,0,18,0,5,0.9441921916116714,0.6577512466346463,1,none,5,5,6,5,0.0656235688231623,0.9866496275865387,0.9507761401163118,0.10131492505755935,0.9791307940237278,0.918926884879043,0.10706250931082738,0.9441921916116714,0.6577512466346463,0.04057973468143025,0.9919240048923496,0.9727066055364467,0.05385301418183946,0.9892309480518345,0.963331865610408,0.05384334634682885,0.9889090189532307,0.9627864399019891,0.024056548044333794,0.9945625936550665,0.985558704781588,0.08892081425252997,0.9833741280505985,0.9321142460096653,0.12297955370838692,0.9748148898129702,0.8954023773745432,0.0662936166565355,0.9859537816618527,0.9521233924451716
sim-bda53fdb8d5dee2324c5f390c2e33e08d8685a2ca9d2152fca6c25067cfe87cc,14,challenged_demand,2.560614422892682,0.040717258949905154,13.606392053763566,8.909667815268747,0.0,0.0,0,9,0,8,0.912246781461852,1.0,1.0,18,0,18,18,0,18,0,5,0.9768747169301153,0.8366182497428849,1,none,5,6,5,5,0.06459144899999972,0.9860997137384214,0.9514730389581082,0.09906652129320712,0.9793436818198641,0.9211105631883979,0.1059907076400727,0.9768747169301153,0.8366182497428849,0.03747747885506649,0.9931119571626934,0.9749875252063381,0.04978778771412773,0.9900677816982274,0.9666447797722114,0.053350349832816085,0.9887392928767392,0.9631782379079901,0.026478740425072454,0.9946532312381358,0.9838754772579604,0.08694981655930466,0.9809848212724699,0.9336213581350793,0.12091104865044927,0.974660732779189,0.8985394891669168,0.06590933904453457,0.9861782417194793,0.9525326670810447
sim-bda53fdb8d5dee2324c5f390c2e33e08d8685a2ca9d2152fca6c25067cfe87cc,15,challenged_demand,2.29668451273055,0.1538008458602726,40.16981023674871,51.5092332002334,0.16666666666666666,0.25,1,6,2,8,0.830484911571586,1.0,1.0,16,0,16,16,0,16,0,3,0.97743078057046,0.8899214520659393,1,none,5,3,5,5,0.06568338649622597,0.9859881497178403,0.95048968886121,0.10088321061947186,0.9792130655500324,0.9193852778767981,0.1075166667826536,0.97743078057046,0.8899214520659393,0.036862348913206076,0.9920839652515583,0.9751494397815744,0.0502107049833831,0.9900579699222817,0.9661316114818942,0.05296218454659866,0.9896468294864279,0.9634317849426054,0.025293211297414207,0.9954282285582442,0.9848227513575993,0.08986526715277364,0.9809530041796449,0.9309405732725993,0.12443100084158887,0.9732892444106209,0.8953137998196296,0.06652776114231668,0.9861755689227856,0.9518524111873784
sim-bda53fdb8d5dee2324c5f390c2e33e08d8685a2ca9d2152fca6c25067cfe87cc,16,challenged_demand,2.499241177976559,0.0632273734197048,20.091074310220353,8.105867659777664,0.0,0.0,0,8,0,8,0.9529103664727029,1.0,1.0,18,0,18,18,0,18,0,5,0.9754936901961893,0.9046360274167716,1,none,5,5,5,5,0.06576633654048682,0.9855465073849239,0.9504468160092155,0.09878347804297034,0.9777930582417235,0.9213200107628677,0.1091932463638707,0.9754936901961893,0.9046360274167716,0.03944829902523543,0.9912260132186984,0.9729281667882888,0.05088929185169043,0.9882208687665115,0.9654827504281337,0.05268448000726247,0.9881661081306125,0.9635577052614301,0.02616280216295267,0.9936948280388417,0.9838912683785236,0.0930957093741353,0.9805661318790108,0.9280263855642518,0.12605254801420993,0.9723137219918653,0.8932287286695794,0.06634312783996918,0.9857698615605959,0.951934548439637
sim-bda53fdb8d5dee2324c5f390c2e33e08d8685a2ca9d2152fca6c25067cfe87cc,17,challenged_demand,2.5565170261272545,0.03654278540677485,13.086015310688724,7.251741607575548,0.0,0.0,0,8,0,8,0.8685923070639843,1.0,1.0,18,0,18,18,0,18,0,5,0.9774841226483587,0.9102114526803122,1,none,5,5,5,5,0.06598261322169476,0.9864607550210693,0.9503191421909615,0.09920795420815154,0.9794947009947466,0.9212208204374341,0.10879951773897,0.9774841226483587,0.9102114526803122,0.03771155110443995,0.9934421689094581,0.9745461994079458,0.04714018686826203,0.991111012301048,0.9685624021554547,0.05093786322994323,0.9898136435654997,0.9650129098817086,0.02319776410934091,0.9964662180239184,0.9862304522253439,0.08653482956558814,0.9819563509627339,0.9337436436441546,0.12392046758688972,0.9740966759370886,0.895588126731463,0.06638580309489629,0.9858264186748321,0.9519439321395267
sim-bda53fdb8d5dee2324c5f390c2e33e08d8685a2ca9d2152fca6c25067cfe87cc,18,challenged_demand,2.5119664411826608,0.053225798602129004,26.06704124417525,8.527874075047801,0.0,0.0,0,8,0,8,0.9505222987100206,1.0,1.0,18,0,18,18,0,18,0,5,0.9759928199522508,0.9103946747198,1,none,5,5,5,5,0.06524166796370212,0.9859044151128248,0.9510162733676308,0.10176291111193933,0.9774764940473898,0.9186154159987705,0.11011485122121963,0.9759928199522508,0.9103946747198,0.034318236772122666,0.9911933225711496,0.9769557862139411,0.048393995826008875,0.9897531668712798,0.9674105394233259,0.05235094989242845,0.9886792432700297,0.9636278938287398,0.024364028061966914,0.9939873949574699,0.9852298440332324,0.0905646162770897,0.9798022506277277,0.9300012017021936,0.12669762102185972,0.9728201973378334,0.8928088614648966,0.06676668038692496,0.9856633811081095,0.9517945135757027
sim-bda53fdb8d5dee2324c5f390c2e33e08d8685a2ca9d2152fca6c25067cfe87cc,19,postdemand_recovery,2.547376641711389,0.02075714501823716,8.302903023768064,2.6299010649465484,0.0,0.0,0,8,0,8,0.9620979471823973,1.0,1.0,18,0,18,18,0,18,0,5,0.9824107011384902,0.9178839220952247,1,none,5,5,5,5,0.0652642695000353,0.9900658370366825,0.9556521281269628,0.10336234481304939,0.9835806790585174,0.9248227060226041,0.1113622427443948,0.9824107011384902,0.9178839220952247,0.04091392100815736,0.9932122613123988,0.9748092015231011,0.05068082905025697,0.9915692527507097,0.9689834283385863,0.05345182793820628,0.9915322884693474,0.9663952442447845,0.02148336562612223,0.9976617259988387,0.9880978665230853,0.09214463015456134,0.9852234345812806,0.9350515390376445,0.12832336970199684,0.978635113051553,0.9013273889755612,0.06697397048589798,0.9898258412642069,0.9560451856081245
sim-bda53fdb8d5dee2324c5f390c2e33e08d8685a2ca9d2152fca6c25067cfe87cc,20,postdemand_recovery,2.5596557353912917,0.027746001582394465,16.1575354823944,5.669527686966811,0.0,0.0,0,8,0,8,0.9312669043582895,1.0,1.0,18,0,18,18,0,18,0,5,0.9825044749698166,0.9272960098069724,1,none,5,5,5,5,0.06344082238467413,0.9902712072236238,0.9619336242321826,0.10301202886546987,0.9837895362771935,0.9333484825246188,0.11105861877085588,0.9825044749698166,0.9272960098069724,0.04138626936486487,0.993953888179029,0.9773388203482194,0.052881368818988334,0.9912933096657737,0.9710593076803253,0.05443481995897736,0.991242850708365,0.9696028541002372,0.018348142234160363,0.9972849707733892,0.991041819694905,0.09704104972490421,0.983590409192911,0.9384506275320426,0.1331742770989904,0.9783928184637759,0.907669122004681,0.06532135749394011,0.9899344497773368,0.9621930083874901
sim-bda53fdb8d5dee2324c5f390c2e33e08d8685a2ca9d2152fca6c25067cfe87cc,21,postdemand_recovery,2.6000430589411883,0.026337490753796267,4.9646462638967925,5.220699167271151,0.0,0.0,0,9,0,9,0.9650941268437244,1.0,1.0,20,0,20,20,0,20,0,5,0.9824912495851539,0.9305741971819027,1,none,6,5,5,6,0.06314468221491179,0.9898920792407377,0.9636912702884698,0.10219518964462887,0.9837066250088368,0.9366033948891023,0.11043337492216662,0.9824912495851539,0.9305741971819027,0.03927194773704939,0.9938743992301192,0.9793464940873589,0.05533355841256092,0.9907004767348947,0.9705265373331569,0.055720857798524315,0.9909615258810546,0.9699980462905728,0.015392199720053214,0.9984337109285796,0.9930459337819304,0.09507345092272373,0.9865878077831541,0.9421784168201942,0.13223341532116842,0.9795177333895234,0.9111784741291973,0.06505311482029406,0.9896639212132009,0.9639859855950024
sim-bda53fdb8d5dee2324c5f390c2e33e08d8685a2ca9d2152fca6c25067cfe87cc,22,postdemand_recovery,2.574870943454028,0.018206915288813363,14.734556144285202,3.744903061122079,0.0,0.0,0,8,0,8,0.9508465557801652,1.0,1.0,18,0,18,18,0,18,0,5,0.9826688942278188,0.9320729082527905,1,none,5,5,5,5,0.06241493167311123,0.9903748069001375,0.9646214409017914,0.10174321954650828,0.9838788137398258,0.9377795243368688,0.10934816027894871,0.9826688942278188,0.9320729082527905,0.040822701765661586,0.9935376055699946,0.9786621701334807,0.05592656830948867,0.9914634616827624,0.9705537264966728,0.05564128218054033,0.9912809189878169,0.9704196485179377,0.015307355582485804,0.9972109625995873,0.9930958690534385,0.09249238717721903,0.9844336186198066,0.9446337149279628,0.12962673726041526,0.978909234884484,0.9138222255147795,0.0652382427107656,0.9896685740304163,0.9643501508247334
sim-bda53fdb8d5dee2324c5f390c2e33e08d8685a2ca9d2152fca6c25067cfe87cc,23,postdemand_recovery,2.551853067148087,0.029261933326125308,13.628276416405068,4.469545254682168,0.0,0.0,0,8,0,8,0.9532576823432413,1.0,1.0,18,0,18,18,0,18,0,5,0.9831615667834643,0.9325193006000146,1,none,5,5,5,5,0.06232817453779387,0.9901718461965943,0.9647879017093417,0.10354724119946374,0.9832135222467379,0.9366005006927718,0.1092920728470881,0.9831615667834643,0.9325193006000146,0.0414916977534174,0.9933285300550763,0.9783488369465989,0.056394283148480794,0.9911644847456754,0.9703677941135963,0.05645664531709517,0.9912235630216832,0.970045112772643,0.017367107904203465,0.997014117099389,0.9918870087444384,0.09835991001773123,0.9839598234981877,0.9406746152733573,0.13157397770825446,0.9791937167560666,0.9127899525531655,0.06612364573676521,0.9894372840933342,0.9638820113153319
sim-bda53fdb8d5dee2324c5f390c2e33e08d8685a2ca9d2152fca6c25067cfe87cc,24,postdemand_recovery,2.537218885518187,0.029554734925432743,14.336116046437253,4.476667169691662,0.0,0.0,0,8,0,9,0.9043232050682928,1.0,1.0,18,0,18,18,0,18,0,5,0.9828725958446386,0.9326123440968433,1,none,5,5,6,5,0.062181030822248386,0.9904820188152441,0.9650215191978204,0.10379126992071841,0.9840439512813945,0.9364985619208552,0.10930130682920224,0.9828725958446386,0.9326123440968433,0.04063894554462308,0.9940738131815327,0.9788811145165667,0.05691765553238902,0.9910221980951494,0.9701166936946523,0.056529824424472366,0.9911560346205907,0.9700661707452517,0.017200713654377565,0.9973274180914525,0.9920146683886455,0.09901908782363462,0.9841875062313783,0.9402057809737207,0.13195174843613863,0.979632457289151,0.9124158824399252,0.06691049248117961,0.9898221230580574,0.9634201736274726
sim-6c4b7c61ca59b5b62d7c1d8adb5bdf54d4a08b09a9763f58d4ceb6c339e13065,1,baseline,1.9727358595750726,0.48432326232169126,152.12385707338075,115.47168444210142,0.8333333333333334,0.7142857142857143,5,6,5,7,0.7317519342706376,0.6666666666666667,0.6666666666666667,15,5,10,15,5,10,0,4,0.9910625252283622,0.9921641259372932,1,none,4,4,5,5,0.0798620255514063,0.9881335656502308,0.9807760424277242,0.07065802503453779,0.98976156720267,0.9875007417674884,0.02836973773033419,0.9910625252283622,0.9921641259372932,0.06425661405372983,0.9954113222390868,0.9920644869571971,0.0658845907695858,0.9939118628522244,0.9909944321093528,0.0685233677046929,0.9928741760354233,0.989120400609563,0.05905997665275602,0.9978188789189799,0.9956592922480673,0.08931535172030307,0.984183529309716,0.9742719750807137,0.06416020950075162,0.9914378983435808,0.9921390346231731,0.07180959506032727,0.9920372149829615,0.9868712028421653
sim-6c4b7c61ca59b5b62d7c1d8adb5bdf54d4a08b09a9763f58d4ceb6c339e13065,2,baseline,2.5885370228274462,0.018341099412422807,9.682910497037396,5.548269223560798,0.0,0.0,0,9,0,9,0.9613893078694099,1.0,1.0,19,0,19,19,0,19,0,5,0.9808552989745535,0.9696043143552622,1,none,6,5,5,5,0.07080728712141685,0.9898640448119644,0.9686079491161462,0.08459033493539789,0.9829316881401229,0.9597331442853129,0.006026000227469801,0.9808552989745535,0.9696043143552622,0.045691301381222654,0.993723974755935,0.9855798344491639,0.05663564713030074,0.9905567079201866,0.979081503343521,0.05857519534712358,0.9906304275906604,0.977671484006717,0.02941026971901964,0.9983134844586057,0.9954622934630238,0.09384681789756306,0.9853184781465345,0.9533344609366265,0.09658563193910778,0.9770243585638227,0.9511886681474537,0.06277898853393397,0.9891103682578981,0.974945977988961
sim-6c4b7c61ca59b5b62d7c1d8adb5bdf54d4a08b09a9763f58d4ceb6c339e13065,3,baseline,2.5440757280424604,0.021867368069881737,15.124397069707026,6.4922503817802735,0.0,0.0,0,8,0,8,0.9405463753295401,1.0,1.0,18,0,18,18,0,18,0,5,0.9818972059020504,0.9593751235229607,1,none,5,5,5,5,0.06609990024329737,0.9903523126856503,0.965621815354174,0.09757917507204097,0.9838983944998138,0.9445762473079872,0.004921535217943829,0.9818972059020504,0.9593751235229607,0.04076433160900662,0.9938883030249276,0.9822919301204908,0.057341945597864256,0.9909234861689407,0.9728771236868374,0.05759086469936586,0.9912295615468087,0.9724399028704372,0.018271773061117384,0.9981123581203833,0.9951339113863111,0.08800790650516448,0.9848555316745946,0.9514567214913588,0.1211517575443116,0.9798267574044526,0.9262037827644058,0.06568672379446769,0.9897598861873496,0.9672667243458368
sim-6c4b7c61ca59b5b62d7c1d8adb5bdf54d4a08b09a9763f58d4ceb6c339e13065,4,baseline,2.546682747596161,0.02648205068325768,12.728583701616074,6.369769962421053,0.0,0.0,0,8,0,8,0.9467721013321643,1.0,1.0,18,0,18,18,0,18,0,5,0.9819902624276164,0.9562560284808306,1,none,5,5,5,5,0.06383309389051244,0.9903142768893135,0.9650531731907721,0.0995522238344799,0.9846757916748383,0.9408024959025307,0.004884761710709834,0.9819902624276164,0.9562560284808306,0.04176206070696254,0.9933035864277028,0.9794343448227482,0.056309744134743635,0.9918138283591054,0.9716106131341719,0.05657580515282575,0.9916281297510022,0.9710959783238409,0.016849167855313485,0.9976517779868359,0.9935216547681516,0.09724587274224208,0.9853359489447919,0.9426491280289275,0.12575244393708768,0.9799224073028986,0.919108610046028,0.06611882500703813,0.9896552546205756,0.9649451383093764
sim-6c4b7c61ca59b5b62d7c1d8adb5bdf54d4a08b09a9763f58d4ceb6c339e13065,5,baseline,2.549438855156337,0.0321816810608959,10.629942861596971,4.935445258013916,0.0,0.0,0,9,0,9,0.900048296960609,1.0,1.0,18,0,18,18,0,18,0,5,0.9824631119189221,0.9569982040611276,1,none,5,6,6,5,0.062554437332551,0.9902837768800784,0.9651570408723212,0.09814851912284976,0.9842493556923052,0.9410723714792371,0.004602773020287188,0.9824631119189221,0.9569982040611276,0.04102771030386047,0.9939022127555284,0.979136409278065,0.05470629556371684,0.9912421176062065,0.971876904575372,0.05543410829811082,0.9912429360968635,0.9711211981563262,0.015518217778226468,0.9975072309705827,0.9933939544063832,0.09499739467204465,0.9843730380255833,0.9433836320383767,0.12347663268242016,0.9800691885755718,0.9198346134686187,0.06584360387103828,0.9897944675120424,0.9644846685340792
sim-6c4b7c61ca59b5b62d7c1d8adb5bdf54d4a08b09a9763f58d4ceb6c339e13065,6,baseline,2.5372472576761744,0.025316116873936673,15.015016567345647,4.198076353778829,0.0,0.0,0,8,0,8,0.9132205215350652,1.0,1.0,16,0,16,16,0,16,0,5,0.981261852069232,0.9556237792032043,1,none,5,5,5,5,0.06244004730455209,0.990156336270318,0.9650422949999071,0.10207526022816017,0.9834985855256174,0.9379108864364939,0.004856525466050884,0.981261852069232,0.9556237792032043,0.03974144641237727,0.993795058155794,0.9796131495824688,0.057829755396225535,0.9906902315185391,0.9697093990463966,0.057120601129767024,0.9908876706993291,0.9698412237770839,0.017222292949280637,0.997223598983865,0.9922218920047161,0.09548987805238641,0.9847520800284144,0.9431492737621417,0.1297273714087516,0.9781392242216391,0.9144195425109597,0.0664761425265639,0.9895781115465947,0.9638070651870767
sim-6c4b7c61ca59b5b62d7c1d8adb5bdf54d4a08b09a9763f58d4ceb6c339e13065,7,prechallenge_demand,2.491491991589951,0.049638018600658584,11.715873070951414,5.337521515781946,0.0,0.0,0,8,0,8,0.8751579623744248,1.0,1.0,17,0,17,17,0,17,0,5,0.9755045515598315,0.9492505973020504,1,none,5,5,5,5,0.06392069102591148,0.9857076475715201,0.9593102572152004,0.1038372457357648,0.9767007481665037,0.9287467278956637,0.004946396934430402,0.9755045515598315,0.9492505973020504,0.042299401877554314,0.9909807592396848,0.9754294550069158,0.056718692578495544,0.9895060177772776,0.9669984762453432,0.0564852275503096,0.9888306358172259,0.9667699535144304,0.01674626226080135,0.9950645045367452,0.9913495828725635,0.09511259742785731,0.9824285438039598,0.9377528912817288,0.13215917389238874,0.9724109253380705,0.9026588556406373,0.06736486830350466,0.9849564008463196,0.9585202651780579
sim-6c4b7c61ca59b5b62d7c1d8adb5bdf54d4a08b09a9763f58d4ceb6c339e13065,8,prechallenge_demand,2.305222624467623,0.11092173471966228,35.575136254121496,39.3387037106645,0.14285714285714285,0.125,1,7,1,8,0.9538879133094071,1.0,1.0,16,0,16,16,0,16,0,4,0.9747009086456377,0.9418188841649974,1,none,5,4,5,5,0.06626759449682203,0.9857171122163965,0.9524004647686896,0.10834771882489858,0.977882298654945,0.9160634833024449,0.005033760409048815,0.9747009086456377,0.9418188841649974,0.04335345921807176,0.9906976143513737,0.9717452763785379,0.05485791729116514,0.9877375360542355,0.9642195781001777,0.05669592881616478,0.9875093090520668,0.962201111442276,0.025816078791516282,0.9946150581372203,0.9842043101950401,0.08981388204592596,0.9800834560539138,0.9345315448539636,0.13282746646626736,0.972700971058674,0.8910218578376574,0.07006651560394501,0.9860412229987262,0.9510326177577285
sim-6c4b7c61ca59b5b62d7c1d8adb5bdf54d4a08b09a9763f58d4ceb6c339e13065,9,prechallenge_demand,2.463191438685611,0.052825179081088636,10.97891723831746,7.117401480351296,0.0,0.0,0,7,0,8,0.8992716241122178,1.0,1.0,16,0,16,16,0,16,0,4,0.9777296973204133,0.9423108288516208,1,none,5,4,5,5,0.06674182858904436,0.9860637120383529,0.9504072582783922,0.10244142748434897,0.9799176400624726,0.9194608131153192,0.004653052647427827,0.9777296973204133,0.9423108288516208,0.04051431957099162,0.9925479062513027,0.9731878529482567,0.05366386883797352,0.9907751838099388,0.9640422483053258,0.056083350133571686,0.9891238060783092,0.9613369933915294,0.02319636840397734,0.9951291329421396,0.9860583787848918,0.09278807701537425,0.9827270561779641,0.9291530003776177,0.12734334641140163,0.9750978832540704,0.8939651974550838,0.06507817730256517,0.9861923680244945,0.9535896304136624
sim-6c4b7c61ca59b5b62d7c1d8adb5bdf54d4a08b09a9763f58d4ceb6c339e13065,10,prechallenge_demand,2.52335190920379,0.04576666765520132,14.989588710335049,8.812079555834078,0.0,0.0,0,8,0,8,0.9164699818533708,1.0,1.0,16,0,16,16,0,16,0,5,0.9737437255771224,0.9419524735123304,1,none,5,5,5,5,0.06558720914088513,0.9861192296223282,0.9508789599368176,0.0993054433337945,0.9774017975045142,0.9216319662838024,0.004797595451074871,0.9737437255771224,0.9419524735123304,0.03848140461798909,0.9917813774799711,0.9742286369359068,0.050184703272601994,0.98922478996501,0.9662792064281123,0.05506758011609267,0.9884144937915951,0.9615914988011066,0.020963485109350553,0.9958889824537528,0.9875463368173559,0.0903039574309635,0.9791050524285922,0.930634172740129,0.12499775504999987,0.9710475973473465,0.895101367512504,0.06730269826471819,0.9855668717725204,0.9513123623297972
sim-6c4b7c61ca59b5b62d7c1d8adb5bdf54d4a08b09a9763f58d4ceb6c339e13065,11,prechallenge_demand,2.444308486899496,0.10393555076325267,19.512388324402167,38.52078084488006,0.0,0.14285714285714285,0,6,1,7,0.9990099219610039,1.0,1.0,15,0,15,15,0,15,0,3,0.9747781577333757,0.9393237250983548,1,none,5,3,4,5,0.06600486603399301,0.9860793551808522,0.9504089896979376,0.10612649247046606,0.976942393475494,0.9149091614634551,0.005032663984833846,0.9747781577333757,0.9393237250983548,0.03757297187246761,0.9933477208475155,0.9748694970089329,0.049224819669472765,0.9891082141509026,0.9668478009552435,0.05287130258454819,0.9887974002889101,0.963290000311768,0.017418790638369302,0.9984741035603608,0.9900864852861755,0.09469038960106198,0.9790515685963621,0.9266534744538578,0.13099437467812056,0.9724966125802877,0.8891245552014306,0.06815410655671884,0.9860271642544025,0.9502392731760927
sim-6c4b7c61ca59b5b62d7c1d8adb5bdf54d4a08b09a9763f58d4ceb6c339e13065,12,prechallenge_demand,2.504702446753167,0.05384756933905226,11.90914986967226,30.3182915501042,0.0,0.125,0,7,1,8,0.9252589913858094,0.9411764705882353,1.0,17,1,16,17,0,17,0,4,0.976887095982688,0.9413067772184148,1,none,5,4,5,5,0.06587861529448659,0.9859453284655983,0.9504978864599725,0.10375445803003347,0.9793287115340118,0.9170626730050387,0.004715178256390406,0.976887095982688,0.9413067772184148,0.03677619551232368,0.9916202598285178,0.9754037164374467,0.05162951656505601,0.9891812368307881,0.9648303031643185,0.05351723037266028,0.9888245570137721,0.9627299960492021,0.01669621001640245,0.9952022430785825,0.9900600741234571,0.0917049410672744,0.9832027349696929,0.9295093337830613,0.12527609217448415,0.9746702127634617,0.8947611294595456,0.06596912745433396,0.9866474835323639,0.9520858621213059
sim-6c4b7c61ca59b5b62d7c1d8adb5bdf54d4a08b09a9763f58d4ceb6c339e13065,13,challenged_demand,2.5816213903634537,0.04491729351969325,20.563979194392804,7.787337667240215,0.0,0.0,0,7,0,9,0.8810468308406117,0.9411764705882353,0.9411764705882353,17,1,16,17,1,16,0,4,0.941887809339053,0.6815897811784736,1,none,5,4,6,5,0.06533609675082538,0.9866555228133024,0.9510021216287363,0.09901593574437298,0.979309693170151,0.9209739787209232,0.004606838142275712,0.941887809339053,0.6815897811784736,0.03804693755378568,0.9917329961336216,0.9744610932438577,0.05321792268190308,0.9885778319593891,0.9635691416835843,0.05367175289553077,0.988555204719586,0.9626540063093515,0.021912446977717003,0.9937455149993932,0.986491736325094,0.0911214316172985,0.9795307352549735,0.9293311621627592,0.11916280647579043,0.9750658517367973,0.8997216562505628,0.06474392961327283,0.9862096132504239,0.9531827379675607
sim-6c4b7c61ca59b5b62d7c1d8adb5bdf54d4a08b09a9763f58d4ceb6c339e13065,14,challenged_demand,2.4467619297780683,0.06326579817249056,16.370179474609245,8.028640396186216,0.0,0.0,0,8,0,7,0.9246061636829981,1.0,1.0,17,0,17,17,0,17,0,4,0.9752124074937494,0.8602255814163227,1,none,5,5,4,5,0.06538880575727507,0.98577092346383,0.9508724529757749,0.10399846769438001,0.9763243111635119,0.9161549905946402,0.004792829144783003,0.9752124074937494,0.8602255814163227,0.039886917273361196,0.99165506549773,0.9729423929644267,0.053350816242512394,0.9885210444584186,0.9634929607807712,0.05543323373874314,0.9881910660556348,0.9612312329872358,0.030350764370354694,0.9925018046625016,0.9806903862580082,0.09921899831306805,0.9769106870506449,0.9213730394260726,0.12455997285620703,0.9724516380009312,0.89506840866793,0.06642570526952736,0.9856980594260881,0.9520626779612087
sim-6c4b7c61ca59b5b62d7c1d8adb5bdf54d4a08b09a9763f58d4ceb6c339e13065,15,challenged_demand,2.3456592794276796,0.1632715414730221,44.58310024860664,29.63176726403284,0.14285714285714285,0.125,1,7,1,8,0.9272574807855007,1.0,1.0,17,0,17,17,0,17,0,4,0.9743016386999664,0.9141671061917549,1,none,5,4,5,5,0.06673163820979314,0.9857872660723495,0.9499658923741287,0.10915500879312069,0.9772212855784627,0.9118982709154334,0.005062073759250621,0.9743016386999664,0.9141671061917549,0.043690353902557905,0.9896261613432238,0.9703776110107654,0.05672007369559578,0.9879031958074322,0.9607827157778757,0.05801920450983766,0.9872728023883156,0.9592379918947394,0.032487168711074155,0.9932231314236071,0.9798184193929323,0.1055120612401566,0.9769366032612873,0.9150500593478357,0.1308252579904302,0.9717156322428786,0.8893774397794713,0.06944207712070502,0.9849457572419308,0.9498799066640494
sim-6c4b7c61ca59b5b62d7c1d8adb5bdf54d4a08b09a9763f58d4ceb6c339e13065,16,challenged_demand,2.5805960763220566,0.03266426046258297,9.506568005928147,6.5876566036904505,0.0,0.0,0,9,0,9,0.9055600131536885,1.0,1.0,18,0,18,18,0,18,0,5,0.9761590157540811,0.9318803096779232,1,none,5,6,6,5,0.0656609699229692,0.9859133118314997,0.9507993624229341,0.10224396610071443,0.9791565598530522,0.9183509137913115,0.004896703310930241,0.9761590157540811,0.9318803096779232,0.04129536370997725,0.992609774506854,0.9721335834586367,0.0533433419978939,0.9894019927962932,0.9636707947919672,0.056622833207305365,0.9888579867829052,0.9604226663331507,0.02792238251763885,0.9960243779030844,0.9830342212789324,0.09678931050709551,0.9825099189014971,0.9235236103561343,0.13095636719994852,0.9734391209354569,0.8886230598814107,0.06608454295442905,0.9866987513432687,0.9525087958516728
sim-6c4b7c61ca59b5b62d7c1d8adb5bdf54d4a08b09a9763f58d4ceb6c339e13065,17,challenged_demand,2.3388229746776514,0.1638802531039304,32.47963594763253,26.395658018755494,0.14285714285714285,0.125,1,7,1,8,0.846240374218496,1.0,1.0,15,0,15,15,0,15,0,4,0.9753972401627228,0.938789080600346,1,none,5,4,5,5,0.06647054767171208,0.9855976316991776,0.9499356465663088,0.10121089935545702,0.978802779945218,0.9194872399503898,0.004770853363801951,0.9753972401627228,0.938789080600346,0.03756698681384173,0.9922233895705491,0.9748310084598595,0.05048167332021138,0.9895628540439662,0.9660052940786549,0.05365934375087267,0.9885810538371718,0.9628199985931167,0.022758651932453067,0.9955188089294684,0.9865885446027801,0.0896707658276629,0.9808425366443314,0.9299668631417771,0.12518345948496765,0.973801381765373,0.8945457172913259,0.06371755464561978,0.9867012056966952,0.9543502518108816
sim-6c4b7c61ca59b5b62d7c1d8adb5bdf54d4a08b09a9763f58d4ceb6c339e13065,18,challenged_demand,2.4369219708908187,0.04602664574342076,11.354686087743902,8.864857574921912,0.0,0.0,0,7,0,7,0.9670694059593176,1.0,1.0,16,0,16,16,0,16,0,4,0.9748780265536432,0.9397947628052192,1,none,5,4,4,5,0.06625301440012836,0.986629691079401,0.9502607357583625,0.10326653423415603,0.9775950252037622,0.9178122482012305,0.0048931968236476525,0.9748780265536432,0.9397947628052192,0.03789532823367157,0.992117681926931,0.9746466757425574,0.053544306344780426,0.9880180632684736,0.963575818744454,0.0551197611607339,0.9882878823534911,0.9616671715632982,0.02375947771000224,0.9945453993418653,0.9857709313689774,0.097877133961268,0.9785890990543356,0.9227499063678994,0.12540697991805763,0.9731734059155048,0.8953291320998956,0.06681866517238626,0.9856418998265378,0.9515836990251576
sim-6c4b7c61ca59b5b62d7c1d8adb5bdf54d4a08b09a9763f58d4ceb6c339e13065,19,postdemand_recovery,2.5387103456619764,0.027343810118367548,18.038019928348312,4.8581432357458745,0.0,0.0,0,8,0,9,0.9077794144054636,1.0,1.0,18,0,18,18,0,18,0,5,0.9823148179077155,0.9471002423747231,1,none,5,5,6,5,0.06390803031840504,0.9902589310084254,0.956824761279321,0.10186508583808736,0.9839166227245507,0.9264012657880739,0.004685878347185414,0.9823148179077155,0.9471002423747231,0.03729359853245443,0.994142663414852,0.9773331120432198,0.055215825721816644,0.9912167520715655,0.9658815785565865,0.05583919647197024,0.991081927205435,0.9649562259288164,0.02393407043986357,0.9971210859739881,0.9868086383427896,0.09811723837258955,0.9836471207311752,0.9305099695068523,0.12278108734123075,0.980441175927739,0.9061557960978924,0.06606749980657683,0.9899771898638204,0.9567919419628754
sim-6c4b7c61ca59b5b62d7c1d8adb5bdf54d4a08b09a9763f58d4ceb6c339e13065,20,postdemand_recovery,2.577533451341192,0.014359160583477262,18.50397942780053,5.2433203749486434,0.0,0.0,0,9,0,8,0.9183919675529874,1.0,1.0,19,0,19,19,0,19,0,5,0.9813435910089766,0.9527765399859502,1,none,5,6,5,5,0.06272446218388339,0.9900875727890687,0.962410210766314,0.10250148721452433,0.9834911923758805,0.9339624367981396,0.004818542953676823,0.9813435910089766,0.9527765399859502,0.03741746846852592,0.9940094783211745,0.9797021134604347,0.055077809976836783,0.991472902341887,0.969732110243012,0.0560346949973029,0.9912330523188916,0.9687002762485633,0.018766749645104955,0.99790849352427,0.9909341694213649,0.10291413046298586,0.9836609494824072,0.9341293761124735,0.12674426919088436,0.9785189570388058,0.9126237210525967,0.06507116915646653,0.9896785628959972,0.962393937143177
sim-6c4b7c61ca59b5b62d7c1d8adb5bdf54d4a08b09a9763f58d4ceb6c339e13065,21,postdemand_recovery,2.584453399935021,0.021188266120541668,7.199390005873636,4.9331194544146655,0.0,0.0,0,8,0,8,0.8811119099230813,1.0,1.0,18,0,18,18,0,18,0,5,0.9816024814927109,0.9537155338502987,1,none,5,5,5,5,0.062381736105275525,0.9902406309351997,0.9641204923828536,0.10464468662169733,0.9832835871315561,0.9347877857810932,0.004931378620652642,0.9816024814927109,0.9537155338502987,0.037826343565900415,0.9944977624166921,0.9802726816494864,0.055385946322083546,0.9910867831183213,0.97062445365528,0.05654471197458759,0.9910137026806741,0.9695116603561695,0.014740898518270231,0.9980252991581681,0.9932895978209396,0.09685054586540874,0.9853762213120207,0.9406557894011178,0.13269233352309673,0.9790226418200468,0.910417219452561,0.06465503272079048,0.989936280600134,0.9642588890567793
sim-6c4b7c61ca59b5b62d7c1d8adb5bdf54d4a08b09a9763f58d4ceb6c339e13065,22,postdemand_recovery,2.558396422277431,0.027790121475734716,22.74209426634735,9.35226392292656,0.0,0.0,0,8,0,8,0.9344694973656623,1.0,1.0,18,0,18,18,0,18,0,5,0.9825625210991444,0.9550230037261135,1,none,5,5,5,5,0.062471607655910644,0.9903794069056141,0.9645666326425657,0.10472559167949742,0.9838591236511302,0.9353302656531439,0.004782450638825807,0.9825625210991444,0.9550230037261135,0.03829603149640054,0.9940114956354648,0.9802271597644726,0.05778249543102833,0.9907670365164879,0.9694534272589107,0.057403676248943034,0.9911169563910884,0.9693249096340908,0.01611297594347294,0.9970532675219412,0.9925395815549457,0.10198570513404001,0.9826805137132419,0.9373542117254272,0.13090618524100348,0.9804462362804531,0.9121286066421185,0.06563271134186215,0.9897919952782113,0.9640765709099753
sim-6c4b7c61ca59b5b62d7c1d8adb5bdf54d4a08b09a9763f58d4ceb6c339e13065,23,postdemand_recovery,2.560665700767357,0.017143387841843213,18.19096623290431,5.965762084903939,0.0,0.0,0,9,0,9,0.9213307184379099,1.0,1.0,18,0,18,18,0,18,0,5,0.982073930758916,0.9561758212832212,1,none,6,5,5,6,0.06265661833928882,0.9899245910226014,0.9645742394192232,0.1032071880543219,0.9840042368618322,0.9366150014263662,0.004696889808999644,0.982073930758916,0.9561758212832212,0.03865543040003149,0.9937817266557127,0.9801020162661866,0.058298011780415875,0.9908787456812518,0.9692499979966273,0.05764208725550702,0.9908833992888715,0.9692954880830523,0.016940717350176493,0.9975111583598358,0.9921625489103015,0.10644203911905746,0.9827626985445532,0.9336290897810512,0.1263165150328196,0.9799265885818226,0.9159950432996667,0.06586917253882868,0.9895763469050538,0.9640307460388292
sim-6c4b7c61ca59b5b62d7c1d8adb5bdf54d4a08b09a9763f58d4ceb6c339e13065,24,postdemand_recovery,2.5584129479324584,0.021321659531842885,19.331217635607523,5.389881341108752,0.0,0.0,0,8,0,8,0.9290914598433372,1.0,1.0,18,0,18,18,0,18,0,5,0.9820302970244101,0.9563937191763805,1,none,5,5,5,5,0.06248794954705437,0.9901507385961369,0.9647787364828593,0.09903086440072359,0.9845544024062695,0.9397392246525583,0.004675656748972855,0.9820302970244101,0.9563937191763805,0.03884808749634217,0.9938127372942099,0.9800355414770574,0.05855864636740121,0.9907655509815545,0.9691043947470939,0.05767159375091352,0.9909368198731103,0.9692941254888522,0.016715807915491206,0.9969532708249282,0.9922350415036721,0.10622495099900124,0.9833003636156518,0.933415842488791,0.1255611666031246,0.9796428233991139,0.9167458281698762,0.0654641017089406,0.9896827662360331,0.9643753696307406
sim-0cb3a29a0db8fd74b7ac140efdd4ea0927232f2d4c8f2ab78e74d0fee07b3afd,1,baseline,1.9727358595750726,0.48432326232169126,152.12385707338075,115.47168444210142,0.8333333333333334,0.7142857142857143,5,6,5,7,0.7319353189452635,0.6666666666666667,0.6666666666666667,15,5,10,15,5,10,0,4,1.0,1.0,1,none,4,4,5,5,0.07986202110139684,0.9881335070872009,0.9807760513175949,0.07065804340870938,0.9897614656407905,0.9875007548351161,0.06629153473999198,0.9913344373040649,0.9906517499218795,0.028034906259991898,0.9953095257389214,0.9928483411429246,0.06588463157271993,0.9939119100296954,0.9909944266915509,0.06852338083498549,0.9928741605513789,0.9891204028772668,0.059059975461639685,0.9978188789124031,0.995659292264808,0.08931526540580188,0.9841833447653726,0.9742719982574961,0.06416019043046907,0.9914379897613078,0.9921390253167098,0.07180958041306747,0.9920372363265108,0.9868711997776232
sim-0cb3a29a0db8fd74b7ac140efdd4ea0927232f2d4c8f2ab78e74d0fee07b3afd,2,baseline,2.5881210581012555,0.018130428767295783,9.682910497037396,5.548269223560798,0.0,0.0,0,9,0,9,0.9617767757401542,1.0,1.0,19,0,19,19,0,19,0,5,1.0,1.0,1,none,6,5,5,5,0.0708073827569659,0.9898657922526765,0.968608010973378,0.08459011753388253,0.9829441193739709,0.9597335975700387,0.08500712303565146,0.9817995776824705,0.9597434953506911,0.0031789418033163533,0.9934936821501169,0.9882533525824099,0.05663573499931844,0.9905612967465763,0.9790815445674721,0.05857501488254995,0.9906330524845284,0.9776717657233519,0.029410255655445208,0.9983134350591625,0.9954623067052977,0.09384525534743532,0.9853502840771184,0.9533361483293982,0.09658594764077867,0.9770309767960457,0.9511890494911373,0.06277802588136457,0.9891132689555442,0.9749468326352394
sim-0cb3a29a0db8fd74b7ac140efdd4ea0927232f2d4c8f2ab78e74d0fee07b3afd,3,baseline,2.54365922624109,0.021383131115491845,15.125095164530368,6.198685487229594,0.0,0.0,0,8,0,8,0.9440562229403106,1.0,1.0,18,0,18,18,0,18,0,5,1.0,1.0,1,none,5,5,5,5,0.0661030517733985,0.9903460741675904,0.965619345166984,0.09728807608725092,0.9839702062697925,0.9448113268205108,0.10072831920065377,0.9830137491929372,0.9428077411256259,0.001678728435971082,0.9936490729991904,0.9860386166005601,0.05753714322024514,0.9908569210154281,0.9727483546459275,0.0575942283591214,0.9912271369120758,0.9724374340558652,0.018669718506838563,0.9978367692164929,0.9948773270186221,0.08778066736994986,0.9848510389073315,0.9516258812045394,0.12115703451868949,0.9797402315102091,0.9261923457212603,0.06569086151366842,0.9897555768742688,0.9672632683379944
sim-0cb3a29a0db8fd74b7ac140efdd4ea0927232f2d4c8f2ab78e74d0fee07b3afd,4,baseline,2.547534381648016,0.02426082787891424,10.921860560037695,6.201329460975854,0.0,0.0,0,8,0,8,0.9274381799505047,1.0,1.0,18,0,18,18,0,18,0,5,1.0,1.0,1,none,5,5,5,5,0.06393494335368655,0.9902858335337866,0.9649834853607784,0.0994035663890966,0.9847344814640856,0.9409290257837184,0.10582838152429719,0.9834609352524498,0.9366430153589709,0.001795583122678709,0.9930303625683089,0.9839704816115102,0.05648936911109099,0.9918174280588987,0.9715036354183239,0.0564422314442716,0.9916012191620422,0.9711745008608156,0.017248158562738695,0.9978348175397046,0.9933441186375817,0.09715407004484221,0.9853725598783193,0.9427200170451621,0.12540099276458846,0.9803984789517015,0.9192641100421434,0.06589830890413992,0.9897303591615416,0.9650952464370138
sim-0cb3a29a0db8fd74b7ac140efdd4ea0927232f2d4c8f2ab78e74d0fee07b3afd,5,baseline,2.5973870430331707,0.029041627917739392,10.733559728497804,5.192351295428426,0.0,0.0,0,9,0,9,0.9590414572349732,1.0,1.0,18,0,18,18,0,18,0,5,1.0,1.0,1,none,5,6,6,5,0.06273371473486054,0.9901991290726848,0.9650120112988195,0.09717988334228381,0.9849284368134599,0.9417936536677132,0.10275437040393112,0.9841168172327687,0.9378760347097416,0.0016624697134757606,0.9939426096146426,0.9840934328852187,0.05500626304752384,0.9913317655537309,0.9716919255125841,0.05582447171714644,0.9911921635422262,0.970853803672342,0.014814051509092074,0.9975851626920558,0.9937244388655638,0.08911927642812997,0.986558176128895,0.9477154607186751,0.12110137052903659,0.9806360322164953,0.9213804915227204,0.06515129961463181,0.990069930328518,0.964963458752803
sim-0cb3a29a0db8fd74b7ac140efdd4ea0927232f2d4c8f2ab78e74d0fee07b3afd,6,baseline,2.5782170299635037,0.020067810531380077,11.61020984005916,4.1573644518989745,0.0,0.0,0,8,0,8,0.919119343890642,1.0,1.0,18,0,18,18,0,18,0,5,1.0,1.0,1,none,5,5,5,5,0.06227891965585728,0.9901853725025113,0.9650294362184871,0.09968388517182894,0.9834925572338061,0.9397217909359898,0.10646434132234449,0.9819691908911584,0.9348719687317966,0.001614300907219734,0.9936213572557184,0.9844930820659471,0.05714156157221544,0.9911126860367264,0.9701811980201387,0.05727718720338795,0.990903775054803,0.969747450668757,0.014740458074692018,0.9976918440264511,0.9934128551542593,0.0901698853923952,0.9846998621072777,0.9466826163866219,0.13005842135430595,0.9776543260103988,0.9141380896531361,0.06524537027539261,0.9895680611402236,0.9646617877538071
sim-0cb3a29a0db8fd74b7ac140efdd4ea0927232f2d4c8f2ab78e74d0fee07b3afd,7,prechallenge_demand,2.446733445463724,0.07668743923567367,15.620753156151501,8.451189723595553,0.0,0.0,0,8,0,8,0.8821827817423777,1.0,1.0,17,0,17,17,0,17,0,5,1.0,1.0,1,none,5,5,5,5,0.06564128362732154,0.9851427643282289,0.9577734003299131,0.10652006622990465,0.9759201876612003,0.9257897829781003,0.11231772347036499,0.9759531955085949,0.9216407469990706,0.0021787461502544006,0.9889606979274382,0.9781026887123245,0.05442231463321898,0.9895814863021373,0.9686728488106018,0.05641542301516519,0.9887049594402467,0.9667786209725588,0.021400466470394734,0.9934776316188793,0.9881138484695899,0.09977865463983354,0.979824403252916,0.9329708419464096,0.13496692653731282,0.9713176763894528,0.899368473111118,0.07346321615758092,0.9829951516587874,0.9529379424715506
sim-0cb3a29a0db8fd74b7ac140efdd4ea0927232f2d4c8f2ab78e74d0fee07b3afd,8,prechallenge_demand,2.3185664860894004,0.12396337920790862,34.03842711849565,33.26112933489925,0.14285714285714285,0.125,1,7,1,8,0.987104701514175,1.0,1.0,16,0,16,16,0,16,0,4,1.0,1.0,1,none,5,4,5,5,0.0675157137923539,0.9855144994314219,0.9513886608608867,0.10952795780377417,0.977352226894278,0.914662321330796,0.11489304339556597,0.9750950442300689,0.9099394512882896,0.0019048862013765885,0.9898468577160825,0.9767325512704174,0.05449669617512876,0.9881778461317843,0.9646517058199454,0.0558536256197535,0.9882678451312679,0.963062992473409,0.02812236983301296,0.9941262485128698,0.9826344734717332,0.09392765061917518,0.9795247778087481,0.9305901692385113,0.137464996277193,0.970650889097282,0.8857914584717562,0.07323573891886437,0.984929336003909,0.9480647785293032
sim-0cb3a29a0db8fd74b7ac140efdd4ea0927232f2d4c8f2ab78e74d0fee07b3afd,9,prechallenge_demand,2.414623583502593,0.06277388350309558,9.090066372295004,7.655572855923821,0.0,0.0,0,7,0,7,0.9643888025607787,1.0,1.0,16,0,16,16,0,16,0,4,1.0,1.0,1,none,5,4,4,5,0.06816091856594952,0.9857448070935827,0.9493288846430012,0.10706325977887374,0.9780946057972026,0.9145862767529553,0.11344315895863243,0.9771174163739366,0.9088074962945966,0.0018297370085597067,0.9910489100691545,0.9766825908399249,0.05526049709699159,0.9886173890978602,0.962597789207366,0.05657844296791012,0.9883991857621054,0.9609426115022469,0.02805626483629124,0.9933944957182487,0.9825971097632739,0.09932477466899328,0.9796682281645667,0.9229984696241046,0.13597431314310723,0.9717767660032084,0.8845542944132804,0.07123047806263554,0.9857677901560702,0.9480565801804591
sim-0cb3a29a0db8fd74b7ac140efdd4ea0927232f2d4c8f2ab78e74d0fee07b3afd,10,prechallenge_demand,2.538384652653546,0.03933328892083603,14.193006173440986,5.02491910192517,0.0,0.0,0,9,0,9,0.8745661721425483,1.0,1.0,18,0,18,18,0,18,0,5,1.0,1.0,1,none,5,6,6,5,0.06676228671929257,0.9858890343009454,0.9499661219113459,0.10563061221482106,0.9757952861154112,0.9151379870200647,0.11191816750126085,0.9755336601818028,0.9095798346137461,0.0016915733883987594,0.9908038411394429,0.9779845815232782,0.05436804021192978,0.9885131240456335,0.9629683217187246,0.055720869532882904,0.988129384660233,0.961305010643017,0.026466859605599354,0.9942910252943923,0.9836834727937025,0.09815136664216581,0.979158612814244,0.92337831943687,0.13256573587941006,0.9709014006126893,0.8873234426398507,0.06790221970325849,0.9856170782138169,0.9504855024442286
sim-0cb3a29a0db8fd74b7ac140efdd4ea0927232f2d4c8f2ab78e74d0fee07b3afd,11,prechallenge_demand,2.3185101071458933,0.14428441396634054,44.79300922469031,32.69526873760136,0.14285714285714285,0.125,1,7,1,8,0.9414300125889696,1.0,1.0,15,0,15,15,0,15,0,4,1.0,1.0,1,none,5,4,5,5,0.06672379395816795,0.9859726671565349,0.9498192267528525,0.11021568095603755,0.9773741519239922,0.9105271093464221,0.1126879508003893,0.9771670965277213,0.9086933329468907,0.0018461533353651641,0.9914974493222503,0.9770007752188535,0.05200900871293929,0.9903034398076842,0.9647181559684176,0.05416580812737828,0.9891795436629485,0.9623787122211631,0.024514442748333087,0.997000765399075,0.985388634357523,0.09771400099684152,0.9781705963149547,0.923019920928212,0.1356403788043645,0.9725557122997063,0.8838229603065505,0.06972244454695867,0.9854317547374472,0.9486363722602122
sim-0cb3a29a0db8fd74b7ac140efdd4ea0927232f2d4c8f2ab78e74d0fee07b3afd,12,prechallenge_demand,2.44662628877492,0.062057385851806916,16.2536480384681,14.20562969440071,0.0,0.0,0,7,0,8,0.894236873002171,1.0,1.0,16,0,16,16,0,16,0,4,1.0,1.0,1,none,5,4,5,5,0.06703026699536205,0.9854555445994713,0.9495108930209156,0.10929394090080999,0.9760761534701883,0.9114108099917646,0.1131949038458895,0.9744105443593392,0.9079698290042243,0.0016904880407011898,0.9901766238669784,0.978156161813605,0.051787226446952175,0.988572193418197,0.9647985331853818,0.05493201877063686,0.9881465342679604,0.961728460370879,0.023146654254060026,0.9936604485500482,0.9859943779349879,0.1001680627227611,0.9798024465717626,0.9212515196874542,0.1343512992061162,0.9698365374065554,0.8845483422929238,0.06851321184499368,0.9853358361632054,0.9497966136305277
sim-0cb3a29a0db8fd74b7ac140efdd4ea0927232f2d4c8f2ab78e74d0fee07b3afd,13,challenged_demand,2.533593651994151,0.040113999000959855,18.599774065360698,11.90468895463789,0.0,0.0,0,9,0,8,0.8316064636806211,0.9411764705882353,1.0,17,1,16,17,0,17,0,5,1.0,1.0,1,none,5,6,5,5,0.06700163681549952,0.9859984026565396,0.9495707420716338,0.10685381939326455,0.9782110813375967,0.9135866908790817,0.11142589826163388,0.9779896849706163,0.9097780307926339,0.0016449288391781158,0.9921591939040165,0.9785325520140155,0.05271204999898488,0.9891098221615698,0.9641139972109913,0.054201634656479425,0.9883398478383608,0.962378526921409,0.026412936791223807,0.9946643220581193,0.9838387101023673,0.09754894330525181,0.9802225598181885,0.9232151850019218,0.13036752333521134,0.9744043191431537,0.8888311302075369,0.06724385770334519,0.9866196881202681,0.9510842801689707
sim-0cb3a29a0db8fd74b7ac140efdd4ea0927232f2d4c8f2ab78e74d0fee07b3afd,14,challenged_demand,2.564133619399561,0.05520763166377667,16.443340128334377,10.490590760322144,0.125,0.0,1,8,0,8,0.9387187938878006,1.0,1.0,18,0,18,18,0,18,0,5,1.0,1.0,1,none,5,5,5,5,0.06613106206180418,0.9859195274988445,0.9502146922482588,0.10125062953623137,0.9790899514268442,0.9190114793136893,0.10566447699957815,0.9782828706884806,0.915373842695074,0.0015665673082868195,0.99162927862101,0.9796713134025291,0.05091825198895103,0.9883949506156285,0.965593104655881,0.05531887996561336,0.9878003020319948,0.9615114471021428,0.026855443495038784,0.9940419623978457,0.983423375287663,0.0923599024507929,0.9807188051461708,0.9282496584138777,0.12297323167171918,0.9753191527089573,0.8963112648441592,0.06617346772244209,0.9857467803023073,0.9523085970352111
sim-0cb3a29a0db8fd74b7ac140efdd4ea0927232f2d4c8f2ab78e74d0fee07b3afd,15,challenged_demand,2.497375954624334,0.042630296456121916,13.475151130576203,26.6010329397702,0.0,0.125,0,7,1,8,0.834233396540562,1.0,1.0,17,0,17,17,0,17,0,4,1.0,1.0,1,none,5,4,5,5,0.06676175052820145,0.9861659380418767,0.9496469875451352,0.10340705908699005,0.978812172966501,0.9169125726367315,0.1069094327563088,0.9772039088350855,0.9142070515645304,0.0017653536655814859,0.9909347680611048,0.9782776329276343,0.056778754661481926,0.9878286169070973,0.9607374017447781,0.05721691058162185,0.9883616466388324,0.9599510608404901,0.026230820534149032,0.9954462898213958,0.9838815838009332,0.09518976592295786,0.9790680652637926,0.9261100404511976,0.12231863547239882,0.9739352162012836,0.8972038629433684,0.06741493194287193,0.9861107160600219,0.9511380001596479
sim-0cb3a29a0db8fd74b7ac140efdd4ea0927232f2d4c8f2ab78e74d0fee07b3afd,16,challenged_demand,2.4728396515361935,0.07553968470589989,7.9231232182989455,6.858283109869986,0.0,0.0,0,8,0,8,0.8780047538198309,1.0,1.0,18,0,18,18,0,18,0,5,1.0,1.0,1,none,5,5,5,5,0.0656653298747691,0.9853815412341175,0.9505114596165929,0.1006010249241982,0.9765552176645705,0.9193629777346464,0.108749828713627,0.9746649837343849,0.9120432340855581,0.0018233391477022356,0.9894086077545985,0.9774676334586393,0.05732295393349573,0.987057866785924,0.960236016018541,0.056505693536739114,0.9874158992983446,0.9603865847149525,0.027748621334159233,0.9923239013135078,0.9823773358350806,0.09869255084714332,0.9786547302537428,0.9228540589833905,0.1280562627820522,0.968757654798649,0.8911179909945133,0.06743605559541141,0.9838413906070279,0.9508403445895384
sim-0cb3a29a0db8fd74b7ac140efdd4ea0927232f2d4c8f2ab78e74d0fee07b3afd,17,challenged_demand,2.487817938068594,0.05062172005876562,10.812550306532836,31.082188685769278,0.0,0.125,0,6,1,8,0.8677156164656477,1.0,1.0,15,0,15,15,0,15,0,3,1.0,1.0,1,none,5,3,5,5,0.06776124354163834,0.9856496463163876,0.9487923072445315,0.10557717713719447,0.9787417028196407,0.9154853759633242,0.1107085748227029,0.9780515613630048,0.9105977007711327,0.0017584455428314631,0.9923165216723189,0.9776143458687964,0.05598183307719099,0.9889928309999316,0.9616416549155831,0.05658198094827526,0.9888056341907201,0.9604614697693837,0.028352565809816134,0.9959446003757662,0.9827255045879203,0.09553524659156767,0.9804023491500048,0.9256512721469171,0.1284905999768949,0.9761304154516178,0.8912388206875078,0.07181842697490108,0.9852658458940777,0.9471829403471125
sim-0cb3a29a0db8fd74b7ac140efdd4ea0927232f2d4c8f2ab78e74d0fee07b3afd,18,challenged_demand,2.435413696678929,0.06055293996662901,19.860194829430746,8.186866788229988,0.125,0.0,1,8,0,7,0.9557328443805295,0.9411764705882353,1.0,17,1,16,17,0,17,0,4,1.0,1.0,1,none,5,5,4,5,0.06766534408260026,0.9858784319254369,0.9489909793772872,0.10697069773180384,0.9764878549619253,0.9138947962344077,0.11022467068326328,0.9761443233793504,0.911137491937179,0.0016500509058591897,0.9912434887769819,0.9787309039839648,0.0533966027105768,0.9891961414744588,0.9637436808926654,0.05553866457914019,0.9883703298403427,0.9612922799032139,0.024138537851740624,0.9948356582919962,0.9857291475988252,0.0992782996790464,0.9781426713242197,0.9220250847087316,0.12737214149886433,0.9712564188029394,0.8922169032844117,0.07229152108969576,0.9850632581429607,0.9465786250568334
sim-0cb3a29a0db8fd74b7ac140efdd4ea0927232f2d4c8f2ab78e74d0fee07b3afd,19,postdemand_recovery,2.557599781364181,0.01682707325389869,14.875242355216951,4.211060212210407,0.0,0.0,0,8,0,8,0.9489265385278487,1.0,1.0,18,0,18,18,0,18,0,5,1.0,1.0,1,none,5,5,5,5,0.0660289553273494,0.9901216066089139,0.9550860542730512,0.10499435188930116,0.9842322314866835,0.9231195576642752,0.11010063578732271,0.9830856136501314,0.9193590590701551,0.0015934312920591186,0.9939119333573824,0.9811124228727915,0.054584076381582164,0.9915749452327052,0.9660591352042915,0.055010783938488204,0.9914470040720548,0.9653547404894832,0.025117683836073667,0.9966539950433465,0.9862642702595263,0.09855556635526144,0.9851435704924807,0.9296200142876301,0.13022650036705646,0.9795084542638118,0.8992631460378782,0.06881826566595149,0.9898753035308371,0.954168042452219
sim-0cb3a29a0db8fd74b7ac140efdd4ea0927232f2d4c8f2ab78e74d0fee07b3afd,20,postdemand_recovery,2.5469801072339107,0.019234907559541135,19.69566864202003,4.9884210451571835,0.0,0.0,0,9,0,9,0.9366347914809188,1.0,1.0,18,0,18,18,0,18,0,5,1.0,1.0,1,none,5,6,6,5,0.06379870764738249,0.9901282655194865,0.961603801301536,0.10162813507314546,0.9844104620909676,0.9340178109587784,0.10709319208876661,0.9835765303497932,0.9303557630743187,0.0015749140420585944,0.9943312635101184,0.9837105789646375,0.054636889922938976,0.9912037305248762,0.969829046357779,0.05551081446718307,0.9912736366342513,0.9689608926782567,0.02030666725395026,0.997977419391195,0.9903034482028495,0.09929978958237769,0.9842309611002594,0.9365501285521276,0.12831682157803218,0.9801945186150978,0.9108568091022847,0.06594182682730734,0.9901306507629029,0.9615183177354891
sim-0cb3a29a0db8fd74b7ac140efdd4ea0927232f2d4c8f2ab78e74d0fee07b3afd,21,postdemand_recovery,2.5559559258361935,0.015967184503143134,20.300478545941523,3.977749604472357,0.0,0.0,0,8,0,8,0.9850389299428277,1.0,1.0,18,0,18,18,0,18,0,5,1.0,1.0,1,none,5,5,5,5,0.06268623025353984,0.9902482681466095,0.9639325181309716,0.09996591897139089,0.9840709738952517,0.9380855277207845,0.1076588506988436,0.9825774674543689,0.9327260575544618,0.0015242417757905398,0.99373445807026,0.9851108099304263,0.05452750100620191,0.9913482510464164,0.9711075425725094,0.05568501986828449,0.991075570952781,0.9700710062202831,0.01551000030052843,0.9975786172568791,0.9930561716123504,0.10161619790525046,0.9824006632357775,0.9366887695811436,0.12955764385977872,0.9786893856101339,0.9135102086607915,0.06474494918142133,0.9897146198915968,0.9640654919098153
sim-0cb3a29a0db8fd74b7ac140efdd4ea0927232f2d4c8f2ab78e74d0fee07b3afd,22,postdemand_recovery,2.5610561502042657,0.026785660695439237,4.794421667989105,3.6024125315758537,0.0,0.0,0,8,0,8,0.9456974981540648,1.0,1.0,18,0,18,18,0,18,0,5,1.0,1.0,1,none,5,5,5,5,0.06233018108737043,0.9902179563941411,0.9646656864791874,0.10180939164287883,0.9834214943804759,0.9376397490308515,0.10857479863411455,0.9826526562242127,0.9329268677750033,0.0017228739432469428,0.993262969855001,0.9840873247090866,0.05639662149091139,0.9909768801537996,0.9703031369208424,0.056426391933699895,0.9912657238958575,0.969985642708464,0.015587529097485306,0.9976022083397785,0.9930138421451352,0.10054034129672589,0.986346942270843,0.9387233342523299,0.13212423436571508,0.9785443562815133,0.9124129024039539,0.06489902332349524,0.9899235263096926,0.9645536305744083
sim-0cb3a29a0db8fd74b7ac140efdd4ea0927232f2d4c8f2ab78e74d0fee07b3afd,23,postdemand_recovery,2.52615187486945,0.026992775388142123,9.218836070834085,5.015161693179639,0.0,0.0,0,8,0,8,0.967670085297919,1.0,1.0,18,0,18,18,0,18,0,5,1.0,1.0,1,none,5,5,5,5,0.06259153506116526,0.9901824785193504,0.9646295973066088,0.1006657848484537,0.9849685949052318,0.9387844086430738,0.10832856060099527,0.9832689116811755,0.933297877076551,0.0016176863001954962,0.9940421439462848,0.9843483773025022,0.05668252782499747,0.9914875119019075,0.9702845968828804,0.05600530967691002,0.991388773959039,0.9703629080173025,0.01448985257999777,0.9977574842478169,0.993609640741459,0.09012359367212923,0.9864513171152436,0.9469641144037196,0.12984667783883042,0.9806001127158099,0.9141753587793228,0.06550270265598768,0.9896731657364746,0.964294716410534
sim-0cb3a29a0db8fd74b7ac140efdd4ea0927232f2d4c8f2ab78e74d0fee07b3afd,24,postdemand_recovery,2.5953055240982374,0.02931564153402053,10.500755144493496,2.0206696514820743,0.0,0.0,0,9,0,9,0.9082839560545499,1.0,1.0,18,0,18,18,0,18,0,5,1.0,1.0,1,none,6,5,5,6,0.06274430647174636,0.9901150114391688,0.9645788184694434,0.100268247811449,0.9838852914793704,0.9388947971826873,0.10729506066351667,0.9833703318651174,0.9339793113657081,0.0017233322118858268,0.9930950897789487,0.9839738182026732,0.05585141754116926,0.9917291356741857,0.9707844495387621,0.05642913781774184,0.9911517950854855,0.9701042099860249,0.016996039215347623,0.9970966010416225,0.9921754823825893,0.09532433259423392,0.9853214055253224,0.9435183872054714,0.12387629730940947,0.9809646509940642,0.9185596741999581,0.06573774145350512,0.9898232375820439,0.9641932900447756
sim-6ac0e53152e313f4016a652326f513715b81bfaeda7d7d15576c055453cc565c,1,baseline,1.9727358595750726,0.48432326232169126,152.12385707338075,115.47168444210142,0.8333333333333334,0.7142857142857143,5,6,5,7,0.731921941612625,0.6666666666666667,0.6666666666666667,15,5,10,15,5,10,0,4,0.995411322239629,0.9920644869556792,1,none,4,4,5,5,0.07986202576964903,0.9881335656516418,0.9807760424241676,0.07065802558912443,0.9897615672073965,0.9875007417531999,0.06629152285597396,0.9913344335419694,0.9906517537124215,0.064256614154294,0.995411322239629,0.9920644869556792,0.06588459105560164,0.9939118628539726,0.9909944321056888,0.06852336795266871,0.9928741760368772,0.9891204006061687,0.059059976584761385,0.9978188789189714,0.9956592922486114,0.08931534600659867,0.9841835098723775,0.974271978624673,0.06416022954229846,0.9914380644498232,0.9921390163547603,0.0718095949307981,0.992037212727049,0.9868712031760484
sim-6ac0e53152e313f4016a652326f513715b81bfaeda7d7d15576c055453cc565c,2,baseline,2.5881210581012555,0.018130428767295783,9.682910497037396,5.548269223560798,0.0,0.0,0,9,0,9,0.9620296188214035,1.0,1.0,19,0,19,19,0,19,0,5,0.9937221755535466,0.9855800632463286,1,none,6,5,5,5,0.07080686136362394,0.9898636176023672,0.9686083176146506,0.08458950510744302,0.9829408612524235,0.9597339555485844,0.08500633979743481,0.9817970680743092,0.9597439320868604,0.04569093935352966,0.9937221755535466,0.9855800632463286,0.05663532479201014,0.9905605249529351,0.9790817976044728,0.05857481732086576,0.9906316140735594,0.9776718043844729,0.02941014777669438,0.9983131747393205,0.9954623307917764,0.09384580361231672,0.985322604348999,0.9533351703930586,0.09658495923189077,0.9770278146749224,0.9511895350470506,0.06277795092951187,0.989110141825506,0.9749466971621964
sim-6ac0e53152e313f4016a652326f513715b81bfaeda7d7d15576c055453cc565c,3,baseline,2.5453126681623517,0.021433383898714038,15.122599656347555,6.372661538417673,0.0,0.0,0,8,0,8,0.9379739475244312,1.0,1.0,18,0,18,18,0,18,0,5,0.9939547909323713,0.9823298526415586,1,none,5,5,5,5,0.06610058538007377,0.990347203391529,0.9656208725830752,0.09742636119819623,0.9839191076915471,0.9446994471829389,0.10052803935911499,0.9830984697486902,0.9429388014584734,0.040702116563376384,0.9939547909323713,0.9823298526415586,0.05734163977424605,0.9909187022433129,0.9728768123998587,0.05759154305504188,0.9912246219715511,0.9724388843182898,0.018359674327228077,0.9979276303607945,0.9950805191380538,0.08801308533693654,0.9848103486303582,0.9514499539301853,0.12096159880059729,0.9798674571351514,0.9263629509000045,0.06568783308752663,0.9897517609842209,0.9672650453126679
sim-6ac0e53152e313f4016a652326f513715b81bfaeda7d7d15576c055453cc565c,4,baseline,2.5458550299039704,0.026594704073968717,10.815033349049312,6.662125505631514,0.0,0.0,0,8,0,8,0.9260276638117715,1.0,1.0,18,0,18,18,0,18,0,5,0.9933075316322774,0.979553477517256,1,none,5,5,5,5,0.06393757077934177,0.9902921260182231,0.9649819405620703,0.09961969754974123,0.9846879064944442,0.9407501302766158,0.10569568318673267,0.9834635788940115,0.936709201328089,0.04151818696402587,0.9933075316322774,0.979553477517256,0.056351963795028735,0.9918200106702226,0.9715909777521549,0.05644497045734279,0.9916037215126474,0.9711734128442702,0.017095422003189722,0.9978325115213946,0.9934422723982982,0.0974557432769872,0.9852583285370567,0.9424823663499123,0.12517913771642178,0.9804615259532027,0.9194753677689278,0.06590269436841237,0.989732854151438,0.9650926078794372
sim-6ac0e53152e313f4016a652326f513715b81bfaeda7d7d15576c055453cc565c,5,baseline,2.563176696901352,0.029364816953115578,17.504500892340857,7.761195491774164,0.0,0.0,0,9,0,9,0.9385456523001656,1.0,1.0,18,0,18,18,0,18,0,5,0.9939010241872922,0.9792180394514404,1,none,5,6,6,5,0.06260493925474357,0.9903293044140024,0.9651126881320617,0.09817631325138716,0.9843115563017802,0.9409937634224272,0.10253339196574461,0.9840789634810924,0.938069868537296,0.040877621776411355,0.9939010241872922,0.9792180394514404,0.05534746892346098,0.9909505988908046,0.971457175071564,0.055906682356808075,0.9911329573884073,0.9708159420971167,0.014988644058466054,0.9975991745050347,0.9936987821933415,0.09564279009246542,0.9838226851047722,0.9427958654139017,0.1214533872617275,0.980072504275048,0.9211181059956995,0.06546733885013432,0.9900450731891742,0.9647500550845978
sim-6ac0e53152e313f4016a652326f513715b81bfaeda7d7d15576c055453cc565c,6,baseline,2.533468887025187,0.02718383945166539,13.176594005118229,3.043318303382221,0.0,0.0,0,8,0,8,0.9115935908578698,1.0,1.0,16,0,16,16,0,16,0,5,0.9939311753367319,0.979824496453864,1,none,5,5,5,5,0.0625434411842788,0.9900672509993261,0.9649295238969714,0.10131334178799793,0.9835915183080564,0.9384487735156554,0.10691178185392608,0.9819444332463015,0.934582193318161,0.03939475900935673,0.9939311753367319,0.979824496453864,0.05830416695202454,0.9907136197047669,0.9693994152215273,0.05750426193156801,0.9908818913535592,0.9696075904765766,0.016935249549894713,0.997323136174108,0.9923319970783441,0.09746322282864608,0.9850245115537807,0.9414647380339487,0.13019627141484866,0.9778928980778675,0.9139248119050332,0.06530134208760766,0.9897166501600081,0.9646096732537967
sim-6ac0e53152e313f4016a652326f513715b81bfaeda7d7d15576c055453cc565c,7,prechallenge_demand,2.458156395755884,0.065401443318069,11.845347004330716,4.899359959337639,0.0,0.0,0,8,0,8,0.9130726111833394,1.0,1.0,17,0,17,17,0,17,0,5,0.991196113743594,0.9756682139429663,1,none,5,5,5,5,0.06391433053793626,0.9859428053769043,0.9593190944022114,0.10321635569214185,0.9770763417573541,0.9293534614652276,0.10925533801937266,0.9772367959775902,0.9250275568927686,0.0419125025187024,0.991196113743594,0.9756682139429663,0.05744526585540333,0.9887925059981726,0.9664141450550989,0.056796565198049515,0.988535854952207,0.9665239769254629,0.017808919849598013,0.9951066889741549,0.9905467863762062,0.09634011344155925,0.9806685433426012,0.936104155418248,0.1312546677009853,0.9728749920170867,0.9034235865595139,0.0683823367843452,0.9844736899401753,0.9573766624338257
sim-6ac0e53152e313f4016a652326f513715b81bfaeda7d7d15576c055453cc565c,8,prechallenge_demand,2.3852374576203594,0.12006298989450884,30.90899169193423,29.64799943597489,0.14285714285714285,0.125,1,7,1,8,0.8946720390824258,1.0,1.0,17,0,17,17,0,17,0,4,0.9905137557890971,0.9722308661977069,1,none,5,4,5,5,0.06620096340906016,0.9854913350798115,0.952465731778889,0.10609368953598415,0.9785262416083463,0.9185860591360218,0.11008842891495282,0.9769973280647666,0.9151685339773596,0.04247006882166586,0.9905137557890971,0.9722308661977069,0.05563229297709183,0.9886938971696635,0.9636643664168552,0.05541733624532962,0.9887703964794821,0.9633917239735921,0.021436965562756278,0.9953404648722988,0.9873088531444557,0.09801252157752934,0.9786890301087517,0.9266224892284408,0.132185014030396,0.9727323056322418,0.8915470911368119,0.06883073552958681,0.9864109843755665,0.9524657453167613
sim-6ac0e53152e313f4016a652326f513715b81bfaeda7d7d15576c055453cc565c,9,prechallenge_demand,2.4349269468792665,0.045908338994811004,9.50372720622141,9.82941050579915,0.0,0.0,0,7,0,7,0.9223686393476563,1.0,1.0,16,0,16,16,0,16,0,4,0.9904662866910199,0.9689441967497803,1,none,5,4,4,5,0.06752721963229463,0.9857782067352269,0.9498299504059058,0.10581072297452232,0.9770199214014282,0.9160287575215579,0.10877820291413158,0.9765934861335427,0.9135527884120447,0.04535669963128657,0.9904662866910199,0.9689441967497803,0.05538289387741905,0.9879403114235813,0.9624243608790158,0.05583272989304029,0.9878404484363229,0.9615230646563787,0.026932695784362387,0.9926159070801961,0.9831944073269409,0.09951199239661089,0.9791837138378475,0.9228570143893472,0.13029954623927695,0.9715774611522582,0.8903614670434242,0.0704496642865905,0.9842480953497097,0.949044269786728
sim-6ac0e53152e313f4016a652326f513715b81bfaeda7d7d15576c055453cc565c,10,prechallenge_demand,2.500181415742049,0.05812500406595061,19.921760593227805,6.515147643242644,0.0,0.0,0,8,0,8,0.9317296307180575,1.0,1.0,18,0,18,18,0,18,0,5,0.990922828046741,0.9705663711115865,1,none,5,5,5,5,0.06725661035177703,0.9860444024219459,0.9495594898512857,0.10685291950935268,0.9772503064760523,0.9139180197864692,0.11263721398005536,0.9752812343423208,0.9089920506170616,0.04320048001078921,0.990922828046741,0.9705663711115865,0.05621976936850813,0.9890504563406171,0.961501783239237,0.05620420567895851,0.9888708699199974,0.9609323828828279,0.03148523123546268,0.9921323499548681,0.9800029143957794,0.09849658330227279,0.9800044642847224,0.9230565069490158,0.13334015034558283,0.9701750051376055,0.8866792023106448,0.06917776279508152,0.9860430309713772,0.9497111210861727
sim-6ac0e53152e313f4016a652326f513715b81bfaeda7d7d15576c055453cc565c,11,prechallenge_demand,2.4317260939435026,0.145968189530832,38.043132304598174,28.05141165958714,0.125,0.1111111111111111,1,8,1,9,0.9083625569743012,1.0,1.0,17,0,17,17,0,17,0,5,0.9914313983460148,0.9701212481936597,1,none,5,5,6,5,0.06588069572135671,0.986001811808336,0.9504981976937869,0.10735999069810484,0.9772068129490065,0.9131582137676619,0.11303150859747824,0.9771197358758748,0.9082483850516259,0.04384095294056326,0.9914313983460148,0.9701212481936597,0.05226987961020912,0.9896782470867427,0.9645250346610807,0.05423983925853605,0.9885924947166868,0.962344208621126,0.027551843274347333,0.9973854436508812,0.9834354809920639,0.09320341689517816,0.9802826838216476,0.9281206446781239,0.1369143959440405,0.971417851654318,0.8823440787173843,0.06777831364825403,0.9862776559408994,0.950702320769196
sim-6ac0e53152e313f4016a652326f513715b81bfaeda7d7d15576c055453cc565c,12,prechallenge_demand,2.379743475432711,0.07328503516620138,9.839438494211251,9.08127026256801,0.0,0.0,0,7,0,7,0.8929515875371399,1.0,1.0,16,0,16,16,0,16,0,4,0.9909965742874569,0.9715839296802301,1,none,5,4,4,5,0.06661228961812735,0.9856674439788065,0.949868974556718,0.10716640314291254,0.9777570841390538,0.9135871157513766,0.11251437605901342,0.9764145204174756,0.9087057062104527,0.04216462725650724,0.9909965742874569,0.9715839296802301,0.05495089650367163,0.9875603983222386,0.9622044027764309,0.05649210703098061,0.9878742135958622,0.9604555320054919,0.02494576550802529,0.9942804316014155,0.9849354843494807,0.09817283381377183,0.9795222063681913,0.9236480676910387,0.1349691567022988,0.9729783699913009,0.8840216413864513,0.06657237083757882,0.9859448374802323,0.9518433912290459
sim-6ac0e53152e313f4016a652326f513715b81bfaeda7d7d15576c055453cc565c,13,challenged_demand,2.5667792473900946,0.03963726263768934,9.398222898465422,8.039586455046821,0.0,0.0,0,9,0,9,0.9216192044185691,1.0,1.0,18,0,18,18,0,18,0,5,0.9572748162887397,0.6834068881768873,1,none,5,6,6,5,0.0657146546830978,0.9864859686283636,0.9507034212002697,0.10111102372244707,0.9791714645462348,0.919138176891044,0.10618077056518753,0.97798068355665,0.9145469752062483,0.0409045460628073,0.9572748162887397,0.6834068881768873,0.054015312302949835,0.9890613200011839,0.9631980002569964,0.053841321245828924,0.9887773166539673,0.9627807334734098,0.02347661141737346,0.9949362168166372,0.986001750790523,0.08843679684657257,0.9832287870857868,0.9324832799568517,0.12421671040135084,0.9742111928111865,0.8939769437514042,0.06602705825536676,0.985976881834347,0.952365140596547
sim-6ac0e53152e313f4016a652326f513715b81bfaeda7d7d15576c055453cc565c,14,challenged_demand,2.581617666705341,0.042853814761614845,13.075462407856302,7.439610047233133,0.0,0.0,0,8,0,8,0.9460552291147752,1.0,1.0,18,0,18,18,0,18,0,5,0.9926396050725398,0.8805120549239578,1,none,5,5,5,5,0.06474900092005925,0.9860248025811756,0.9513739744806937,0.09823589994731839,0.9791687864982724,0.9219635423509671,0.10568879423206554,0.9775897131120109,0.9153307654939927,0.038574840971284344,0.9926396050725398,0.8805120549239578,0.04884183923819984,0.9906159685625026,0.9674754469943206,0.053198296050456145,0.988887439446607,0.9633393508456559,0.025431971808733824,0.9947787594280466,0.9845190027823489,0.08889147012697536,0.9804628516232703,0.931730106865166,0.12224030982127473,0.9742430504377338,0.8970972800798532,0.06669946588694028,0.985555865060418,0.9520485711108194
sim-6ac0e53152e313f4016a652326f513715b81bfaeda7d7d15576c055453cc565c,15,challenged_demand,2.5064095998359894,0.03508273057707302,12.689909191879924,5.9699733111344795,0.0,0.0,0,8,0,8,0.8347641983386336,1.0,1.0,17,0,17,17,0,17,0,5,0.9914791111095533,0.9439190523217528,1,none,5,5,5,5,0.06618009607532148,0.9860823420845647,0.950115469853645,0.10151553943755136,0.9791783528696218,0.9192292256661616,0.1067922245320163,0.9778011359205193,0.9145581893018548,0.0384446507723254,0.9914791111095533,0.9439190523217528,0.05177450090949726,0.9890632160750584,0.9649298811671305,0.05404097438152893,0.9890760427848463,0.9626004547163297,0.024691814415541954,0.9954646257196971,0.9850492555864963,0.09136077731191973,0.9813425561940128,0.9294037926883313,0.12498575096633703,0.9744293272656689,0.8953022356304605,0.06833765641251799,0.9861411564175019,0.950577954898251
sim-6ac0e53152e313f4016a652326f513715b81bfaeda7d7d15576c055453cc565c,16,challenged_demand,2.3441666031347723,0.14950085047116052,38.28908273648902,27.532693374023307,0.14285714285714285,0.125,1,7,1,8,0.92706554310446,1.0,1.0,17,0,17,17,0,17,0,4,0.9914695876365338,0.9630395007073753,1,none,5,4,5,5,0.0651535047013682,0.9858414781093515,0.9509780769796398,0.09710047888533613,0.9788384057431114,0.92325847924393,0.1079987601556656,0.9751810402835952,0.9130114137088094,0.040074861074534014,0.9914695876365338,0.9630395007073753,0.05089697650353041,0.9891495859334364,0.9656289500095393,0.053044068161302686,0.988554283412788,0.963296564389633,0.025379843975656798,0.9937387830625976,0.9841915103503438,0.08930241847739447,0.9812650423106568,0.9311514619710424,0.12449073065755101,0.971584417141201,0.8952163609515963,0.06590970241673216,0.9858899708689594,0.9523294471101823
sim-6ac0e53152e313f4016a652326f513715b81bfaeda7d7d15576c055453cc565c,17,challenged_demand,2.4819249081668726,0.04952319704804236,13.676293267358206,29.94855076936366,0.0,0.125,0,6,1,8,0.7931604526670211,1.0,1.0,17,0,17,17,0,17,0,3,0.9916751562338827,0.970590839657799,1,none,5,3,5,5,0.0658806639435227,0.9860491915004045,0.9503488266025092,0.09879072883807115,0.9789616408897175,0.9217910151564526,0.11035341030838415,0.97797021708685,0.9109260767187752,0.03854671409416939,0.9916751562338827,0.970590839657799,0.047330301030280034,0.9908001683016545,0.9684288602976003,0.05214742544671324,0.9892868879405435,0.9639402573089388,0.02499343852428891,0.9950171878094616,0.9846618426220265,0.08670118022755892,0.9810481812159559,0.9333939728671251,0.12575565923968693,0.974873861050396,0.8938677638656658,0.06715381774402093,0.9852296261828272,0.9511557941221048
sim-6ac0e53152e313f4016a652326f513715b81bfaeda7d7d15576c055453cc565c,18,challenged_demand,2.526596203812944,0.05811418726483773,15.922576405059832,5.121789724780433,0.0,0.0,0,8,0,8,0.9932501523546937,1.0,1.0,17,0,17,17,0,17,0,5,0.9918053833477791,0.9719599742424976,1,none,5,5,5,5,0.06539850395853683,0.9864240333096751,0.9509161954601102,0.10185095156710477,0.9784433131510047,0.9188500576548679,0.10801837618201371,0.976720339559207,0.9131551389544403,0.03935090256988887,0.9918053833477791,0.9719599742424976,0.05105036007266331,0.987357482116627,0.9653358115463941,0.053116627769065186,0.9880481177293575,0.9631573584912104,0.023589081154455495,0.9963167812293429,0.9858874009767362,0.09455327129929077,0.9782967001839674,0.9264905292187271,0.12380465015254616,0.9729086596113968,0.8960813951111156,0.06764445228073893,0.9866193029105813,0.9509506529238799
sim-6ac0e53152e313f4016a652326f513715b81bfaeda7d7d15576c055453cc565c,19,postdemand_recovery,2.586518459951939,0.02384800150440452,20.543767210055528,4.6450622957531635,0.0,0.0,0,8,0,8,0.9694208550354627,1.0,1.0,18,0,18,18,0,18,0,5,0.9938119445590874,0.975121804499812,1,none,5,5,5,5,0.06403802838209241,0.9901052798424385,0.956332842494563,0.1010250652565598,0.9837155562991795,0.9264666374182999,0.11138048179406101,0.9816519542233141,0.9180109463489295,0.039265627084333364,0.9938119445590874,0.975121804499812,0.055929493563306794,0.9910593146569403,0.9649358747907596,0.05573469614113049,0.9911129011113253,0.9646161319941363,0.016512935455912602,0.9981973446835828,0.9912478999167676,0.09682358805850075,0.9840589154725335,0.930372429886889,0.13136790013768357,0.9776172095963915,0.8983295425360641,0.06562852446015131,0.9895815827014949,0.9569217561257278
sim-6ac0e53152e313f4016a652326f513715b81bfaeda7d7d15576c055453cc565c,20,postdemand_recovery,2.5629801730606245,0.01585674084166598,20.23035698006399,5.226826523610507,0.0,0.0,0,8,0,8,0.9754764896087988,1.0,1.0,18,0,18,18,0,18,0,5,0.9940681398220935,0.9779540154229751,1,none,5,5,5,5,0.06265352958137094,0.9904248344911645,0.9623546028628264,0.10104997701658357,0.9840300761465196,0.9347091761532288,0.1110270385978247,0.982373846311805,0.9273174191618647,0.039771221112578595,0.9940681398220935,0.9779540154229751,0.05694802257302872,0.9905854734460362,0.9682396629992736,0.05618455015370367,0.9911541589724295,0.9684225697307777,0.016932049111936385,0.996807549068308,0.9918056559042581,0.10152108916037353,0.9828901552502571,0.934323621361396,0.13175822103614257,0.97877215945067,0.9084077306549666,0.06525317582628301,0.9899254275524205,0.9621910343648108
sim-6ac0e53152e313f4016a652326f513715b81bfaeda7d7d15576c055453cc565c,21,postdemand_recovery,2.5824832571459275,0.02362441079211962,8.126586142538834,3.066577066351493,0.0,0.0,0,9,0,9,0.9131706400414847,1.0,1.0,18,0,18,18,0,18,0,5,0.993892743218499,0.9794244418891339,1,none,6,5,5,6,0.06266614928264819,0.989979387583853,0.9639835732452169,0.10267944286446042,0.9835998358137299,0.9362637142361657,0.11085381743854195,0.9830623528817893,0.930330333824361,0.03893987328344258,0.993892743218499,0.9794244418891339,0.056958135863489925,0.9914560171844597,0.9695568807931881,0.05616314787154039,0.9911301979838729,0.9697038550840027,0.018312652726219812,0.9976661354984998,0.9915643105217935,0.10012676242121211,0.986242917522554,0.9380961507242767,0.1342203569049556,0.9793821190104116,0.909612656058679,0.06629709396174167,0.9893765072864487,0.9630863631659735
sim-6ac0e53152e313f4016a652326f513715b81bfaeda7d7d15576c055453cc565c,22,postdemand_recovery,2.5869126624515033,0.019474065527625588,14.651169190953201,4.094185651913742,0.0,0.0,0,8,0,8,0.966793081582111,1.0,1.0,18,0,18,18,0,18,0,5,0.9936714796543369,0.9797017348183071,1,none,5,5,5,5,0.06214664457155635,0.990298410457045,0.9647916799987236,0.1029492041502225,0.9831927278191228,0.9368130765935024,0.11150121964219203,0.9816725086023078,0.9304529344465116,0.038991935713684214,0.9936714796543369,0.9797017348183071,0.05637293062514775,0.9914037645981425,0.9703084236615238,0.056790484513448855,0.9910121021738433,0.9697006120560393,0.016682913955314942,0.9973789807975949,0.9924744540907959,0.09665012659462567,0.9842723460674839,0.9412398903601046,0.1356640033600333,0.9768455636751694,0.9087429530777302,0.06556959173293989,0.9897373309606275,0.9640757983980109
sim-6ac0e53152e313f4016a652326f513715b81bfaeda7d7d15576c055453cc565c,23,postdemand_recovery,2.5620655958041167,0.027023260131573572,14.24466207378403,5.760986819157441,0.0,0.0,0,8,0,8,0.9447149926417732,1.0,1.0,18,0,18,18,0,18,0,5,0.9930967033943204,0.9783558946660741,1,none,5,5,5,5,0.06237068582037803,0.9901111127059021,0.9648019973727824,0.1060337863616783,0.9825163948902222,0.9346975333169926,0.11118854401169889,0.9826643272725984,0.9309882458243476,0.04142653826114322,0.9930967033943204,0.9783558946660741,0.056735287013467445,0.9908629318849385,0.9701515516758272,0.05744235164557653,0.9909882429938114,0.9694095574984519,0.018669059190629167,0.9970597902722308,0.9913494755647718,0.10014782432035622,0.9833442371297928,0.9386216928621609,0.13367846839547434,0.9791870171746032,0.9103033546511047,0.0662119065749138,0.9893979455461398,0.9637522849542514
sim-6ac0e53152e313f4016a652326f513715b81bfaeda7d7d15576c055453cc565c,24,postdemand_recovery,2.5292818969181416,0.031262216159173434,8.139262006477471,5.329075758312914,0.0,0.0,0,8,0,8,0.8813585975516758,1.0,1.0,18,0,18,18,0,18,0,5,0.9941848580480283,0.9787862255800415,1,none,5,5,5,5,0.062206497453563374,0.9904894106237712,0.9650211249789,0.10550091073970613,0.9843545257026843,0.935191831693209,0.10910177317714889,0.9834412261461201,0.932688757004398,0.041012306746402875,0.9941848580480283,0.9787862255800415,0.0563458100779409,0.9913044455579496,0.9705135914036389,0.056916652228778244,0.991255053064179,0.9698300323474549,0.016767409991525654,0.9974182983714149,0.9923188504412266,0.09708877282182604,0.9855694755048823,0.9413827451560494,0.13179275159583148,0.9799819771617524,0.9119615856796222,0.06627594043589326,0.9898697839997508,0.9637941031180444
sim-187c5fd07d4909599a09266ef96987124e939ea60ff8dbca9efdc2b0a5068d21,1,baseline,1.9727358595750726,0.48432326232169126,152.12385707338075,115.47168444210142,0.8333333333333334,0.7142857142857143,5,6,5,7,0.7319353189452635,0.6666666666666667,0.6666666666666667,15,5,10,15,5,10,0,4,0.9953095257389214,0.9928483411429246,1,none,4,4,5,5,0.07986202110139684,0.9881335070872009,0.9807760513175949,0.07065804340870938,0.9897614656407905,0.9875007548351161,0.06629153473999198,0.9913344373040649,0.9906517499218795,0.028034906259991898,0.9953095257389214,0.9928483411429246,0.06588463157271993,0.9939119100296954,0.9909944266915509,0.06852338083498549,0.9928741605513789,0.9891204028772668,0.059059975461639685,0.9978188789124031,0.995659292264808,0.08931526540580188,0.9841833447653726,0.9742719982574961,0.06416019043046907,0.9914379897613078,0.9921390253167098,0.07180958041306747,0.9920372363265108,0.9868711997776232
sim-187c5fd07d4909599a09266ef96987124e939ea60ff8dbca9efdc2b0a5068d21,2,baseline,2.5881210581012555,0.018130428767295783,9.682910497037396,5.548269223560798,0.0,0.0,0,9,0,9,0.9617767757401542,1.0,1.0,19,0,19,19,0,19,0,5,0.9934936821501169,0.9882533525824099,1,none,6,5,5,5,0.0708073827569659,0.9898657922526765,0.968608010973378,0.08459011753388253,0.9829441193739709,0.9597335975700387,0.08500712303565146,0.9817995776824705,0.9597434953506911,0.0031789418033163533,0.9934936821501169,0.9882533525824099,0.05663573499931844,0.9905612967465763,0.9790815445674721,0.05857501488254995,0.9906330524845284,0.9776717657233519,0.029410255655445208,0.9983134350591625,0.9954623067052977,0.09384525534743532,0.9853502840771184,0.9533361483293982,0.09658594764077867,0.9770309767960457,0.9511890494911373,0.06277802588136457,0.9891132689555442,0.9749468326352394
sim-187c5fd07d4909599a09266ef96987124e939ea60ff8dbca9efdc2b0a5068d21,3,baseline,2.54365922624109,0.021383131115491845,15.125095164530368,6.198685487229594,0.0,0.0,0,8,0,8,0.9440562229403106,1.0,1.0,18,0,18,18,0,18,0,5,0.9936490729991904,0.9860386166005601,1,none,5,5,5,5,0.0661030517733985,0.9903460741675904,0.965619345166984,0.09728807608725092,0.9839702062697925,0.9448113268205108,0.10072831920065377,0.9830137491929372,0.9428077411256259,0.001678728435971082,0.9936490729991904,0.9860386166005601,0.05753714322024514,0.9908569210154281,0.9727483546459275,0.0575942283591214,0.9912271369120758,0.9724374340558652,0.018669718506838563,0.9978367692164929,0.9948773270186221,0.08778066736994986,0.9848510389073315,0.9516258812045394,0.12115703451868949,0.9797402315102091,0.9261923457212603,0.06569086151366842,0.9897555768742688,0.9672632683379944
sim-187c5fd07d4909599a09266ef96987124e939ea60ff8dbca9efdc2b0a5068d21,4,baseline,2.547534381648016,0.02426082787891424,10.921860560037695,6.201329460975854,0.0,0.0,0,8,0,8,0.9274381799505047,1.0,1.0,18,0,18,18,0,18,0,5,0.9930303625683089,0.9839704816115102,1,none,5,5,5,5,0.06393494335368655,0.9902858335337866,0.9649834853607784,0.0994035663890966,0.9847344814640856,0.9409290257837184,0.10582838152429719,0.9834609352524498,0.9366430153589709,0.001795583122678709,0.9930303625683089,0.9839704816115102,0.05648936911109099,0.9918174280588987,0.9715036354183239,0.0564422314442716,0.9916012191620422,0.9711745008608156,0.017248158562738695,0.9978348175397046,0.9933441186375817,0.09715407004484221,0.9853725598783193,0.9427200170451621,0.12540099276458846,0.9803984789517015,0.9192641100421434,0.06589830890413992,0.9897303591615416,0.9650952464370138
sim-187c5fd07d4909599a09266ef96987124e939ea60ff8dbca9efdc2b0a5068d21,5,baseline,2.5973870430331707,0.029041627917739392,10.733559728497804,5.192351295428426,0.0,0.0,0,9,0,9,0.9590414572349732,1.0,1.0,18,0,18,18,0,18,0,5,0.9939426096146426,0.9840934328852187,1,none,5,6,6,5,0.06273371473486054,0.9901991290726848,0.9650120112988195,0.09717988334228381,0.9849284368134599,0.9417936536677132,0.10275437040393112,0.9841168172327687,0.9378760347097416,0.0016624697134757606,0.9939426096146426,0.9840934328852187,0.05500626304752384,0.9913317655537309,0.9716919255125841,0.05582447171714644,0.9911921635422262,0.970853803672342,0.014814051509092074,0.9975851626920558,0.9937244388655638,0.08911927642812997,0.986558176128895,0.9477154607186751,0.12110137052903659,0.9806360322164953,0.9213804915227204,0.06515129961463181,0.990069930328518,0.964963458752803
sim-187c5fd07d4909599a09266ef96987124e939ea60ff8dbca9efdc2b0a5068d21,6,baseline,2.5782170299635037,0.020067810531380077,11.61020984005916,4.1573644518989745,0.0,0.0,0,8,0,8,0.919119343890642,1.0,1.0,18,0,18,18,0,18,0,5,0.9936213572557184,0.9844930820659471,1,none,5,5,5,5,0.06227891965585728,0.9901853725025113,0.9650294362184871,0.09968388517182894,0.9834925572338061,0.9397217909359898,0.10646434132234449,0.9819691908911584,0.9348719687317966,0.001614300907219734,0.9936213572557184,0.9844930820659471,0.05714156157221544,0.9911126860367264,0.9701811980201387,0.05727718720338795,0.990903775054803,0.969747450668757,0.014740458074692018,0.9976918440264511,0.9934128551542593,0.0901698853923952,0.9846998621072777,0.9466826163866219,0.13005842135430595,0.9776543260103988,0.9141380896531361,0.06524537027539261,0.9895680611402236,0.9646617877538071
sim-187c5fd07d4909599a09266ef96987124e939ea60ff8dbca9efdc2b0a5068d21,7,prechallenge_demand,2.446733445463724,0.07668743923567367,15.620753156151501,8.451189723595553,0.0,0.0,0,8,0,8,0.8821827817423777,1.0,1.0,17,0,17,17,0,17,0,5,0.9889606979274382,0.9781026887123245,1,none,5,5,5,5,0.06564128362732154,0.9851427643282289,0.9577734003299131,0.10652006622990465,0.9759201876612003,0.9257897829781003,0.11231772347036499,0.9759531955085949,0.9216407469990706,0.0021787461502544006,0.9889606979274382,0.9781026887123245,0.05442231463321898,0.9895814863021373,0.9686728488106018,0.05641542301516519,0.9887049594402467,0.9667786209725588,0.021400466470394734,0.9934776316188793,0.9881138484695899,0.09977865463983354,0.979824403252916,0.9329708419464096,0.13496692653731282,0.9713176763894528,0.899368473111118,0.07346321615758092,0.9829951516587874,0.9529379424715506
sim-187c5fd07d4909599a09266ef96987124e939ea60ff8dbca9efdc2b0a5068d21,8,prechallenge_demand,2.3185664860894004,0.12396337920790862,34.03842711849565,33.26112933489925,0.14285714285714285,0.125,1,7,1,8,0.987104701514175,1.0,1.0,16,0,16,16,0,16,0,4,0.9898468577160825,0.9767325512704174,1,none,5,4,5,5,0.0675157137923539,0.9855144994314219,0.9513886608608867,0.10952795780377417,0.977352226894278,0.914662321330796,0.11489304339556597,0.9750950442300689,0.9099394512882896,0.0019048862013765885,0.9898468577160825,0.9767325512704174,0.05449669617512876,0.9881778461317843,0.9646517058199454,0.0558536256197535,0.9882678451312679,0.963062992473409,0.02812236983301296,0.9941262485128698,0.9826344734717332,0.09392765061917518,0.9795247778087481,0.9305901692385113,0.137464996277193,0.970650889097282,0.8857914584717562,0.07323573891886437,0.984929336003909,0.9480647785293032
sim-187c5fd07d4909599a09266ef96987124e939ea60ff8dbca9efdc2b0a5068d21,9,prechallenge_demand,2.414623583502593,0.06277388350309558,9.090066372295004,7.655572855923821,0.0,0.0,0,7,0,7,0.9643888025607787,1.0,1.0,16,0,16,16,0,16,0,4,0.9910489100691545,0.9766825908399249,1,none,5,4,4,5,0.06816091856594952,0.9857448070935827,0.9493288846430012,0.10706325977887374,0.9780946057972026,0.9145862767529553,0.11344315895863243,0.9771174163739366,0.9088074962945966,0.0018297370085597067,0.9910489100691545,0.9766825908399249,0.05526049709699159,0.9886173890978602,0.962597789207366,0.05657844296791012,0.9883991857621054,0.9609426115022469,0.02805626483629124,0.9933944957182487,0.9825971097632739,0.09932477466899328,0.9796682281645667,0.9229984696241046,0.13597431314310723,0.9717767660032084,0.8845542944132804,0.07123047806263554,0.9857677901560702,0.9480565801804591
sim-187c5fd07d4909599a09266ef96987124e939ea60ff8dbca9efdc2b0a5068d21,10,prechallenge_demand,2.538384652653546,0.03933328892083603,14.193006173440986,5.02491910192517,0.0,0.0,0,9,0,9,0.8745661721425483,1.0,1.0,18,0,18,18,0,18,0,5,0.9908038411394429,0.9779845815232782,1,none,5,6,6,5,0.06676228671929257,0.9858890343009454,0.9499661219113459,0.10563061221482106,0.9757952861154112,0.9151379870200647,0.11191816750126085,0.9755336601818028,0.9095798346137461,0.0016915733883987594,0.9908038411394429,0.9779845815232782,0.05436804021192978,0.9885131240456335,0.9629683217187246,0.055720869532882904,0.988129384660233,0.961305010643017,0.026466859605599354,0.9942910252943923,0.9836834727937025,0.09815136664216581,0.979158612814244,0.92337831943687,0.13256573587941006,0.9709014006126893,0.8873234426398507,0.06790221970325849,0.9856170782138169,0.9504855024442286
sim-187c5fd07d4909599a09266ef96987124e939ea60ff8dbca9efdc2b0a5068d21,11,prechallenge_demand,2.3185101071458933,0.14428441396634054,44.79300922469031,32.69526873760136,0.14285714285714285,0.125,1,7,1,8,0.9414300125889696,1.0,1.0,15,0,15,15,0,15,0,4,0.9914974493222503,0.9770007752188535,1,none,5,4,5,5,0.06672379395816795,0.9859726671565349,0.9498192267528525,0.11021568095603755,0.9773741519239922,0.9105271093464221,0.1126879508003893,0.9771670965277213,0.9086933329468907,0.0018461533353651641,0.9914974493222503,0.9770007752188535,0.05200900871293929,0.9903034398076842,0.9647181559684176,0.05416580812737828,0.9891795436629485,0.9623787122211631,0.024514442748333087,0.997000765399075,0.985388634357523,0.09771400099684152,0.9781705963149547,0.923019920928212,0.1356403788043645,0.9725557122997063,0.8838229603065505,0.06972244454695867,0.9854317547374472,0.9486363722602122
sim-187c5fd07d4909599a09266ef96987124e939ea60ff8dbca9efdc2b0a5068d21,12,prechallenge_demand,2.44662628877492,0.062057385851806916,16.2536480384681,14.20562969440071,0.0,0.0,0,7,0,8,0.894236873002171,1.0,1.0,16,0,16,16,0,16,0,4,0.9901766238669784,0.978156161813605,1,none,5,4,5,5,0.06703026699536205,0.9854555445994713,0.9495108930209156,0.10929394090080999,0.9760761534701883,0.9114108099917646,0.1131949038458895,0.9744105443593392,0.9079698290042243,0.0016904880407011898,0.9901766238669784,0.978156161813605,0.051787226446952175,0.988572193418197,0.9647985331853818,0.05493201877063686,0.9881465342679604,0.961728460370879,0.023146654254060026,0.9936604485500482,0.9859943779349879,0.1001680627227611,0.9798024465717626,0.9212515196874542,0.1343512992061162,0.9698365374065554,0.8845483422929238,0.06851321184499368,0.9853358361632054,0.9497966136305277
sim-187c5fd07d4909599a09266ef96987124e939ea60ff8dbca9efdc2b0a5068d21,13,challenged_demand,2.519830710333263,0.04993816374256405,18.08606493101562,9.99807286544136,0.0,0.0,0,9,0,8,0.8813445675957855,1.0,1.0,17,0,17,17,0,17,0,5,0.9572073231506067,0.6918117889151,1,none,5,6,5,5,0.06697430463932658,0.9859610454945529,0.9495819646131154,0.1073095045060272,0.9782042589914913,0.9131008321740441,0.11298197280074027,0.9772085901455835,0.9081339359537842,0.0016571184107048087,0.9572073231506067,0.6918117889151,0.05228416484975268,0.989567746363875,0.9644865915868829,0.05476950438483579,0.9881998156107066,0.9618680765758338,0.025579208499740994,0.9953190558100784,0.9844636527839511,0.09778620253904788,0.9802407259310287,0.9228808314817809,0.13125534283993928,0.9742083875434623,0.8878833273265513,0.0680391678377885,0.9863121283191528,0.9504179898059901
sim-187c5fd07d4909599a09266ef96987124e939ea60ff8dbca9efdc2b0a5068d21,14,challenged_demand,2.4390594003531048,0.05938415262285833,12.665858366812918,9.03361690437912,0.0,0.0,0,7,0,7,0.9276004917614458,1.0,1.0,16,0,16,16,0,16,0,4,0.9913823228282316,0.8857169216507609,1,none,5,4,4,5,0.06661681514279914,0.9861466390898689,0.9498950799333503,0.10889742697938606,0.9757247778315329,0.9112821856648229,0.11115989127127522,0.9758286099187979,0.909798389751261,0.0016553381152336025,0.9913823228282316,0.8857169216507609,0.050893493383580735,0.9885368389150619,0.9654666823674636,0.056192598840274846,0.9879593213345658,0.9606723352820213,0.02869593706990023,0.992615339044099,0.9819792449788036,0.09863316126069191,0.9781318991210141,0.921633834532098,0.127431082399565,0.9721835879854797,0.8918204364061505,0.06618361377508575,0.9861421202039155,0.9523099459377672
sim-187c5fd07d4909599a09266ef96987124e939ea60ff8dbca9efdc2b0a5068d21,15,challenged_demand,2.417863705786999,0.08899693174333467,26.696375327811857,14.662167963225343,0.125,0.125,1,8,1,8,0.8895166747240287,1.0,1.0,18,0,18,18,0,18,0,5,0.9896453223978241,0.9467522974632326,1,none,5,5,5,5,0.06742550053798868,0.9852264266417115,0.9493829004635277,0.11293739110548848,0.9751197657959562,0.9078961476554505,0.11420936651135523,0.9748830271263828,0.9071545095521361,0.0019149972581011107,0.9896453223978241,0.9467522974632326,0.055975010605779064,0.9869691057290222,0.9613388520158428,0.05846273754775518,0.9867235583675823,0.9588579842803702,0.030982371475873273,0.9940830486138281,0.9809423810282056,0.10262850249644569,0.9767669511784239,0.9179129050259306,0.13325675815014548,0.9698478643527418,0.8865842240764732,0.07056180069165864,0.9832815538114554,0.9487168075050921
sim-187c5fd07d4909599a09266ef96987124e939ea60ff8dbca9efdc2b0a5068d21,16,challenged_demand,2.5678211429490396,0.02160339148176294,5.448029162735146,5.725121101058804,0.0,0.0,0,8,0,8,0.9194969064220481,1.0,1.0,18,0,18,18,0,18,0,5,0.9926546135639494,0.9697746772715264,1,none,5,5,5,5,0.06617584350277796,0.9864141699408177,0.9504138216394113,0.10733456674422212,0.9789304346223155,0.9131739241763701,0.11154234505415676,0.9776415329678457,0.909621647270362,0.0015064058411516609,0.9926546135639494,0.9697746772715264,0.053611350327005175,0.9904587979217124,0.9634159990137984,0.056271303335778344,0.9894662937080445,0.9607604568991462,0.028613412308751,0.9945695057985451,0.9825243622388463,0.09549402118858462,0.983075115509825,0.9251919945617031,0.13270771590292663,0.9736079468359745,0.8867454128798412,0.0701600467430043,0.9864763026337772,0.9491054687240085
sim-187c5fd07d4909599a09266ef96987124e939ea60ff8dbca9efdc2b0a5068d21,17,challenged_demand,2.5512591397640936,0.06054402656187065,13.709218690803663,6.411299107775649,0.0,0.0,0,8,0,8,0.9122246060321519,0.9444444444444444,1.0,18,1,17,18,0,18,0,5,0.9926484949682126,0.977965649273335,1,none,5,5,5,5,0.06562875680698374,0.9862431569826154,0.9506917900219384,0.1051231025715384,0.9787979120320105,0.9146775927809704,0.11047275364121552,0.9775049647188966,0.9103612415458731,0.0014204003457261468,0.9926484949682126,0.977965649273335,0.051296850511925667,0.9884181232918597,0.9650665253065551,0.054816662725232036,0.9881167685298261,0.961765719128317,0.02294962539357984,0.9957138731769055,0.9864288586789507,0.09035802871056398,0.9794073449131352,0.92985764814503,0.1268981916796224,0.9749695731473411,0.8922640032241068,0.06679275364630356,0.9868768795478104,0.9517358420831226
sim-187c5fd07d4909599a09266ef96987124e939ea60ff8dbca9efdc2b0a5068d21,18,challenged_demand,2.511612436043428,0.05572596147953382,23.574580933900254,9.3577816893276,0.125,0.0,1,8,0,8,0.8778345251623026,1.0,1.0,18,0,18,18,0,18,0,5,0.991273075863329,0.9785999828009837,1,none,5,5,5,5,0.06436107621324447,0.9864432638561957,0.9518035837586397,0.10266726238278477,0.9775456697156624,0.9171616046675265,0.1074875320637984,0.9764961636429639,0.9131873771980678,0.0016685782283297123,0.991273075863329,0.9785999828009837,0.051237891809207854,0.9901947592418067,0.9655122331007787,0.053743116022486354,0.9895946424204313,0.9628575584540376,0.02462843721728283,0.9942277290583188,0.9849003247054683,0.09277990913405847,0.9820656577253062,0.9283694619914699,0.12548811037783417,0.9715547231925961,0.8933338361385813,0.0634513637386986,0.9869752684942473,0.9544773032974303
sim-187c5fd07d4909599a09266ef96987124e939ea60ff8dbca9efdc2b0a5068d21,19,postdemand_recovery,2.5555235537983183,0.025591471451320312,14.898899922264569,5.365653908589909,0.0,0.0,0,8,0,8,0.8840726698459384,1.0,1.0,18,0,18,18,0,18,0,5,0.9940979363146661,0.981804347029561,1,none,5,5,5,5,0.06409004218052985,0.9901697397911374,0.9566038768785267,0.10072271575622406,0.9846932371963776,0.9264714421578621,0.10720698729697105,0.983684189767558,0.9213845949717615,0.0015204426289062098,0.9940979363146661,0.981804347029561,0.05058382245080822,0.9914886248327686,0.9691662925795492,0.05258949329284911,0.9914292661059366,0.9672302134091205,0.026361875019527824,0.9966974624204585,0.985160285652053,0.08933608049992085,0.9851659847464552,0.9378878712814219,0.12513514463428163,0.9809412727303567,0.9026944941788773,0.06325622891965221,0.989956839626638,0.9590346411071615
sim-187c5fd07d4909599a09266ef96987124e939ea60ff8dbca9efdc2b0a5068d21,20,postdemand_recovery,2.5594491473483574,0.02332121533353762,10.118802031309045,5.834484566649689,0.0,0.0,0,9,0,9,0.9506965352796332,1.0,1.0,18,0,18,18,0,18,0,5,0.9946202416858498,0.9843652578637805,1,none,5,6,6,5,0.06295243128339871,0.990090476995571,0.9622265176954713,0.09811644406286678,0.9854547530821471,0.9368235348831575,0.10550934547699248,0.9835794613437024,0.9314044836866737,0.0014991592033033801,0.9946202416858498,0.9843652578637805,0.05300904362657518,0.9922157799671745,0.9711681598899288,0.0537527700049807,0.9918950073076981,0.970235828388484,0.01973662743434163,0.998035855481418,0.9904192049784579,0.09372101357177823,0.9862544319528844,0.9419223540644882,0.12272905675112546,0.9807469628083447,0.9147514316771448,0.0633494585690528,0.9903801699861845,0.9637319894749318
sim-187c5fd07d4909599a09266ef96987124e939ea60ff8dbca9efdc2b0a5068d21,21,postdemand_recovery,2.574033990302742,0.016560536245997133,18.01560126277422,4.664853220386277,0.0,0.0,0,8,0,8,0.9733131108359753,1.0,1.0,18,0,18,18,0,18,0,5,0.993929604507943,0.9857267033021188,1,none,5,5,5,5,0.06214325330352219,0.990344828957135,0.9643084791585297,0.0968922587536433,0.9841322784083477,0.9403813678420498,0.1060797346874889,0.9827728939309757,0.933780594427731,0.0014561591489048779,0.993929604507943,0.9857267033021188,0.05328523693366803,0.9909942450257144,0.9718813636971333,0.05400911869328299,0.9910355014971044,0.9711016590609759,0.016489490908416924,0.997060954684765,0.9924065731944304,0.0949802309169515,0.9835449447689264,0.9424619411442621,0.126428418658565,0.9787200677941094,0.915421836775592,0.06365928553759571,0.9896127203255047,0.9649536127183286
sim-187c5fd07d4909599a09266ef96987124e939ea60ff8dbca9efdc2b0a5068d21,22,postdemand_recovery,2.576913791078243,0.022255515277341088,4.692454734766872,5.4383945818637045,0.0,0.0,0,8,0,8,0.9571913472986109,1.0,1.0,18,0,18,18,0,18,0,5,0.9937774566152165,0.9846229555283862,1,none,5,5,5,5,0.062188408716065825,0.9902989180825434,0.9647620607802868,0.10088264382273113,0.9833951964406199,0.9383609538979539,0.10749631338529321,0.9830388584899701,0.9337268164606276,0.0016581171432242655,0.9937774566152165,0.9846229555283862,0.054820267236653716,0.9913495221449192,0.971305172723783,0.05591523056603848,0.9911974838669563,0.9702993111968193,0.01756637272853402,0.9976678226487966,0.9919352110433486,0.0903857089377834,0.9883286420363536,0.9464720260964519,0.130298302100314,0.9795123244784104,0.9134502112919884,0.06416821876816965,0.9900228099657012,0.9650806782006444
sim-187c5fd07d4909599a09266ef96987124e939ea60ff8dbca9efdc2b0a5068d21,23,postdemand_recovery,2.5723670905940725,0.026194453029927303,11.753893578206963,5.125197707165928,0.0,0.0,0,9,0,9,0.9147791634049203,1.0,1.0,18,0,18,18,0,18,0,5,0.9933891898362188,0.9841189163015208,1,none,6,5,5,6,0.062254086625129657,0.9901386027125285,0.964867799024865,0.10109353044941756,0.9844625117991791,0.9382529344157023,0.10763770657418385,0.9832288293586102,0.933776503612648,0.0017157099724465935,0.9933891898362188,0.9841189163015208,0.05534026375925015,0.9914953850657237,0.9710874937987163,0.05588807528901992,0.9914296141592226,0.9704334977415485,0.016012404854874894,0.9977310928498566,0.9926664517563789,0.08674904566184852,0.9850067337570961,0.9491991212429398,0.12705797756850118,0.9802055542788475,0.915660157701499,0.06479308087228193,0.9897385761447447,0.96480441101772
sim-187c5fd07d4909599a09266ef96987124e939ea60ff8dbca9efdc2b0a5068d21,24,postdemand_recovery,2.563748592913691,0.017965929806224426,11.705785445845997,3.6361797880501343,0.0,0.0,0,8,0,8,0.912884023839045,1.0,1.0,18,0,18,18,0,18,0,5,0.9936242275189023,0.9839467812254431,1,none,5,5,5,5,0.06230958001688999,0.9900934521282198,0.964914795357633,0.09871987011959982,0.9845112389484421,0.9399777120737055,0.10670705770609132,0.9829503288921816,0.9343160085806426,0.001683980973322058,0.9936242275189023,0.9839467812254431,0.05529368486714385,0.9911297099630335,0.9711064934162261,0.05657836743639255,0.9908957646346124,0.9700068517722036,0.017320628244170914,0.9967348622407971,0.9919110991343553,0.09309769251688749,0.9844731343022266,0.9444459831644776,0.12574795836922323,0.9800836356185396,0.9164485329415779,0.06498941133280994,0.98978250301336,0.9647657354549078
sim-290cec0ba2e737077c706fb198ebc327b0def52c977b8f836f910cfb5869534f,1,baseline,1.9727358595750726,0.48432326232169126,152.12385707338075,115.47168444210142,0.8333333333333334,0.7142857142857143,5,6,5,7,0.732284496252938,0.6666666666666667,0.6666666666666667,15,5,10,15,5,10,0,4,1.0,1.0,1,none,4,4,5,5,0.07986202130843767,0.9881338712375412,0.9807760653495289,0.0706580264533868,0.9897618621040091,0.9875007794441353,0.06629153141772952,0.9913341322238829,0.9906517935691552,0.06425660645532157,0.9954113651101933,0.9920644803828073,0.028178372220422517,0.9937773428203425,0.9918705080368994,0.06852332716980732,0.9928739941301633,0.9891204272843399,0.059059973701076074,0.9978188789019687,0.995659292286649,0.08931515513455188,0.9841822947385197,0.974272138899283,0.06416013771910692,0.9914384357772156,0.99213908079976,0.07180954566125967,0.9920371259290928,0.9868712152735731
sim-290cec0ba2e737077c706fb198ebc327b0def52c977b8f836f910cfb5869534f,2,baseline,2.5881210581012555,0.01806214742135283,9.579540460975572,5.439573571386895,0.0,0.0,0,9,0,9,0.9619568156602232,1.0,1.0,19,0,19,19,0,19,0,5,1.0,1.0,1,none,6,5,5,5,0.07080668000244754,0.9898636774118548,0.9686084505733791,0.08458919695281936,0.9829376531249718,0.9597340934544717,0.08500619380368159,0.9817966584029696,0.9597440854962487,0.04569101415836489,0.9937222609786939,0.9855801218802742,0.003924275408668365,0.9902025421582269,0.9830486491021566,0.05857491227063856,0.9906311211267723,0.9776718891216325,0.029410214806371505,0.9983133181732284,0.9954623187558073,0.09384568694164246,0.9853205045035096,0.9533351663655324,0.09658477755110663,0.9770290461695162,0.9511898009135159,0.0627778633039279,0.9891108443000921,0.9749467753434551
sim-290cec0ba2e737077c706fb198ebc327b0def52c977b8f836f910cfb5869534f,3,baseline,2.5453126681623517,0.021433383898714038,15.122599656347555,6.372661538417673,0.0,0.0,0,8,0,8,0.9383134918347406,1.0,1.0,18,0,18,18,0,18,0,5,1.0,1.0,1,none,5,5,5,5,0.06610080394469038,0.9903468085819898,0.9656207842773492,0.09742650613295219,0.9839189117782083,0.9446992994062818,0.10052816097228467,0.9830989431333379,0.9429386330166539,0.04070209130944441,0.9939540762228815,0.9823298158488705,0.0025349635849725074,0.99054790822913,0.9787988212041061,0.05759198143328596,0.9912256157840224,0.9724387768823698,0.018359679859850847,0.9979275601296017,0.995080520292472,0.0880132463455645,0.9848064983799177,0.9514498903623063,0.12096160427700471,0.9798639523773958,0.9263625034572146,0.06568800975812612,0.9897517110197439,0.9672650285762955
sim-290cec0ba2e737077c706fb198ebc327b0def52c977b8f836f910cfb5869534f,4,baseline,2.5458550299039704,0.026296867714680136,10.932220849049246,6.545847117150635,0.0,0.0,0,8,0,8,0.9264888864704118,1.0,1.0,18,0,18,18,0,18,0,5,1.0,1.0,1,none,5,5,5,5,0.0639379500709275,0.9902923272736731,0.9649816877960175,0.09961937559772122,0.9846861289930232,0.940749830740336,0.10569592815201458,0.9834621744910014,0.936708783627665,0.041518135640383536,0.9933072754314569,0.9795533848789072,0.0023350551806437256,0.991476908708539,0.978082741080406,0.05644513507103284,0.9916040343859607,0.9711733320782894,0.01709556059150387,0.997832953390091,0.9934422182912065,0.09745596968252458,0.9852550263750345,0.9424820275780471,0.12528947382428662,0.9804007287734796,0.9193762193732944,0.0659031329064029,0.9897318528510194,0.9650923471512163
sim-290cec0ba2e737077c706fb198ebc327b0def52c977b8f836f910cfb5869534f,5,baseline,2.563176696901352,0.02894900834969182,17.485940847888752,7.543679826527633,0.0,0.0,0,9,0,9,0.9404686341280257,1.0,1.0,18,0,18,18,0,18,0,5,1.0,1.0,1,none,5,6,6,5,0.06260197678877175,0.9903281909659838,0.9651147582174825,0.09817186869768778,0.9843115535625413,0.9409967281669228,0.10239798048097755,0.9841262991223387,0.9381681937951326,0.04087528419632182,0.9938995983031307,0.9792193629997225,0.002354319357416179,0.990514919272785,0.9779517196165127,0.05590497231280494,0.9911247082749635,0.9708169513056873,0.014986945150808895,0.9975994119345994,0.9936997112579262,0.09563879997402303,0.9838266723635282,0.9427988448820481,0.12122278566640955,0.9801977626208345,0.9212876729293823,0.06546477309006343,0.9900444117285907,0.9647517899683526
sim-290cec0ba2e737077c706fb198ebc327b0def52c977b8f836f910cfb5869534f,6,baseline,2.533468887025187,0.02732150245770435,13.298102027432414,3.3811039506643312,0.0,0.0,0,8,0,8,0.9127880814830716,1.0,1.0,16,0,16,16,0,16,0,5,1.0,1.0,1,none,5,5,5,5,0.06254459728024135,0.990068425026401,0.9649289320401888,0.1013137617270227,0.9835934569772943,0.9384485430081518,0.10683065319134581,0.9819451416238273,0.934645019770768,0.03939458709815648,0.9939365245695898,0.979824305645578,0.0025395373900666566,0.990321897238496,0.9764314833838591,0.05750432571073645,0.9908791026194509,0.9696075074358571,0.016935982617172954,0.9973240311193466,0.9923316715569415,0.09746383409270268,0.985024098116499,0.9414644390588998,0.12980340064727375,0.9780294113715707,0.9142162648674318,0.06530186034130392,0.9897181062549737,0.9646095287429343
sim-290cec0ba2e737077c706fb198ebc327b0def52c977b8f836f910cfb5869534f,7,prechallenge_demand,2.4711749805378855,0.059877953710053916,10.41235472815428,5.510954005999359,0.0,0.0,0,8,0,8,0.9409764582570576,1.0,1.0,17,0,17,17,0,17,0,5,1.0,1.0,1,none,5,5,5,5,0.06398212688667342,0.9857713971882227,0.9592517481717859,0.10310394920744105,0.9771660412863061,0.9294663456266543,0.10959872051838368,0.9770054049022587,0.9247210207621613,0.041646882351362005,0.9914082149899837,0.9758644074893762,0.002367135158080544,0.9887788635282041,0.9744264598265788,0.05663727082430591,0.988760703007538,0.9666627873476148,0.017932948785774932,0.9947460633067021,0.990423165570495,0.0952628992715364,0.9822937018309164,0.9371854988081891,0.13185280351527098,0.9723674475344122,0.902721463729231,0.06852252468289598,0.9842859456591485,0.9572333607530009
sim-290cec0ba2e737077c706fb198ebc327b0def52c977b8f836f910cfb5869534f,8,prechallenge_demand,2.522109886701499,0.03802595778451819,8.06874510237924,10.1971637892336,0.0,0.0,0,8,0,8,0.9579677902218615,1.0,1.0,18,0,18,18,0,18,0,5,1.0,1.0,1,none,5,5,5,5,0.06600497965432031,0.9858215361846259,0.9525941898833098,0.10779404533247085,0.9775288099216036,0.9167874059729614,0.11295358187212877,0.9757036326681553,0.9124203383805082,0.04314316684868857,0.9897872542378325,0.9715392037327486,0.0024071535139089484,0.9870988389733805,0.9712884998043825,0.05685801682938414,0.9876922061605096,0.9621109517143412,0.023252217069336664,0.9950641190973276,0.9859412531014675,0.09295676672947426,0.9790207546175717,0.9312399409197712,0.13555674243163132,0.9710905878057393,0.8884698838373486,0.06963530424433872,0.9857422192380344,0.9514539242520361
sim-290cec0ba2e737077c706fb198ebc327b0def52c977b8f836f910cfb5869534f,9,prechallenge_demand,2.432623593537106,0.051517727349391466,10.534133692695187,9.8211467420761,0.0,0.0,0,7,0,7,0.967597057623439,1.0,1.0,16,0,16,16,0,16,0,4,1.0,1.0,1,none,5,4,4,5,0.06724026660330157,0.9856203637977295,0.9500298437390152,0.10797209259090997,0.976905618662912,0.9140294174031738,0.11054555033348584,0.9776088577294032,0.9120904685151854,0.04690980373397385,0.9904128128359221,0.9675261817175156,0.0023436350867978815,0.987877880488586,0.9703447808207111,0.05742262343650462,0.9881683829036431,0.9602528244307942,0.026850922940593824,0.9930356089631703,0.9832205021295513,0.09869941031924222,0.9783694839255266,0.9237602669398864,0.13390410414070636,0.9719610100330994,0.8871020075697845,0.07168551945030067,0.984816829765359,0.947805610684452
sim-290cec0ba2e737077c706fb198ebc327b0def52c977b8f836f910cfb5869534f,10,prechallenge_demand,2.509264008103767,0.03841291347731275,15.182277812222193,5.499376284816834,0.0,0.0,0,9,0,8,0.921718203964516,1.0,1.0,18,0,18,18,0,18,0,5,1.0,1.0,1,none,5,6,5,5,0.06767264382098623,0.9858388703582261,0.9491562334324404,0.10871025771202159,0.9761394745911451,0.9121342939000909,0.10973747377827245,0.9759902009063536,0.9120206848735338,0.04252983497265826,0.9912873483804167,0.9709892495731031,0.0022328464150335316,0.9889792359304911,0.9712687959089412,0.05533787700744458,0.9889967654020879,0.961649393191311,0.028140588116218262,0.9938433741640779,0.9822267256555055,0.09692202526428222,0.9810719005814401,0.9247520965991477,0.13317814715421847,0.9706711055761963,0.8868353251167125,0.06922013795570714,0.9852432249109302,0.9494449846879707
sim-290cec0ba2e737077c706fb198ebc327b0def52c977b8f836f910cfb5869534f,11,prechallenge_demand,2.5556198039420925,0.05477423588719857,24.613937935460118,14.084998079383611,0.0,0.0,0,8,0,9,0.9484160609842683,1.0,1.0,17,0,17,17,0,17,0,5,1.0,1.0,1,none,5,5,6,5,0.06557040207626252,0.986534398625156,0.9508259812096302,0.10804912772452645,0.978284762872677,0.9125809262108096,0.11118075544741245,0.9769472564450977,0.9103017042581165,0.04236050322569474,0.9923918496746498,0.9711339111627016,0.0021196235459967757,0.989296973836962,0.9725843524281382,0.05275157144009254,0.9894461032770325,0.9635708298822899,0.02409383223541984,0.9979317768880155,0.9854956433363221,0.09574173515541876,0.9779986169173236,0.925263112412847,0.13559888242750906,0.9720299268282654,0.8835737743956895,0.06963229703614747,0.9862885706412255,0.9489257844640757
sim-290cec0ba2e737077c706fb198ebc327b0def52c977b8f836f910cfb5869534f,12,prechallenge_demand,2.4248993022364385,0.05690426636566852,14.075663449115401,8.878189102853385,0.0,0.0,0,7,0,7,0.9040282445540143,1.0,1.0,16,0,16,16,0,16,0,4,1.0,1.0,1,none,5,4,4,5,0.0659648711531483,0.9858743623936485,0.9504006378519351,0.1052517687371521,0.9782051008607445,0.915477290774183,0.11048240866143166,0.9763682266635544,0.910786556029915,0.03956140523018016,0.9912035541708927,0.9732400118629607,0.0022857950463430975,0.9880051651890065,0.9715613458684017,0.05399460254568666,0.9884239814381256,0.9625423409011082,0.019661602346444474,0.9948995816992031,0.9883806775349874,0.09580956955670479,0.9817469706871165,0.9253939797601212,0.131512556932005,0.9725234178821675,0.887462862640939,0.06640543419736265,0.9862939430018053,0.9518638859490587
sim-290cec0ba2e737077c706fb198ebc327b0def52c977b8f836f910cfb5869534f,13,challenged_demand,2.53521416767588,0.05658156060570874,14.9448820088438,9.428639458388568,0.0,0.0,0,9,0,9,0.9318934717795821,0.9444444444444444,1.0,18,1,17,18,0,18,0,5,1.0,1.0,1,none,5,6,6,5,0.06550867624614418,0.9860200360118372,0.950847017343526,0.10159834812014136,0.978807713586194,0.918903214894485,0.10725785830968977,0.978349865404403,0.9138655246504152,0.03986043569233053,0.992005072091335,0.9731599939993325,0.0021633412520795487,0.9894999584535384,0.9719410502474047,0.0516864308742448,0.9895079057254679,0.9645965911943254,0.022364888485332496,0.9950909228340621,0.986533172824868,0.09549142908723206,0.9804378644201904,0.9254631527441297,0.12599588470100853,0.9743659024652491,0.8927789940821874,0.06555240321715362,0.9864217117530935,0.9526991032926759
sim-290cec0ba2e737077c706fb198ebc327b0def52c977b8f836f910cfb5869534f,14,challenged_demand,2.3885731246624147,0.16857208110096403,43.22641913471444,30.78400695110001,0.2857142857142857,0.125,2,7,1,8,0.9954095434272906,1.0,1.0,16,0,16,16,0,16,0,4,1.0,1.0,1,none,5,4,5,5,0.06537733723911324,0.9858327666073964,0.9508916351132156,0.09754023300135004,0.9795874835076726,0.9227257238137454,0.10386021668693464,0.9781883211479372,0.9171217739562016,0.03906056741409173,0.9919394290719771,0.9737647566251786,0.0019304989000437445,0.9887613868412147,0.9745066269333507,0.05201602836676788,0.9880676714259342,0.9641417907924597,0.025599509138044964,0.9937529135493102,0.984139605897214,0.08967215207158731,0.9810784561256894,0.9309180296612897,0.12306681186996601,0.9735630393298845,0.8957848727122592,0.06585764630147961,0.9859646335410635,0.9526964455281889
sim-290cec0ba2e737077c706fb198ebc327b0def52c977b8f836f910cfb5869534f,15,challenged_demand,2.346942663661819,0.1349371006458298,36.079692686620476,27.262585811424646,0.125,0.125,1,8,1,8,0.8412703046250164,1.0,1.0,17,0,17,17,0,17,0,4,1.0,1.0,1,none,5,5,5,4,0.06649964312482663,0.9862093743904216,0.9499019540368221,0.10070873167457388,0.979078610636876,0.9197541086533367,0.10676338758694748,0.9769883520285154,0.9144445977610474,0.039500598135251114,0.9914775394530198,0.9731333249828917,0.0023716468145886693,0.9880683534483894,0.9711063382535601,0.055163556061476375,0.9886246101654421,0.9616512509678323,0.025464140094160273,0.9955736556935004,0.9845538904702358,0.09331604956198203,0.97943476231299,0.9279180262314867,0.12709956495453675,0.9734316061381821,0.89212787124317,0.06624050289636824,0.9860934668855839,0.952229142093542
sim-290cec0ba2e737077c706fb198ebc327b0def52c977b8f836f910cfb5869534f,16,challenged_demand,2.473742869534817,0.0762252790433379,13.239192062084445,6.903208951968397,0.0,0.0,0,8,0,8,0.9375507680919288,1.0,1.0,17,0,17,17,0,17,0,5,1.0,1.0,1,none,5,5,5,5,0.0653477414193591,0.9858278869081546,0.9508471385240432,0.09920231377083234,0.9779560472349696,0.9209203925382297,0.10661662264123915,0.9772932245682324,0.9143498522552956,0.039394981441209655,0.9921870772391795,0.9732799438739382,0.0023739044430474633,0.9873533985372223,0.9704727132795857,0.05495745806802468,0.9880677474432317,0.96173990014705,0.025636769596559916,0.9942509441906044,0.9841315799682868,0.09782355745394798,0.9788006740137636,0.9237916860010075,0.12564234599331398,0.9728604319096162,0.8931417022902656,0.06663108150854558,0.9855150764539182,0.9516702258544608
sim-290cec0ba2e737077c706fb198ebc327b0def52c977b8f836f910cfb5869534f,17,challenged_demand,2.410675689985971,0.0805511655466494,9.186655589336972,36.3671230569081,0.0,0.16666666666666666,0,5,1,6,0.7970908137379005,1.0,1.0,14,0,14,14,0,14,0,3,1.0,1.0,1,none,4,3,4,5,0.06679002662028498,0.9852324184659962,0.9494678281079821,0.10083335561307102,0.977719042924014,0.9195617417997504,0.10689721428318369,0.9771041004511194,0.9141619598964664,0.0398233542763184,0.9891815117295487,0.9725907264834546,0.0023459645181192488,0.9869641587807882,0.9706581210322798,0.05554110778128695,0.987735926479847,0.9611662822835784,0.02482492247168166,0.9942479657821122,0.9848939283734005,0.09644891193974288,0.9774762877310407,0.9245966759547184,0.1235148498659963,0.9735950717664821,0.8957797551611917,0.06626998750799414,0.9843503198403356,0.9519073093866973
sim-290cec0ba2e737077c706fb198ebc327b0def52c977b8f836f910cfb5869534f,18,challenged_demand,2.5193504621234353,0.09753727141724819,32.23987655141101,31.54657966167879,0.125,0.125,1,8,1,8,0.8095161580497379,1.0,1.0,17,0,17,17,0,17,0,5,1.0,1.0,1,none,5,5,5,5,0.06742421602081984,0.9863607932363475,0.9492631931024151,0.105876766072979,0.9786035263694444,0.9146868310905298,0.10872437179252657,0.9775735604487839,0.9123993160376594,0.04637568284154275,0.9916001709568579,0.9678018810165343,0.0025156521903297435,0.9881030207833483,0.9685631803286369,0.05641751155081667,0.9888601087667801,0.9604951289552212,0.027455448066084572,0.9947121981225837,0.9830812902644518,0.09949983310666158,0.9818870629322843,0.9221356770584047,0.12795942454235767,0.9733690963579522,0.8910460054675554,0.07093762207262144,0.9862532398997652,0.9479898115165185
sim-290cec0ba2e737077c706fb198ebc327b0def52c977b8f836f910cfb5869534f,19,postdemand_recovery,2.4814405442801073,0.21414748117698712,149.8097726795075,65.95592218062644,0.875,0.42857142857142855,7,8,3,7,0.8991247550200624,0.9411764705882353,0.8823529411764706,17,1,16,17,2,15,0,4,1.0,1.0,1,none,5,5,4,5,0.06583922254109999,0.989638211208167,0.955270434014819,0.09914515645131931,0.9847217817190134,0.9285736346113787,0.10218519836103851,0.9847546675618049,0.9260983923681589,0.0394370611839304,0.9944995153853383,0.975542658730083,0.0021368662620756115,0.992100292954646,0.9739503782243041,0.05305296994986522,0.99222307680951,0.966506260400064,0.02307135454488866,0.9977179064878613,0.9871814451451134,0.09290123574117655,0.9854724543886381,0.9342747101248142,0.12097938709268155,0.9814573539901432,0.9071171545306961,0.067056887846014,0.9899992639955211,0.9556413281676903
sim-290cec0ba2e737077c706fb198ebc327b0def52c977b8f836f910cfb5869534f,20,postdemand_recovery,2.5281942870034664,0.03628889711657368,7.572846015740783,6.429170598840211,0.0,0.0,0,8,0,8,0.955270465073888,1.0,1.0,18,0,18,18,0,18,0,5,1.0,1.0,1,none,5,5,5,5,0.06478649315834181,0.9902457159639817,0.9610284024421625,0.09974495206942394,0.984078310204561,0.9362580416079337,0.10348928031248858,0.9828093274127603,0.9336980638209758,0.040392144978571354,0.9932366463223623,0.9779050127755622,0.0023263057954420597,0.990062872406848,0.976907629200849,0.05343547381970281,0.9909551767492496,0.9701819286056422,0.016858004352787694,0.9975821273261907,0.9918980852255351,0.0953593549106811,0.9844714189314342,0.9402151585846386,0.12056905515935358,0.9803456392984474,0.9176842870234171,0.06546068782379107,0.9899330270710163,0.9618547229678599
sim-290cec0ba2e737077c706fb198ebc327b0def52c977b8f836f910cfb5869534f,21,postdemand_recovery,2.56314782102794,0.02591860270339672,11.8451917333713,4.270729941144693,0.0,0.0,0,9,0,9,0.968880947245726,1.0,1.0,18,0,18,18,0,18,0,5,1.0,1.0,1,none,5,6,6,5,0.06384461606269717,0.9900276789952488,0.9631748353767933,0.10328886113885606,0.9830625516289294,0.9359536759483401,0.10804535411061474,0.9825130863550828,0.9327957178832493,0.040483963673792145,0.9944949884218746,0.9788929586383278,0.002480699758397851,0.9910591313044897,0.9764048325042132,0.055942028376228185,0.9912517990098567,0.9699233404930424,0.016491629266388436,0.9975205425984053,0.9923173086390894,0.0896470697236449,0.988072087164644,0.9467446770260772,0.12869105841483805,0.978450749256774,0.9142820132363001,0.06477533462463225,0.990240531233306,0.9640774804971812
sim-290cec0ba2e737077c706fb198ebc327b0def52c977b8f836f910cfb5869534f,22,postdemand_recovery,2.5852602069820105,0.020406233507946778,9.592996528751272,3.1902700757526348,0.0,0.0,0,8,0,8,0.9163422608895805,1.0,1.0,18,0,18,18,0,18,0,5,1.0,1.0,1,none,5,5,5,5,0.06270967523474025,0.99021772341475,0.9644110712954671,0.10265016588169133,0.9840753869872424,0.9369883024750899,0.10890666548648983,0.98274427905992,0.9327139881291703,0.03770689378918621,0.9939764579112371,0.9806457218274978,0.002390816791623137,0.9905349739125268,0.9770076041502964,0.05681885696733144,0.9909310404046443,0.9697318497252085,0.017970174869639404,0.9971106263373899,0.9916050914293858,0.08665828731563471,0.9851995442232806,0.9492523124432858,0.12910569169767627,0.9796366204289132,0.914461705109957,0.06393862410660886,0.9896902570586725,0.9651667002302361
sim-290cec0ba2e737077c706fb198ebc327b0def52c977b8f836f910cfb5869534f,23,postdemand_recovery,2.5674211165276537,0.028020785944242826,7.6926869708888725,4.922654841898465,0.0,0.0,0,8,0,8,0.9402968290496583,1.0,1.0,18,0,18,18,0,18,0,5,1.0,1.0,1,none,5,5,5,5,0.06258360448474315,0.9902011113134555,0.9645981187620635,0.09893634591082599,0.9850898723626746,0.9398238150631867,0.10807325270179573,0.9828006661495199,0.9334113957060907,0.037529444514801044,0.994446105139127,0.9807498749974158,0.0024834396107433305,0.990532574630772,0.9766799985686857,0.05677958500913863,0.9912536413633725,0.9698513790334994,0.018826367895104848,0.9969911416662732,0.9913140450829716,0.09324397075662776,0.984823831393533,0.9447114405988843,0.1270669305334869,0.9795733383607967,0.9158979855139141,0.06459961546722053,0.9899788018845165,0.9649167590573188
sim-290cec0ba2e737077c706fb198ebc327b0def52c977b8f836f910cfb5869534f,24,postdemand_recovery,2.57740776962247,0.02282910176754674,16.17807406870579,2.630065372910443,0.0,0.0,0,8,0,8,0.893333754240174,1.0,1.0,18,0,18,18,0,18,0,5,1.0,1.0,1,none,5,5,5,6,0.06286161001830891,0.9902468259245503,0.9644798011909325,0.09915691744987706,0.9841996722328736,0.9395649294331029,0.1084536474359474,0.9835225656380966,0.9329898357980086,0.03826561398625878,0.9935325862426887,0.9802204109048406,0.0024767192030502394,0.9905810287595727,0.9765207910365266,0.0566567512007416,0.9912365765362348,0.9699335838808055,0.01849582721405617,0.9972198851756853,0.9914409627373925,0.09954880955136737,0.983185679405699,0.9398645626737145,0.1270891070035112,0.9808911997645589,0.9158337887330538,0.06545572605873709,0.9897220293062176,0.9643464713375907
sim-2656441b522d34d0155ee4735bb7303709009a99f3b13dbeba57674969ab2951,1,baseline,1.9727358595750726,0.48432326232169126,152.12385707338075,115.47168444210142,0.8333333333333334,0.7142857142857143,5,6,5,7,0.731921941612625,0.6666666666666667,0.6666666666666667,15,5,10,15,5,10,0,4,0.9939118628539726,0.9909944321056888,1,none,4,4,5,5,0.07986202576964903,0.9881335656516418,0.9807760424241676,0.07065802558912443,0.9897615672073965,0.9875007417531999,0.06629152285597396,0.9913344335419694,0.9906517537124215,0.064256614154294,0.995411322239629,0.9920644869556792,0.06588459105560164,0.9939118628539726,0.9909944321056888,0.06852336795266871,0.9928741760368772,0.9891204006061687,0.059059976584761385,0.9978188789189714,0.9956592922486114,0.08931534600659867,0.9841835098723775,0.974271978624673,0.06416022954229846,0.9914380644498232,0.9921390163547603,0.0718095949307981,0.992037212727049,0.9868712031760484
sim-2656441b522d34d0155ee4735bb7303709009a99f3b13dbeba57674969ab2951,2,baseline,2.5881210581012555,0.018130428767295783,9.682910497037396,5.548269223560798,0.0,0.0,0,9,0,9,0.9620296188214035,1.0,1.0,19,0,19,19,0,19,0,5,0.9905605249529351,0.9790817976044728,1,none,6,5,5,5,0.07080686136362394,0.9898636176023672,0.9686083176146506,0.08458950510744302,0.9829408612524235,0.9597339555485844,0.08500633979743481,0.9817970680743092,0.9597439320868604,0.04569093935352966,0.9937221755535466,0.9855800632463286,0.05663532479201014,0.9905605249529351,0.9790817976044728,0.05857481732086576,0.9906316140735594,0.9776718043844729,0.02941014777669438,0.9983131747393205,0.9954623307917764,0.09384580361231672,0.985322604348999,0.9533351703930586,0.09658495923189077,0.9770278146749224,0.9511895350470506,0.06277795092951187,0.989110141825506,0.9749466971621964
sim-2656441b522d34d0155ee4735bb7303709009a99f3b13dbeba57674969ab2951,3,baseline,2.5453126681623517,0.021433383898714038,15.122599656347555,6.372661538417673,0.0,0.0,0,8,0,8,0.9379739475244312,1.0,1.0,18,0,18,18,0,18,0,5,0.9909187022433129,0.9728768123998587,1,none,5,5,5,5,0.06610058538007377,0.990347203391529,0.9656208725830752,0.09742636119819623,0.9839191076915471,0.9446994471829389,0.10052803935911499,0.9830984697486902,0.9429388014584734,0.040702116563376384,0.9939547909323713,0.9823298526415586,0.05734163977424605,0.9909187022433129,0.9728768123998587,0.05759154305504188,0.9912246219715511,0.9724388843182898,0.018359674327228077,0.9979276303607945,0.9950805191380538,0.08801308533693654,0.9848103486303582,0.9514499539301853,0.12096159880059729,0.9798674571351514,0.9263629509000045,0.06568783308752663,0.9897517609842209,0.9672650453126679
sim-2656441b522d34d0155ee4735bb7303709009a99f3b13dbeba57674969ab2951,4,baseline,2.5458550299039704,0.026594704073968717,10.815033349049312,6.662125505631514,0.0,0.0,0,8,0,8,0.9260276638117715,1.0,1.0,18,0,18,18,0,18,0,5,0.9918200106702226,0.9715909777521549,1,none,5,5,5,5,0.06393757077934177,0.9902921260182231,0.9649819405620703,0.09961969754974123,0.9846879064944442,0.9407501302766158,0.10569568318673267,0.9834635788940115,0.936709201328089,0.04151818696402587,0.9933075316322774,0.979553477517256,0.056351963795028735,0.9918200106702226,0.9715909777521549,0.05644497045734279,0.9916037215126474,0.9711734128442702,0.017095422003189722,0.9978325115213946,0.9934422723982982,0.0974557432769872,0.9852583285370567,0.9424823663499123,0.12517913771642178,0.9804615259532027,0.9194753677689278,0.06590269436841237,0.989732854151438,0.9650926078794372
sim-2656441b522d34d0155ee4735bb7303709009a99f3b13dbeba57674969ab2951,5,baseline,2.563176696901352,0.029364816953115578,17.504500892340857,7.761195491774164,0.0,0.0,0,9,0,9,0.9385456523001656,1.0,1.0,18,0,18,18,0,18,0,5,0.9909505988908046,0.971457175071564,1,none,5,6,6,5,0.06260493925474357,0.9903293044140024,0.9651126881320617,0.09817631325138716,0.9843115563017802,0.9409937634224272,0.10253339196574461,0.9840789634810924,0.938069868537296,0.040877621776411355,0.9939010241872922,0.9792180394514404,0.05534746892346098,0.9909505988908046,0.971457175071564,0.055906682356808075,0.9911329573884073,0.9708159420971167,0.014988644058466054,0.9975991745050347,0.9936987821933415,0.09564279009246542,0.9838226851047722,0.9427958654139017,0.1214533872617275,0.980072504275048,0.9211181059956995,0.06546733885013432,0.9900450731891742,0.9647500550845978
sim-2656441b522d34d0155ee4735bb7303709009a99f3b13dbeba57674969ab2951,6,baseline,2.533468887025187,0.02718383945166539,13.176594005118229,3.043318303382221,0.0,0.0,0,8,0,8,0.9115935908578698,1.0,1.0,16,0,16,16,0,16,0,5,0.9907136197047669,0.9693994152215273,1,none,5,5,5,5,0.0625434411842788,0.9900672509993261,0.9649295238969714,0.10131334178799793,0.9835915183080564,0.9384487735156554,0.10691178185392608,0.9819444332463015,0.934582193318161,0.03939475900935673,0.9939311753367319,0.979824496453864,0.05830416695202454,0.9907136197047669,0.9693994152215273,0.05750426193156801,0.9908818913535592,0.9696075904765766,0.016935249549894713,0.997323136174108,0.9923319970783441,0.09746322282864608,0.9850245115537807,0.9414647380339487,0.13019627141484866,0.9778928980778675,0.9139248119050332,0.06530134208760766,0.9897166501600081,0.9646096732537967
sim-2656441b522d34d0155ee4735bb7303709009a99f3b13dbeba57674969ab2951,7,prechallenge_demand,2.458156395755884,0.065401443318069,11.845347004330716,4.899359959337639,0.0,0.0,0,8,0,8,0.9130726111833394,1.0,1.0,17,0,17,17,0,17,0,5,0.9887925059981726,0.9664141450550989,1,none,5,5,5,5,0.06391433053793626,0.9859428053769043,0.9593190944022114,0.10321635569214185,0.9770763417573541,0.9293534614652276,0.10925533801937266,0.9772367959775902,0.9250275568927686,0.0419125025187024,0.991196113743594,0.9756682139429663,0.05744526585540333,0.9887925059981726,0.9664141450550989,0.056796565198049515,0.988535854952207,0.9665239769254629,0.017808919849598013,0.9951066889741549,0.9905467863762062,0.09634011344155925,0.9806685433426012,0.936104155418248,0.1312546677009853,0.9728749920170867,0.9034235865595139,0.0683823367843452,0.9844736899401753,0.9573766624338257
sim-2656441b522d34d0155ee4735bb7303709009a99f3b13dbeba57674969ab2951,8,prechallenge_demand,2.3852374576203594,0.12006298989450884,30.90899169193423,29.64799943597489,0.14285714285714285,0.125,1,7,1,8,0.8946720390824258,1.0,1.0,17,0,17,17,0,17,0,4,0.9886938971696635,0.9636643664168552,1,none,5,4,5,5,0.06620096340906016,0.9854913350798115,0.952465731778889,0.10609368953598415,0.9785262416083463,0.9185860591360218,0.11008842891495282,0.9769973280647666,0.9151685339773596,0.04247006882166586,0.9905137557890971,0.9722308661977069,0.05563229297709183,0.9886938971696635,0.9636643664168552,0.05541733624532962,0.9887703964794821,0.9633917239735921,0.021436965562756278,0.9953404648722988,0.9873088531444557,0.09801252157752934,0.9786890301087517,0.9266224892284408,0.132185014030396,0.9727323056322418,0.8915470911368119,0.06883073552958681,0.9864109843755665,0.9524657453167613
sim-2656441b522d34d0155ee4735bb7303709009a99f3b13dbeba57674969ab2951,9,prechallenge_demand,2.4349269468792665,0.045908338994811004,9.50372720622141,9.82941050579915,0.0,0.0,0,7,0,7,0.9223686393476563,1.0,1.0,16,0,16,16,0,16,0,4,0.9879403114235813,0.9624243608790158,1,none,5,4,4,5,0.06752721963229463,0.9857782067352269,0.9498299504059058,0.10581072297452232,0.9770199214014282,0.9160287575215579,0.10877820291413158,0.9765934861335427,0.9135527884120447,0.04535669963128657,0.9904662866910199,0.9689441967497803,0.05538289387741905,0.9879403114235813,0.9624243608790158,0.05583272989304029,0.9878404484363229,0.9615230646563787,0.026932695784362387,0.9926159070801961,0.9831944073269409,0.09951199239661089,0.9791837138378475,0.9228570143893472,0.13029954623927695,0.9715774611522582,0.8903614670434242,0.0704496642865905,0.9842480953497097,0.949044269786728
sim-2656441b522d34d0155ee4735bb7303709009a99f3b13dbeba57674969ab2951,10,prechallenge_demand,2.500181415742049,0.05812500406595061,19.921760593227805,6.515147643242644,0.0,0.0,0,8,0,8,0.9317296307180575,1.0,1.0,18,0,18,18,0,18,0,5,0.9890504563406171,0.961501783239237,1,none,5,5,5,5,0.06725661035177703,0.9860444024219459,0.9495594898512857,0.10685291950935268,0.9772503064760523,0.9139180197864692,0.11263721398005536,0.9752812343423208,0.9089920506170616,0.04320048001078921,0.990922828046741,0.9705663711115865,0.05621976936850813,0.9890504563406171,0.961501783239237,0.05620420567895851,0.9888708699199974,0.9609323828828279,0.03148523123546268,0.9921323499548681,0.9800029143957794,0.09849658330227279,0.9800044642847224,0.9230565069490158,0.13334015034558283,0.9701750051376055,0.8866792023106448,0.06917776279508152,0.9860430309713772,0.9497111210861727
sim-2656441b522d34d0155ee4735bb7303709009a99f3b13dbeba57674969ab2951,11,prechallenge_demand,2.4317260939435026,0.145968189530832,38.043132304598174,28.05141165958714,0.125,0.1111111111111111,1,8,1,9,0.9083625569743012,1.0,1.0,17,0,17,17,0,17,0,5,0.9896782470867427,0.9645250346610807,1,none,5,5,6,5,0.06588069572135671,0.986001811808336,0.9504981976937869,0.10735999069810484,0.9772068129490065,0.9131582137676619,0.11303150859747824,0.9771197358758748,0.9082483850516259,0.04384095294056326,0.9914313983460148,0.9701212481936597,0.05226987961020912,0.9896782470867427,0.9645250346610807,0.05423983925853605,0.9885924947166868,0.962344208621126,0.027551843274347333,0.9973854436508812,0.9834354809920639,0.09320341689517816,0.9802826838216476,0.9281206446781239,0.1369143959440405,0.971417851654318,0.8823440787173843,0.06777831364825403,0.9862776559408994,0.950702320769196
sim-2656441b522d34d0155ee4735bb7303709009a99f3b13dbeba57674969ab2951,12,prechallenge_demand,2.379743475432711,0.07328503516620138,9.839438494211251,9.08127026256801,0.0,0.0,0,7,0,7,0.8929515875371399,1.0,1.0,16,0,16,16,0,16,0,4,0.9875603983222386,0.9622044027764309,1,none,5,4,4,5,0.06661228961812735,0.9856674439788065,0.949868974556718,0.10716640314291254,0.9777570841390538,0.9135871157513766,0.11251437605901342,0.9764145204174756,0.9087057062104527,0.04216462725650724,0.9909965742874569,0.9715839296802301,0.05495089650367163,0.9875603983222386,0.9622044027764309,0.05649210703098061,0.9878742135958622,0.9604555320054919,0.02494576550802529,0.9942804316014155,0.9849354843494807,0.09817283381377183,0.9795222063681913,0.9236480676910387,0.1349691567022988,0.9729783699913009,0.8840216413864513,0.06657237083757882,0.9859448374802323,0.9518433912290459
sim-2656441b522d34d0155ee4735bb7303709009a99f3b13dbeba57674969ab2951,13,challenged_demand,2.5557195549487925,0.04861555491339302,9.408051222172771,7.060737622345421,0.0,0.0,0,9,0,9,0.9461433304949607,1.0,1.0,18,0,18,18,0,18,0,5,0.9544284851010739,0.6784290152814153,1,none,5,6,6,5,0.06576337043746183,0.9865473263725164,0.9506720835343417,0.1009029946467555,0.9793304292686369,0.9193490370038742,0.10584239914146595,0.9783544024605587,0.914891339350918,0.04080752233339999,0.9918404765480591,0.9724881581406676,0.0542351822043403,0.9544284851010739,0.6784290152814153,0.05385187646901987,0.9888284907915856,0.9627756742815714,0.023378683806113024,0.9949544148689604,0.9860181010412614,0.08789407403361685,0.9840733151214972,0.9331433444824779,0.12444910565766507,0.9743383098623007,0.8937755105029644,0.06628315265702904,0.985949107677929,0.9521487484731526
sim-2656441b522d34d0155ee4735bb7303709009a99f3b13dbeba57674969ab2951,14,challenged_demand,2.5848897384926963,0.04510776720430866,9.337902392067416,6.30715625903717,0.0,0.0,0,8,0,8,0.941813258618166,1.0,1.0,18,0,18,18,0,18,0,5,0.9896468544040262,0.8750345983116051,1,none,5,5,5,5,0.06464355419082839,0.9859555406934712,0.9514666629148553,0.09819629699936559,0.9786397869205052,0.9219759160109386,0.10570822741932562,0.976803165332633,0.9152504212074484,0.037765281631294605,0.9926343174603101,0.9746472719613904,0.049841651694589005,0.9896468544040262,0.8750345983116051,0.053665754842885355,0.9883027298841424,0.962920409055451,0.025414399140062518,0.9943745366299545,0.9843733867140133,0.08408348784771744,0.9817162189774751,0.9362857209748099,0.12343232604106535,0.9729134390922796,0.8959152422619432,0.06687560523043415,0.9851362124532791,0.9516967493178897
sim-2656441b522d34d0155ee4735bb7303709009a99f3b13dbeba57674969ab2951,15,challenged_demand,2.479954084101143,0.0483696384538537,14.326625694283118,28.01172347272686,0.0,0.125,0,7,1,8,0.79683693324945,1.0,1.0,16,0,16,16,0,16,0,4,0.9885478046037091,0.933481936289023,1,none,5,4,5,5,0.06596165458034317,0.9861939743649569,0.950353194497359,0.10273175583316926,0.9792168185378919,0.917861611934263,0.10825018500573623,0.9776727455756901,0.9128885940686823,0.03905947456547688,0.9916647235989051,0.9733340388885737,0.054597685533085895,0.9885478046037091,0.933481936289023,0.055767165328378256,0.9888019024042272,0.9610896786530168,0.025744929855625334,0.9951410766304573,0.9840912360257044,0.09295855029905982,0.9774794212983124,0.9282103148884371,0.12733404151534994,0.9741439577983622,0.8925756405675087,0.06882352716823542,0.9863181810152873,0.9499715126130114
sim-2656441b522d34d0155ee4735bb7303709009a99f3b13dbeba57674969ab2951,16,challenged_demand,2.499697701983909,0.05412679127263692,19.620688936395602,7.228186116629549,0.0,0.0,0,8,0,8,0.9294352366911076,1.0,1.0,18,0,18,18,0,18,0,5,0.9896900834836427,0.9564871674784177,1,none,5,5,5,5,0.0652213448749213,0.9857534218339737,0.9509523230665841,0.09867897927640797,0.9780492471550846,0.9215425147445626,0.10963403759994299,0.9751567637788922,0.9111010505780914,0.040035041812282256,0.9913577678355712,0.9726123925093755,0.05070621155683658,0.9896900834836427,0.9564871674784177,0.0541653830548198,0.9883396103352462,0.9624279521673916,0.02737496414482304,0.9934498871741093,0.98272854993281,0.09910367704693661,0.9795141405468731,0.9225346882917651,0.12710173164115557,0.9715067620196682,0.8917876867022485,0.06678704970418618,0.9856383595700524,0.9515004595431907
sim-2656441b522d34d0155ee4735bb7303709009a99f3b13dbeba57674969ab2951,17,challenged_demand,2.4873278743218745,0.05914366464113597,10.06146611627309,27.457250765819143,0.0,0.125,0,6,1,8,0.759900024790432,1.0,1.0,16,0,16,16,0,16,0,3,0.9908056458651818,0.9647545931189361,1,none,5,3,5,5,0.06617793347552893,0.9859007439530344,0.9501251938538444,0.10111265696913191,0.9782995718648784,0.9193866512902746,0.11107632582628092,0.9771645543618236,0.9098452287827224,0.038887859517530134,0.9915615438408663,0.9734608502791168,0.0479181228775482,0.9908056458651818,0.9647545931189361,0.05318042680368596,0.9892812751089334,0.963134640647391,0.024496638339952487,0.9958468909740145,0.9850490616406675,0.09259749042503898,0.9808307420537596,0.928100742101474,0.12797132543957357,0.973818529463405,0.8910236568372145,0.06755090926772135,0.9852008949276276,0.95084372186011
sim-2656441b522d34d0155ee4735bb7303709009a99f3b13dbeba57674969ab2951,18,challenged_demand,2.4830339452479997,0.05009454681180817,10.394554689858055,7.745893044736435,0.0,0.0,0,8,0,8,0.9938542055584803,1.0,1.0,16,0,16,16,0,16,0,5,0.9894379453415632,0.9662737878592976,1,none,5,5,5,5,0.06578732374147504,0.9866665497238122,0.9506344229766168,0.10501075177931497,0.9784571983231106,0.915761474057781,0.10978605487250337,0.9774628874425948,0.9112492966676553,0.04252895598826421,0.9906445614054193,0.9705126357577093,0.04884670320527009,0.9894379453415632,0.9662737878592976,0.053414126683416475,0.9889073395057469,0.9630415578672619,0.024618394560409713,0.9947309162085926,0.9849956114267879,0.09652363843472422,0.9808375618782216,0.9249775700407556,0.12630674535151593,0.9732336904581415,0.8931417965947841,0.06930152730208465,0.9860187621093714,0.9494462673324278
sim-2656441b522d34d0155ee4735bb7303709009a99f3b13dbeba57674969ab2951,19,postdemand_recovery,2.5902841534133527,0.021462550716270623,19.321347185421235,5.260611970172457,0.0,0.0,0,8,0,8,0.9552311183334636,1.0,1.0,18,0,18,18,0,18,0,5,0.9904824466439078,0.9681758863221152,1,none,5,5,5,5,0.06369937940658991,0.9899066409856716,0.9565384871748202,0.10215243125262992,0.9828105420437371,0.9257925844263145,0.10658893254336328,0.9824994580449622,0.921998795296565,0.043118125962903195,0.9932111836315591,0.9727659183554234,0.05233701517520545,0.9904824466439078,0.9681758863221152,0.054539081145115714,0.9905545532608738,0.9657995979322966,0.02129569905065623,0.9976960947979941,0.9881802224512715,0.09492176590546522,0.9828162279342263,0.9333476695765988,0.12452434124054579,0.9791661722067216,0.9039867312221316,0.06667323739206793,0.9894202766224495,0.9558220203514893
sim-2656441b522d34d0155ee4735bb7303709009a99f3b13dbeba57674969ab2951,20,postdemand_recovery,2.5686525547728944,0.015354736929878132,14.43457963378738,5.1683659840105785,0.0,0.0,0,8,0,8,0.9382613067058744,1.0,1.0,18,0,18,18,0,18,0,5,0.9909894684496366,0.9689599085797261,1,none,5,5,5,5,0.06270968485492416,0.9903900636002804,0.962296063833079,0.10528664836731545,0.9834743609227681,0.9317970804451124,0.1091684226459985,0.9824254017467233,0.9289261013057554,0.04151044837258229,0.993756922188277,0.9769556620907321,0.05654161729883078,0.9909894684496366,0.9689599085797261,0.05650482291601726,0.9911407008455351,0.9684003771123689,0.017556845365365784,0.9973195001098286,0.9914138741519082,0.10233745744075608,0.9842478423365792,0.9344392822152597,0.13115667932571806,0.9780235764054775,0.9092269177866089,0.06601134688688762,0.9897994882444896,0.9615506267792956
sim-2656441b522d34d0155ee4735bb7303709009a99f3b13dbeba57674969ab2951,21,postdemand_recovery,2.57695182224956,0.027834752251815257,8.802479870552034,4.909067817236264,0.0,0.0,0,9,0,9,0.9809994013958572,1.0,1.0,18,0,18,18,0,18,0,5,0.9907854763863154,0.9690628192721114,1,none,6,5,5,6,0.06281790660173872,0.9901090660174029,0.9638293934359059,0.10339188337631967,0.9841147738088591,0.9357814990552118,0.11063988996093212,0.9828624058952395,0.9305528358154072,0.03835714488435183,0.9947014352437911,0.9798255263729295,0.0579160787955156,0.9907854763863154,0.9690628192721114,0.05660220674802003,0.9912509718660601,0.9695023359169811,0.018473166595199993,0.9975981095582725,0.9913038383779458,0.09615971671029777,0.9870496345488659,0.9409087976335521,0.13545271371247877,0.9786600973078878,0.9088960475954275,0.06643125875512912,0.9897324438579094,0.9629510890822983
sim-2656441b522d34d0155ee4735bb7303709009a99f3b13dbeba57674969ab2951,22,postdemand_recovery,2.5385482446389998,0.029426199913981328,12.895888243718325,4.85185888885274,0.0,0.0,0,8,0,8,0.9217278341967284,1.0,1.0,16,0,16,16,0,16,0,5,0.9910995740906922,0.9690855571308776,1,none,5,5,5,5,0.06305209354968341,0.9899122811228932,0.964206783118706,0.10480009509870425,0.9830725775733858,0.9355122670893955,0.11175743448308569,0.9822630529726157,0.9304580608770225,0.03935754291596094,0.993575673601524,0.9794810957545156,0.05837415795634053,0.9910995740906922,0.9690855571308776,0.05735678760472516,0.9908338369682674,0.9693768240043623,0.016942864863935817,0.9973612800673634,0.9923022637591564,0.0889488166813181,0.9861377362954887,0.9473007607613083,0.13651870900819352,0.9786426284159604,0.9087082123139938,0.06647341110812922,0.9894709225625413,0.9634594507902019
sim-2656441b522d34d0155ee4735bb7303709009a99f3b13dbeba57674969ab2951,23,postdemand_recovery,2.5928006385423052,0.020061379403507957,10.087025780628425,3.1608256680423574,0.0,0.0,0,8,0,8,0.9222566220212006,1.0,1.0,18,0,18,18,0,18,0,5,0.9903318586264709,0.968818849073083,1,none,5,5,5,5,0.06294127940478521,0.990033327537609,0.9644248548164168,0.10356363963497733,0.9833970614925132,0.9365813083911521,0.11017600157475246,0.9822155673314491,0.9317708898325558,0.04122695323858878,0.9928811171012478,0.9784825450997751,0.058837732102000814,0.9903318586264709,0.968818849073083,0.05848810438326612,0.9905879758338869,0.968748735626948,0.014874917262216765,0.9983700617048269,0.993391574070514,0.09078327358325845,0.9840833792677466,0.9464482671262403,0.1340795127629192,0.9780755630720733,0.91046744731111,0.0663138567370859,0.9892830427996454,0.9637290373327116
sim-2656441b522d34d0155ee4735bb7303709009a99f3b13dbeba57674969ab2951,24,postdemand_recovery,2.562934008775449,0.02067152391472627,12.55020908159697,2.9768386960853306,0.0,0.0,0,8,0,8,0.9566101013789358,1.0,1.0,18,0,18,18,0,18,0,5,0.9910542357633224,0.96950290002282,1,none,5,5,5,5,0.0627999719262116,0.990390712789643,0.9645839437473445,0.10311477612811873,0.9839325910186435,0.9369600023732586,0.110030850104795,0.9828428134433405,0.9319807321472031,0.04108524530814885,0.9938963170431805,0.9787016850089921,0.05784275134375666,0.9910542357633224,0.96950290002282,0.0578006892267203,0.9911265585889719,0.9692562974861889,0.014927488596379985,0.9970726607325335,0.993184292845093,0.09745088462173686,0.9838935647950379,0.9414921061873066,0.13391266965776707,0.978804816053005,0.9105956206524007,0.06630388775931312,0.99004232411146,0.9638256996991138
sim-6dd67f12ecbdb2aed3d6b8d7619f74026f4784938067850715f474cb72d1d0fc,1,baseline,1.9727358595750726,0.48432326232169126,152.12385707338075,115.47168444210142,0.8333333333333334,0.7142857142857143,5,6,5,7,0.732284496252938,0.6666666666666667,0.6666666666666667,15,5,10,15,5,10,0,4,0.9937773428203425,0.9918705080368994,1,none,4,4,5,5,0.07986202130843767,0.9881338712375412,0.9807760653495289,0.0706580264533868,0.9897618621040091,0.9875007794441353,0.06629153141772952,0.9913341322238829,0.9906517935691552,0.06425660645532157,0.9954113651101933,0.9920644803828073,0.028178372220422517,0.9937773428203425,0.9918705080368994,0.06852332716980732,0.9928739941301633,0.9891204272843399,0.059059973701076074,0.9978188789019687,0.995659292286649,0.08931515513455188,0.9841822947385197,0.974272138899283,0.06416013771910692,0.9914384357772156,0.99213908079976,0.07180954566125967,0.9920371259290928,0.9868712152735731
sim-6dd67f12ecbdb2aed3d6b8d7619f74026f4784938067850715f474cb72d1d0fc,2,baseline,2.5881210581012555,0.01806214742135283,9.579540460975572,5.439573571386895,0.0,0.0,0,9,0,9,0.9619568156602232,1.0,1.0,19,0,19,19,0,19,0,5,0.9902025421582269,0.9830486491021566,1,none,6,5,5,5,0.07080668000244754,0.9898636774118548,0.9686084505733791,0.08458919695281936,0.9829376531249718,0.9597340934544717,0.08500619380368159,0.9817966584029696,0.9597440854962487,0.04569101415836489,0.9937222609786939,0.9855801218802742,0.003924275408668365,0.9902025421582269,0.9830486491021566,0.05857491227063856,0.9906311211267723,0.9776718891216325,0.029410214806371505,0.9983133181732284,0.9954623187558073,0.09384568694164246,0.9853205045035096,0.9533351663655324,0.09658477755110663,0.9770290461695162,0.9511898009135159,0.0627778633039279,0.9891108443000921,0.9749467753434551
sim-6dd67f12ecbdb2aed3d6b8d7619f74026f4784938067850715f474cb72d1d0fc,3,baseline,2.5453126681623517,0.021433383898714038,15.122599656347555,6.372661538417673,0.0,0.0,0,8,0,8,0.9383134918347406,1.0,1.0,18,0,18,18,0,18,0,5,0.99054790822913,0.9787988212041061,1,none,5,5,5,5,0.06610080394469038,0.9903468085819898,0.9656207842773492,0.09742650613295219,0.9839189117782083,0.9446992994062818,0.10052816097228467,0.9830989431333379,0.9429386330166539,0.04070209130944441,0.9939540762228815,0.9823298158488705,0.0025349635849725074,0.99054790822913,0.9787988212041061,0.05759198143328596,0.9912256157840224,0.9724387768823698,0.018359679859850847,0.9979275601296017,0.995080520292472,0.0880132463455645,0.9848064983799177,0.9514498903623063,0.12096160427700471,0.9798639523773958,0.9263625034572146,0.06568800975812612,0.9897517110197439,0.9672650285762955
sim-6dd67f12ecbdb2aed3d6b8d7619f74026f4784938067850715f474cb72d1d0fc,4,baseline,2.5458550299039704,0.026296867714680136,10.932220849049246,6.545847117150635,0.0,0.0,0,8,0,8,0.9264888864704118,1.0,1.0,18,0,18,18,0,18,0,5,0.991476908708539,0.978082741080406,1,none,5,5,5,5,0.0639379500709275,0.9902923272736731,0.9649816877960175,0.09961937559772122,0.9846861289930232,0.940749830740336,0.10569592815201458,0.9834621744910014,0.936708783627665,0.041518135640383536,0.9933072754314569,0.9795533848789072,0.0023350551806437256,0.991476908708539,0.978082741080406,0.05644513507103284,0.9916040343859607,0.9711733320782894,0.01709556059150387,0.997832953390091,0.9934422182912065,0.09745596968252458,0.9852550263750345,0.9424820275780471,0.12528947382428662,0.9804007287734796,0.9193762193732944,0.0659031329064029,0.9897318528510194,0.9650923471512163
sim-6dd67f12ecbdb2aed3d6b8d7619f74026f4784938067850715f474cb72d1d0fc,5,baseline,2.563176696901352,0.02894900834969182,17.485940847888752,7.543679826527633,0.0,0.0,0,9,0,9,0.9404686341280257,1.0,1.0,18,0,18,18,0,18,0,5,0.990514919272785,0.9779517196165127,1,none,5,6,6,5,0.06260197678877175,0.9903281909659838,0.9651147582174825,0.09817186869768778,0.9843115535625413,0.9409967281669228,0.10239798048097755,0.9841262991223387,0.9381681937951326,0.04087528419632182,0.9938995983031307,0.9792193629997225,0.002354319357416179,0.990514919272785,0.9779517196165127,0.05590497231280494,0.9911247082749635,0.9708169513056873,0.014986945150808895,0.9975994119345994,0.9936997112579262,0.09563879997402303,0.9838266723635282,0.9427988448820481,0.12122278566640955,0.9801977626208345,0.9212876729293823,0.06546477309006343,0.9900444117285907,0.9647517899683526
sim-6dd67f12ecbdb2aed3d6b8d7619f74026f4784938067850715f474cb72d1d0fc,6,baseline,2.533468887025187,0.02732150245770435,13.298102027432414,3.3811039506643312,0.0,0.0,0,8,0,8,0.9127880814830716,1.0,1.0,16,0,16,16,0,16,0,5,0.990321897238496,0.9764314833838591,1,none,5,5,5,5,0.06254459728024135,0.990068425026401,0.9649289320401888,0.1013137617270227,0.9835934569772943,0.9384485430081518,0.10683065319134581,0.9819451416238273,0.934645019770768,0.03939458709815648,0.9939365245695898,0.979824305645578,0.0025395373900666566,0.990321897238496,0.9764314833838591,0.05750432571073645,0.9908791026194509,0.9696075074358571,0.016935982617172954,0.9973240311193466,0.9923316715569415,0.09746383409270268,0.985024098116499,0.9414644390588998,0.12980340064727375,0.9780294113715707,0.9142162648674318,0.06530186034130392,0.9897181062549737,0.9646095287429343
sim-6dd67f12ecbdb2aed3d6b8d7619f74026f4784938067850715f474cb72d1d0fc,7,prechallenge_demand,2.4711749805378855,0.059877953710053916,10.41235472815428,5.510954005999359,0.0,0.0,0,8,0,8,0.9409764582570576,1.0,1.0,17,0,17,17,0,17,0,5,0.9887788635282041,0.9744264598265788,1,none,5,5,5,5,0.06398212688667342,0.9857713971882227,0.9592517481717859,0.10310394920744105,0.9771660412863061,0.9294663456266543,0.10959872051838368,0.9770054049022587,0.9247210207621613,0.041646882351362005,0.9914082149899837,0.9758644074893762,0.002367135158080544,0.9887788635282041,0.9744264598265788,0.05663727082430591,0.988760703007538,0.9666627873476148,0.017932948785774932,0.9947460633067021,0.990423165570495,0.0952628992715364,0.9822937018309164,0.9371854988081891,0.13185280351527098,0.9723674475344122,0.902721463729231,0.06852252468289598,0.9842859456591485,0.9572333607530009
sim-6dd67f12ecbdb2aed3d6b8d7619f74026f4784938067850715f474cb72d1d0fc,8,prechallenge_demand,2.522109886701499,0.03802595778451819,8.06874510237924,10.1971637892336,0.0,0.0,0,8,0,8,0.9579677902218615,1.0,1.0,18,0,18,18,0,18,0,5,0.9870988389733805,0.9712884998043825,1,none,5,5,5,5,0.06600497965432031,0.9858215361846259,0.9525941898833098,0.10779404533247085,0.9775288099216036,0.9167874059729614,0.11295358187212877,0.9757036326681553,0.9124203383805082,0.04314316684868857,0.9897872542378325,0.9715392037327486,0.0024071535139089484,0.9870988389733805,0.9712884998043825,0.05685801682938414,0.9876922061605096,0.9621109517143412,0.023252217069336664,0.9950641190973276,0.9859412531014675,0.09295676672947426,0.9790207546175717,0.9312399409197712,0.13555674243163132,0.9710905878057393,0.8884698838373486,0.06963530424433872,0.9857422192380344,0.9514539242520361
sim-6dd67f12ecbdb2aed3d6b8d7619f74026f4784938067850715f474cb72d1d0fc,9,prechallenge_demand,2.432623593537106,0.051517727349391466,10.534133692695187,9.8211467420761,0.0,0.0,0,7,0,7,0.967597057623439,1.0,1.0,16,0,16,16,0,16,0,4,0.987877880488586,0.9703447808207111,1,none,5,4,4,5,0.06724026660330157,0.9856203637977295,0.9500298437390152,0.10797209259090997,0.976905618662912,0.9140294174031738,0.11054555033348584,0.9776088577294032,0.9120904685151854,0.04690980373397385,0.9904128128359221,0.9675261817175156,0.0023436350867978815,0.987877880488586,0.9703447808207111,0.05742262343650462,0.9881683829036431,0.9602528244307942,0.026850922940593824,0.9930356089631703,0.9832205021295513,0.09869941031924222,0.9783694839255266,0.9237602669398864,0.13390410414070636,0.9719610100330994,0.8871020075697845,0.07168551945030067,0.984816829765359,0.947805610684452
sim-6dd67f12ecbdb2aed3d6b8d7619f74026f4784938067850715f474cb72d1d0fc,10,prechallenge_demand,2.509264008103767,0.03841291347731275,15.182277812222193,5.499376284816834,0.0,0.0,0,9,0,8,0.921718203964516,1.0,1.0,18,0,18,18,0,18,0,5,0.9889792359304911,0.9712687959089412,1,none,5,6,5,5,0.06767264382098623,0.9858388703582261,0.9491562334324404,0.10871025771202159,0.9761394745911451,0.9121342939000909,0.10973747377827245,0.9759902009063536,0.9120206848735338,0.04252983497265826,0.9912873483804167,0.9709892495731031,0.0022328464150335316,0.9889792359304911,0.9712687959089412,0.05533787700744458,0.9889967654020879,0.961649393191311,0.028140588116218262,0.9938433741640779,0.9822267256555055,0.09692202526428222,0.9810719005814401,0.9247520965991477,0.13317814715421847,0.9706711055761963,0.8868353251167125,0.06922013795570714,0.9852432249109302,0.9494449846879707
sim-6dd67f12ecbdb2aed3d6b8d7619f74026f4784938067850715f474cb72d1d0fc,11,prechallenge_demand,2.5556198039420925,0.05477423588719857,24.613937935460118,14.084998079383611,0.0,0.0,0,8,0,9,0.9484160609842683,1.0,1.0,17,0,17,17,0,17,0,5,0.989296973836962,0.9725843524281382,1,none,5,5,6,5,0.06557040207626252,0.986534398625156,0.9508259812096302,0.10804912772452645,0.978284762872677,0.9125809262108096,0.11118075544741245,0.9769472564450977,0.9103017042581165,0.04236050322569474,0.9923918496746498,0.9711339111627016,0.0021196235459967757,0.989296973836962,0.9725843524281382,0.05275157144009254,0.9894461032770325,0.9635708298822899,0.02409383223541984,0.9979317768880155,0.9854956433363221,0.09574173515541876,0.9779986169173236,0.925263112412847,0.13559888242750906,0.9720299268282654,0.8835737743956895,0.06963229703614747,0.9862885706412255,0.9489257844640757
sim-6dd67f12ecbdb2aed3d6b8d7619f74026f4784938067850715f474cb72d1d0fc,12,prechallenge_demand,2.4248993022364385,0.05690426636566852,14.075663449115401,8.878189102853385,0.0,0.0,0,7,0,7,0.9040282445540143,1.0,1.0,16,0,16,16,0,16,0,4,0.9880051651890065,0.9715613458684017,1,none,5,4,4,5,0.0659648711531483,0.9858743623936485,0.9504006378519351,0.1052517687371521,0.9782051008607445,0.915477290774183,0.11048240866143166,0.9763682266635544,0.910786556029915,0.03956140523018016,0.9912035541708927,0.9732400118629607,0.0022857950463430975,0.9880051651890065,0.9715613458684017,0.05399460254568666,0.9884239814381256,0.9625423409011082,0.019661602346444474,0.9948995816992031,0.9883806775349874,0.09580956955670479,0.9817469706871165,0.9253939797601212,0.131512556932005,0.9725234178821675,0.887462862640939,0.06640543419736265,0.9862939430018053,0.9518638859490587
sim-6dd67f12ecbdb2aed3d6b8d7619f74026f4784938067850715f474cb72d1d0fc,13,challenged_demand,2.5358566267218245,0.055527756181116626,13.87307693693507,8.058078184351862,0.0,0.0,0,9,0,9,0.9098868880827505,1.0,1.0,18,0,18,18,0,18,0,5,0.9538092046042093,0.6890398450568203,1,none,5,6,6,5,0.0651633865419105,0.986340145608124,0.9511828017305267,0.10318879996216322,0.9777353229262464,0.9172261109468866,0.10850961169379783,0.9774716332736687,0.9125511150163895,0.040744714622981244,0.9914222215967554,0.9723531467933914,0.002244314216588013,0.9538092046042093,0.6890398450568203,0.05264214510749433,0.9886974642667894,0.9637697671191977,0.023127033298865743,0.9947072354017512,0.9859563683555548,0.0951302050073756,0.9802074416326172,0.9259246967466348,0.12517390655771474,0.9741831715645616,0.8932008682143681,0.06612239266863328,0.9859817105368528,0.9522442689133177
sim-6dd67f12ecbdb2aed3d6b8d7619f74026f4784938067850715f474cb72d1d0fc,14,challenged_demand,2.385781744771215,0.13640187012808497,40.985495522094375,31.355934609014867,0.14285714285714285,0.125,1,7,1,8,0.9692831225818025,1.0,1.0,16,0,16,16,0,16,0,4,0.9904348659245764,0.8835599648602885,1,none,5,4,5,5,0.06480853981182738,0.9859200023156502,0.9514000134971339,0.10083719289924772,0.9793725931447723,0.9195600788081417,0.10657565682762381,0.9777636420739488,0.9143952135972964,0.03981170701726443,0.9921809843908644,0.9731449431026744,0.0018097361240656787,0.9904348659245764,0.8835599648602885,0.05258350693920083,0.9889105581499552,0.9637843087326989,0.02504462495262541,0.994579580497152,0.984611736874678,0.08913662905189985,0.9818795968630412,0.9314522961181863,0.12422355357042188,0.9738306892280154,0.8946000071719427,0.06691907209224829,0.9858093115138733,0.9518649093591655
sim-6dd67f12ecbdb2aed3d6b8d7619f74026f4784938067850715f474cb72d1d0fc,15,challenged_demand,2.2409593440153013,0.18224794270119932,40.85641821913219,30.212976811858155,0.16666666666666666,0.125,1,6,1,8,0.9177537958547105,1.0,1.0,15,0,15,15,0,15,0,3,0.9888159872157528,0.9431876057560283,1,none,5,3,5,5,0.066512962354425,0.9859609986785974,0.949909620723678,0.103378084860863,0.9781411776125729,0.9171283272035184,0.10848968368715409,0.9771132486343617,0.9126464629883105,0.04036793513125453,0.9910588012807787,0.9723908856968723,0.0022814949355930026,0.9888159872157528,0.9431876057560283,0.05460893428607121,0.9890492049354741,0.9621467436268797,0.025887581850532207,0.9947901354565942,0.9840823263433984,0.09108992283220939,0.9807294090428401,0.929858379399316,0.12768522629704174,0.9733283885348487,0.8916793550880356,0.06830730723685878,0.9854399204270201,0.950446419540811
sim-6dd67f12ecbdb2aed3d6b8d7619f74026f4784938067850715f474cb72d1d0fc,16,challenged_demand,2.4117074459671946,0.14161072098278818,41.59865272717646,35.33521330725842,0.125,0.14285714285714285,1,8,1,7,0.8951262563709929,1.0,1.0,16,0,16,16,0,16,0,4,0.9879292704112319,0.9637668531144934,1,none,4,6,5,5,0.06608465610020241,0.9856230373159706,0.9502453259121537,0.10075476603112676,0.9782250006427675,0.9194642349899601,0.10654782127117307,0.977332694528117,0.9146239886791554,0.03865010155243662,0.992617294525463,0.9739211018600383,0.002120060046292214,0.9879292704112319,0.9637668531144934,0.05330564784717487,0.9882138953081899,0.9631043939290154,0.022950692329697903,0.9954635644741613,0.9861283933160208,0.09462876362932145,0.9781945505775925,0.9263011185976116,0.12281790142509809,0.9740131534380703,0.8967112980234904,0.06535056699273983,0.9868022233912574,0.9528277202165344
sim-6dd67f12ecbdb2aed3d6b8d7619f74026f4784938067850715f474cb72d1d0fc,17,challenged_demand,2.4470603625012854,0.07295647661326227,7.620333825168751,30.552897547804484,0.0,0.14285714285714285,0,6,1,7,0.8926790822670109,1.0,1.0,15,0,15,15,0,15,0,3,0.9879348025945922,0.9698866159701994,1,none,5,3,4,5,0.06716783214969399,0.9851276834067019,0.9491919192729108,0.10082614191863343,0.977929323644267,0.9196809325364165,0.1083372355121088,0.9767733525227204,0.9130786004611602,0.03689477503966945,0.99088409034673,0.9751331408038632,0.002167421459645122,0.9879348025945922,0.9698866159701994,0.05332434727559154,0.9882822606110889,0.9630159581241703,0.023045529656008448,0.9943815145343846,0.9861309302528489,0.09624890220775184,0.9777861976995639,0.9246221401477474,0.12521605457977644,0.9724572683779167,0.8945600582989756,0.0647643547916249,0.9848067567387592,0.9531366608463754
sim-6dd67f12ecbdb2aed3d6b8d7619f74026f4784938067850715f474cb72d1d0fc,18,challenged_demand,2.537496273994989,0.04695220972223164,16.820134376878308,8.136207451617254,0.0,0.0,0,8,0,8,0.8706512366362633,1.0,1.0,18,0,18,18,0,18,0,5,0.9885736648738497,0.9692928879831855,1,none,5,5,5,5,0.06720669606903908,0.9866363297758695,0.9494559563409234,0.10494485071185093,0.9778215749562544,0.9157081726318932,0.10759228735650689,0.9774470635196569,0.9136850773090365,0.043035864066183815,0.9914421339163839,0.9705899332304162,0.0023968908033049916,0.9885736648738497,0.9692928879831855,0.05499776444540844,0.9887876478757671,0.9616763143012809,0.026603666534547123,0.9945777352558818,0.9837803106630898,0.09911969156948353,0.9813718516644323,0.9224024711697585,0.12750979587565311,0.972592418513855,0.8916679927127693,0.0678323748595526,0.9867517701894194,0.9505834092862396
sim-6dd67f12ecbdb2aed3d6b8d7619f74026f4784938067850715f474cb72d1d0fc,19,postdemand_recovery,2.558876210268884,0.017209191517136777,17.744682928646785,2.7336053195101804,0.0,0.0,0,8,0,8,0.9149806997850539,1.0,1.0,18,0,18,18,0,18,0,5,0.9909247966072271,0.9735089566910744,1,none,5,5,5,5,0.06486758573215148,0.9902173004422098,0.9559889829936185,0.10259902001475613,0.9840563092287712,0.9252197729934704,0.10667825094924563,0.9831181255424283,0.9223621243599838,0.040102339650490385,0.9940837959930764,0.9751578419670875,0.002283236709219537,0.9909247966072271,0.9735089566910744,0.05469679900875695,0.9912216889418712,0.9655541078195047,0.02597526578873978,0.9963905020354961,0.9855077378028512,0.09613906852428025,0.9841747590137444,0.9320048090716563,0.12631420893476764,0.9799731324167845,0.9019711275400414,0.06604764871822535,0.9898615149735888,0.9565750967552639
sim-6dd67f12ecbdb2aed3d6b8d7619f74026f4784938067850715f474cb72d1d0fc,20,postdemand_recovery,2.572536265077742,0.019698712764701636,20.656679112486636,5.656325211324987,0.0,0.0,0,9,0,9,0.929877957897158,1.0,1.0,19,0,19,19,0,19,0,5,0.9909175193189287,0.976334092753974,1,none,5,6,6,5,0.06314996328154196,0.9901264139244818,0.9620727377022695,0.1014372494475306,0.9844967123568654,0.9342890403218496,0.10743017083881835,0.9830180652658103,0.9302685416336877,0.038000385668012344,0.9946355547583793,0.9791876383063013,0.002350496389076388,0.9909175193189287,0.976334092753974,0.05540343233022434,0.9913295681290843,0.9690016544195055,0.020438716943997234,0.9982612340300041,0.9901562292291092,0.10230650294700999,0.9834249324726938,0.9348452598909333,0.1273781241244132,0.9796655974013675,0.9111608856599643,0.06505937157224072,0.989964191805535,0.9623273976407274
sim-6dd67f12ecbdb2aed3d6b8d7619f74026f4784938067850715f474cb72d1d0fc,21,postdemand_recovery,2.5711552098855828,0.020331623174686217,15.910489029108923,5.952768623045568,0.0,0.0,0,8,0,8,0.9855209854483571,1.0,1.0,18,0,18,18,0,18,0,5,0.9910319721659637,0.9768951996126621,1,none,5,5,5,5,0.0621798349944736,0.9903579991403475,0.9642698754064333,0.10014080053629967,0.9841167705139254,0.9379989453284857,0.10976753439756086,0.9821430274832617,0.9311686865950215,0.036982771698511274,0.9937441778177325,0.9805171267547552,0.0023920253697107684,0.9910319721659637,0.9768951996126621,0.05613471476898965,0.9910569182789954,0.9697305822919635,0.016139275192698276,0.9972088112186376,0.9926286486630902,0.10336399689150874,0.9837660131015199,0.9357593453885193,0.13113363777226392,0.9784627935546635,0.9114128064516408,0.06493120291113964,0.9897365064847533,0.9639902509280237
sim-6dd67f12ecbdb2aed3d6b8d7619f74026f4784938067850715f474cb72d1d0fc,22,postdemand_recovery,2.576498360331396,0.02425817545502513,6.671804995814228,6.04465172387,0.0,0.0,0,8,0,8,0.9396639285395656,1.0,1.0,18,0,18,18,0,18,0,5,0.9912206966268754,0.9777317301653361,1,none,5,5,5,5,0.0620241696225436,0.9903439071926756,0.9648375159856661,0.10066640156484079,0.9840400311781072,0.9384822969478129,0.10873829838784681,0.9833355671857217,0.9326426823529019,0.038960013214123325,0.9943028770886858,0.979716277652609,0.0023056510634693124,0.9912206966268754,0.9777317301653361,0.056361941457935105,0.9914698244075927,0.9699732191014725,0.01663660275754274,0.9979363228576024,0.9924457810944411,0.09379904509424469,0.9875581415258514,0.9435942799015219,0.12984769557746395,0.9802380794849225,0.9130528976854154,0.06501569422534287,0.9899165519241845,0.9644272249624815
sim-6dd67f12ecbdb2aed3d6b8d7619f74026f4784938067850715f474cb72d1d0fc,23,postdemand_recovery,2.5519484874675182,0.030157537284828617,12.634929232830851,6.79574307620703,0.0,0.0,0,9,0,9,0.9296430880939911,1.0,1.0,18,0,18,18,0,18,0,5,0.9904499767388859,0.9773115975309457,1,none,6,5,5,6,0.0625387844352789,0.9899795856903538,0.9646342194070487,0.1005497944097647,0.9844440513666025,0.9388310395403787,0.10725182256447696,0.9835152267924195,0.9339487008640458,0.03691876274185799,0.9943637689138295,0.9809909966315932,0.0024232889566123753,0.9904499767388859,0.9773115975309457,0.05630789648419045,0.9911361468834345,0.970090642285957,0.01534873014840846,0.9973471609591362,0.9929892990220546,0.08996234972340096,0.9848038581211388,0.9466618469153262,0.1257170484606995,0.9808802906848002,0.9168001536649767,0.06471507507666291,0.9900099299842193,0.9648120440818597
sim-6dd67f12ecbdb2aed3d6b8d7619f74026f4784938067850715f474cb72d1d0fc,24,postdemand_recovery,2.551861383748175,0.010496521255608944,9.387122755665118,4.1961981452897446,0.0,0.0,0,8,0,8,0.9340901355728126,1.0,1.0,17,0,17,17,0,17,0,5,0.9906625146934848,0.9769290357009468,1,none,5,5,5,5,0.06263983397665031,0.9901625410746561,0.9647012571302676,0.09854362344980992,0.984679019739961,0.9404453348445896,0.10569317565079055,0.9830685881081975,0.935149474563934,0.038093646106262015,0.9938198572770359,0.9804150294111749,0.0024430035231432106,0.9906625146934848,0.9769290357009468,0.056984909996283306,0.9908586917468178,0.9697557206142983,0.017149376861124076,0.9971270142107584,0.9919991432067796,0.09817710987767006,0.9842323047520428,0.940937045936213,0.1233605110995746,0.9796693761747033,0.919036349076084,0.06471029017166366,0.9897506149161414,0.9649259970648738
sim-300cd1347c04e81df1f1759d7ddf082f6d95fd8fabcfa39e56f77af3ea03ffc8,1,baseline,1.9727358595750726,0.48432326232169126,152.12385707338075,115.47168444210142,0.8333333333333334,0.7142857142857143,5,6,5,7,0.7324333178574145,0.6666666666666667,0.6666666666666667,15,5,10,15,5,10,0,4,1.0,1.0,1,none,4,4,5,5,0.07986213591575356,0.9881332836542958,0.9807759646002951,0.07065825627125663,0.9897618698862621,0.9875006270549536,0.06629178567523808,0.9913336866424208,0.9906516297100291,0.06425665509163335,0.9954114267161318,0.9920644734599423,0.06588488773289765,0.993911166531327,0.99099422758003,0.028388428794868786,0.992698894526884,0.9903097873816697,0.05905997401200362,0.9978188789041536,0.9956592922792622,0.0893155579579159,0.9841825641407221,0.9742718845598651,0.0641602829030748,0.9914377824302437,0.9921389428683849,0.07180966324958925,0.9920366422116446,0.9868711637568603
sim-300cd1347c04e81df1f1759d7ddf082f6d95fd8fabcfa39e56f77af3ea03ffc8,2,baseline,2.5881210581012555,0.01826278787476692,9.786363213608881,5.336271652869639,0.0,0.0,0,9,0,9,0.9614699240509151,1.0,1.0,19,0,19,19,0,19,0,5,1.0,1.0,1,none,6,5,5,5,0.07080563241390496,0.9898649693964917,0.9686090417079128,0.0845882744434408,0.9829371412071819,0.9597347850790168,0.08500483755532615,0.9817975905233572,0.95974499095091,0.04569081616138558,0.9937220301046789,0.9855802864478908,0.056634277749983385,0.9905536227098016,0.9790824546436878,0.003964691959683105,0.9902554973579905,0.9821127650119721,0.029410139289127345,0.9983128566241098,0.9954623519725346,0.09384480084636063,0.9853208320070261,0.9533357977495177,0.0965834546045462,0.9770234336270014,0.9511908732811759,0.06277743772973186,0.9891143936432045,0.9749470256670825
sim-300cd1347c04e81df1f1759d7ddf082f6d95fd8fabcfa39e56f77af3ea03ffc8,3,baseline,2.5440935809935565,0.022089609789301277,15.061803016411135,6.089676973133898,0.0,0.0,0,8,0,8,0.9410838815471804,1.0,1.0,18,0,18,18,0,18,0,5,1.0,1.0,1,none,5,5,5,5,0.06609862789592234,0.9903557616752453,0.965622816368337,0.09742346040636002,0.983931216472711,0.9447028243696468,0.10062096698246203,0.9830680212142641,0.9428796148552067,0.04076295477464299,0.9938839539368765,0.9822928613957347,0.05734025255265842,0.9909206823383582,0.9728782440246735,0.0025001709684040795,0.9908514158174476,0.9787052082933463,0.01827267416465395,0.9980587027875618,0.9951329245849179,0.0880038521581076,0.9848550931805925,0.9514594376437735,0.12095708943318759,0.9798844460731214,0.9263685396260832,0.06568490961997395,0.9897563067559727,0.9672679905516631
sim-300cd1347c04e81df1f1759d7ddf082f6d95fd8fabcfa39e56f77af3ea03ffc8,4,baseline,2.5470741026588337,0.026747134923349486,12.335463595442782,6.1564765089640385,0.0,0.0,0,8,0,8,0.9447180236643429,1.0,1.0,18,0,18,18,0,18,0,5,1.0,1.0,1,none,5,5,5,5,0.06383230937355786,0.9903168408678871,0.9650538017342103,0.099490210094672,0.984673242932816,0.9408568452877015,0.10599267721313642,0.9831704910748525,0.9365126962468966,0.04176143578710932,0.9932999608937911,0.9794347916608884,0.05630947478472153,0.9918115651507287,0.9716107989627356,0.002371903098495505,0.9912596434127693,0.9779123155963978,0.01657757298104083,0.9978984878807883,0.9936592014518906,0.09724548918215241,0.9853383975553419,0.9426490137280235,0.12532494678096226,0.9801088708979823,0.9195224511517894,0.06611845318272404,0.9896456645965653,0.9649455479633445
sim-300cd1347c04e81df1f1759d7ddf082f6d95fd8fabcfa39e56f77af3ea03ffc8,5,baseline,2.5515507571737253,0.038146140208309226,11.371028595466415,6.029566976273031,0.0,0.0,0,9,0,9,0.8948542681473777,1.0,1.0,18,0,18,18,0,18,0,5,1.0,1.0,1,none,5,6,6,5,0.06255280859370224,0.9902886623958193,0.9651580433739904,0.0982584297743975,0.9842090817393775,0.9409877484498601,0.10452895543277216,0.9834687213231311,0.9366786755403653,0.041027144525747614,0.9939080681428581,0.9791368962706994,0.05470448694441939,0.9912413654309753,0.9718783782539905,0.002326710896843422,0.9908785209116754,0.9779519717958363,0.014866240329637922,0.9975064206565069,0.9936859018646866,0.09462597754543967,0.9844998968429436,0.9436678553249159,0.12302909026322416,0.9799073810520254,0.9201640174780068,0.06584045498548391,0.989796966911588,0.9644865319290088
sim-300cd1347c04e81df1f1759d7ddf082f6d95fd8fabcfa39e56f77af3ea03ffc8,6,baseline,2.5361029931380017,0.026485101502551792,15.331884684979642,5.508854468468924,0.0,0.0,0,8,0,8,0.9151758161100446,1.0,1.0,16,0,16,16,0,16,0,5,1.0,1.0,1,none,5,5,5,5,0.06243945916598393,0.9901533738358385,0.9650428349034031,0.10228223872968044,0.9834583490902055,0.9377530977670692,0.10740630607604883,0.9824725570924252,0.9341646163757714,0.03974128689334387,0.9938028930088797,0.979613304263027,0.0578292304100672,0.9906978095070083,0.9697097391428565,0.0024614104139962503,0.9905002318125967,0.9770270808450862,0.017651547015894012,0.9970414658142708,0.9919234815929399,0.09498314236918379,0.9848227330626756,0.9434767263400732,0.1302967583382842,0.9780615074518747,0.9139031137660975,0.06647706922323424,0.989590502165293,0.9638061992497314
sim-300cd1347c04e81df1f1759d7ddf082f6d95fd8fabcfa39e56f77af3ea03ffc8,7,prechallenge_demand,2.4950452309408058,0.05158086417031185,12.945335166479293,4.2335258943793574,0.0,0.0,0,8,0,8,0.889600938824462,1.0,1.0,18,0,18,18,0,18,0,5,1.0,1.0,1,none,5,5,5,5,0.06386527253219276,0.9857097930675374,0.9593628829126292,0.10365398565908387,0.9768701018229661,0.9289673912958331,0.10951199959865088,0.9768398853769065,0.9246862682522787,0.042548364427204007,0.9908660738860204,0.975223433343663,0.05635866753369216,0.9898667927445113,0.9673314938679102,0.0023499698226528837,0.9885365055209183,0.9748197818450814,0.01681728109307346,0.995057221565371,0.991317115104683,0.0949478519245499,0.9824301008498155,0.9378658364951858,0.13201370097103482,0.972714403162511,0.9028364874652431,0.06730463044309841,0.9849542510950546,0.9585743647460522
sim-300cd1347c04e81df1f1759d7ddf082f6d95fd8fabcfa39e56f77af3ea03ffc8,8,prechallenge_demand,2.1790655876176155,0.1963306937585099,37.39584267817332,52.0352838346531,0.16666666666666666,0.25,1,6,2,8,0.8743292846081476,1.0,1.0,16,0,16,16,0,16,0,3,1.0,1.0,1,none,5,3,5,5,0.06622748402663407,0.9856324308778316,0.9524015124875678,0.10797950561492295,0.9778999181396646,0.9163335169330182,0.11101415797051993,0.9768836657102704,0.9141002321002234,0.04404720030959649,0.9898918054799422,0.9710351295080268,0.05422280501877152,0.9881026907018319,0.9648048766709411,0.0024044858524058703,0.9873902833843415,0.9713645151641133,0.026859826828081464,0.9938374858192538,0.9834108440389867,0.09072126935595523,0.9799386939187975,0.9337620811226734,0.13092761794134736,0.973553208191865,0.8928780066303632,0.06996656466672782,0.9857964489486298,0.9510779586070078
sim-300cd1347c04e81df1f1759d7ddf082f6d95fd8fabcfa39e56f77af3ea03ffc8,9,prechallenge_demand,2.436335121858632,0.04201367565648067,10.227921610162154,9.086359646531735,0.0,0.0,0,7,0,7,0.9591671555273885,1.0,1.0,16,0,16,16,0,16,0,4,1.0,1.0,1,none,5,4,4,5,0.06771640181769416,0.9858676366602247,0.9496986002974472,0.10721688357878298,0.9777178873756286,0.9144376748864464,0.108548941960763,0.9777202200915981,0.9137371224534495,0.04722906292340883,0.990662264199779,0.9675507206950904,0.05482289178370347,0.9888805405354187,0.9631333289841227,0.0023877573905395338,0.9880024299826521,0.9701681176251822,0.028862212571863062,0.9933011573246942,0.9819782812630533,0.09497575503074113,0.9800983043988698,0.9273368307799702,0.12753503854593398,0.9728803285696913,0.893103202622725,0.07009672554131749,0.9852207354178472,0.9490499607877343
sim-300cd1347c04e81df1f1759d7ddf082f6d95fd8fabcfa39e56f77af3ea03ffc8,10,prechallenge_demand,2.5379931634487596,0.037692967826468575,14.934582494138864,5.025159198287802,0.0,0.0,0,9,0,9,0.8768672804406472,1.0,1.0,18,0,18,18,0,18,0,5,1.0,1.0,1,none,5,6,6,5,0.06650739037275599,0.985987396565107,0.9501783428168301,0.10585950020081966,0.9759346545956483,0.9148396230413778,0.10937496023058214,0.9757159230265758,0.9122662360301329,0.042760604579746626,0.9911747875237429,0.9708441413092426,0.05400927997824462,0.9882373895537314,0.9633107997079317,0.002325216567887977,0.9876595691792822,0.9704614612634823,0.026460640708896123,0.9943737077451208,0.9836992453338415,0.09695569281052106,0.9792451933622972,0.9245332871899955,0.12894306780392129,0.9711438287412332,0.8912690596867169,0.06772921306760923,0.9857205983438588,0.9506805731563388
sim-300cd1347c04e81df1f1759d7ddf082f6d95fd8fabcfa39e56f77af3ea03ffc8,11,prechallenge_demand,2.465998920406672,0.050037239882551654,23.743239980629998,9.139555229545335,0.125,0.0,1,8,0,8,0.939594099750749,1.0,1.0,16,0,16,16,0,16,0,5,1.0,1.0,1,none,5,5,5,5,0.06609491540509412,0.9861962761506745,0.9503599400985984,0.11118351000748732,0.9765526468892476,0.9093788474899052,0.11282170369129954,0.9760368978511478,0.908571827698039,0.04233896880862541,0.9919530494494215,0.9709777340387268,0.0534211088492076,0.9898851956348725,0.9635897520202739,0.0022393051989984575,0.9888962840184097,0.9711206869600305,0.02388938839974533,0.9972962456260673,0.9857640156659264,0.09916291256930122,0.9770014449133689,0.9214446995503995,0.13495796007386324,0.9713140584520111,0.8844334801340945,0.06929340651437738,0.9852757557041677,0.9490220538660726
sim-300cd1347c04e81df1f1759d7ddf082f6d95fd8fabcfa39e56f77af3ea03ffc8,12,prechallenge_demand,2.435080070463542,0.06697620452810447,12.086171095056574,12.231445863075445,0.0,0.0,0,7,0,8,0.9485151601654734,1.0,1.0,16,0,16,16,0,16,0,4,1.0,1.0,1,none,5,4,5,5,0.06660983322320879,0.9857383429702586,0.9499272630898324,0.11049216098369992,0.9770224439228707,0.9102386770761514,0.1149090523923021,0.9744747789056436,0.906462525436928,0.04151246317468983,0.9904590663591286,0.9715331868215564,0.05375202588799757,0.9881384262660895,0.9632129008216854,0.0023461234719223943,0.9879549345243849,0.9705964606853024,0.021627307258986872,0.9941639137446999,0.9870626021343755,0.1028446045220171,0.9801869518608406,0.9188166247765452,0.1358074076921294,0.9696168527156762,0.8833259854445302,0.06802691539238753,0.986268434356982,0.9503798462096169
sim-300cd1347c04e81df1f1759d7ddf082f6d95fd8fabcfa39e56f77af3ea03ffc8,13,challenged_demand,2.5117134451960417,0.0409639656657388,19.767362276622904,7.826572964533997,0.0,0.0,0,8,0,7,0.8897987850291106,1.0,1.0,17,0,17,17,0,17,0,4,1.0,1.0,1,none,5,5,4,5,0.06609315219128598,0.9858591051393227,0.9503539627705604,0.10663589310807396,0.9773297031414403,0.9137252564016596,0.11333746156866085,0.9772051427610329,0.907886524030467,0.040775241657577496,0.992258575193363,0.972318346097624,0.053658015910967034,0.988912490199084,0.9634491919830598,0.0022007560706725094,0.9879912982728404,0.9717334235118853,0.024148641845158015,0.9954652981961216,0.9854016038254968,0.0984618016503257,0.9792557072239263,0.922283138301308,0.13375149338208678,0.9731233214600518,0.8851765151491615,0.06700277123533681,0.985524653701671,0.9513626364241612
sim-300cd1347c04e81df1f1759d7ddf082f6d95fd8fabcfa39e56f77af3ea03ffc8,14,challenged_demand,2.5479206776132024,0.04482605323268078,11.273102239444192,7.47953046469994,0.0,0.0,0,9,0,9,0.9280490647310202,1.0,1.0,18,0,18,18,0,18,0,5,1.0,1.0,1,none,5,6,6,5,0.06562212473560879,0.9863030005516534,0.9507194275522683,0.0997132832111143,0.9811182729864905,0.9203470104284772,0.10658905360789875,0.9785039633478603,0.9142757948585274,0.03639701942534602,0.9942479461356156,0.9759110844173144,0.04823713874098922,0.9907330098048137,0.967803307491734,0.002210725424139362,0.9885975127250994,0.9715023178422659,0.023753432744487546,0.9949962842345723,0.9856018880345101,0.09294862491909736,0.9808704466461122,0.9272143440591987,0.1237318111622829,0.9759726493630266,0.8949370742799333,0.06566333616160243,0.9870625064989506,0.9527463423078328
sim-300cd1347c04e81df1f1759d7ddf082f6d95fd8fabcfa39e56f77af3ea03ffc8,15,challenged_demand,2.5110345693097758,0.06892529418338858,21.925476887176877,11.110849676858413,0.14285714285714285,0.0,1,7,0,8,0.8754806903000893,1.0,1.0,18,0,18,18,0,18,0,4,1.0,1.0,1,none,5,4,5,5,0.06518905138090175,0.9862642073633291,0.9509992000895133,0.09630403088760026,0.9804107208306889,0.9236628879379263,0.10687083269234524,0.977499665760813,0.9140725888449069,0.03321998699585724,0.9923260346046412,0.97794346583376,0.05129491526478915,0.988623261782925,0.9650876242014585,0.0022851453431193313,0.9883231700272666,0.9711974162432812,0.023642556603796883,0.9958986133483628,0.9857562163514427,0.09536273095115086,0.9792151182657112,0.9255800867187542,0.12505376823678832,0.9737332596904474,0.894064260957015,0.06361784980028125,0.9867642418678646,0.9543751216657674
sim-300cd1347c04e81df1f1759d7ddf082f6d95fd8fabcfa39e56f77af3ea03ffc8,16,challenged_demand,2.5313882485504102,0.04168308734646184,13.743126319002206,6.609347891883485,0.0,0.0,0,8,0,8,0.8520686944398664,1.0,1.0,18,0,18,18,0,18,0,5,1.0,1.0,1,none,5,5,5,5,0.06462351455725635,0.9860128814626901,0.9514137064990118,0.09587670092754769,0.9779112792649864,0.9239460159806361,0.1066771744333902,0.9770536881981986,0.9141633919759686,0.037854453235621574,0.9910095303931523,0.9743453195655779,0.05155720298869133,0.9893160107153116,0.9648712003451393,0.0022665292960125385,0.9882777750137086,0.9713035736432546,0.022689538483350858,0.9949462014195974,0.9862299026863892,0.09463264591779628,0.9815670369810846,0.9263582060044775,0.12636358244132354,0.971438307395245,0.8927557134986418,0.06449675839681347,0.9853758592804432,0.9534863695104777
sim-300cd1347c04e81df1f1759d7ddf082f6d95fd8fabcfa39e56f77af3ea03ffc8,17,challenged_demand,2.5235616307389983,0.04238105471823376,16.62849100399597,8.39758679005443,0.0,0.0,0,8,0,7,0.9192040155794446,1.0,1.0,18,0,18,18,0,18,0,4,1.0,1.0,1,none,5,5,4,5,0.06528474187371737,0.9864236931831101,0.9509058643214655,0.09942056592104598,0.9791848301265079,0.9208193081196557,0.10604440506151736,0.9781657806629723,0.9148770895139526,0.037243910944433155,0.99342109580634,0.9749521615985581,0.05010246543508247,0.989211038376374,0.9660431936937841,0.0021330438507321755,0.9891133570557804,0.9723813654556938,0.022223778092638757,0.9955259770710683,0.9865724086821467,0.09026621608870009,0.9801051191901656,0.9300246222418105,0.12776118123579386,0.9733913721089975,0.8914129893555036,0.06677618831373786,0.9863729369602442,0.9515939805245823
sim-300cd1347c04e81df1f1759d7ddf082f6d95fd8fabcfa39e56f77af3ea03ffc8,18,challenged_demand,2.3660803553829135,0.16662206605399946,36.20705374214475,30.18171004197376,0.14285714285714285,0.125,1,7,1,8,0.8560737097372608,0.9411764705882353,0.9411764705882353,17,1,16,17,1,16,0,4,1.0,1.0,1,none,5,4,5,5,0.06528027258717856,0.9857438953746298,0.9507784596455399,0.09963976514180825,0.9779565863483192,0.9203051779459254,0.10427185072609867,0.9771106932643493,0.9165909862867704,0.033362966586538,0.992318474982694,0.9779525609084986,0.04792469111233128,0.9905940612024313,0.9678171182370562,0.0020782312768891325,0.9888316743892304,0.9731393609824612,0.02138818700307729,0.9946292927585657,0.9870084216453369,0.09198603515737545,0.980905086359043,0.9286492980632957,0.12446862406968412,0.9731968422140208,0.8945695477861504,0.063704324596762,0.9869916120987855,0.9542322143489745
sim-300cd1347c04e81df1f1759d7ddf082f6d95fd8fabcfa39e56f77af3ea03ffc8,19,postdemand_recovery,2.500188835738812,0.03179010284975932,10.667936393566126,3.4646033495323145,0.0,0.0,0,8,0,8,0.9543712970531621,1.0,1.0,18,0,18,18,0,18,0,5,1.0,1.0,1,none,5,5,5,5,0.06553440392067622,0.9899382146287585,0.9553336983498153,0.10422899257712682,0.9827932764171695,0.9242103036909141,0.1064316707611353,0.9833479690740408,0.9226629689854857,0.03770755268093653,0.9935333953216452,0.9770623310126773,0.05098394380988882,0.9914562852858877,0.9687935359272726,0.002352331194548562,0.9907555709667135,0.9741426059331825,0.021292024726889985,0.9978021901464378,0.9879964493203327,0.09094949596949795,0.9856228648207598,0.9363121381988624,0.1254172431641345,0.980365407157777,0.9036130611474845,0.06403717037512048,0.9894214492790565,0.9584406073769302
sim-300cd1347c04e81df1f1759d7ddf082f6d95fd8fabcfa39e56f77af3ea03ffc8,20,postdemand_recovery,2.5759976526828914,0.01963666416180932,17.58196311425512,3.3451088897239134,0.0,0.0,0,9,0,9,0.9340237617135972,1.0,1.0,18,0,18,18,0,18,0,5,1.0,1.0,1,none,6,5,5,6,0.0642449257590973,0.9901224794298351,0.9613614806048904,0.10560155026368388,0.9836582377139331,0.9314489795852826,0.10935473450737442,0.9820234326333607,0.9289163437949312,0.0402479868208627,0.9940744286292776,0.9781747222468515,0.05376316940982049,0.9910127127389783,0.9705052675801078,0.002432229213414892,0.9906706997175706,0.9760017740840424,0.018288791901127824,0.9973527803819945,0.9909891511807675,0.09847861244518362,0.9830074006131407,0.9379549913028897,0.1293007766279884,0.977684521596691,0.9108349207280676,0.06537152803394589,0.9902553906633317,0.9623200296870927
sim-300cd1347c04e81df1f1759d7ddf082f6d95fd8fabcfa39e56f77af3ea03ffc8,21,postdemand_recovery,2.593686040378984,0.022647685306287177,9.57616530579899,4.658819605445553,0.0,0.0,0,8,0,8,0.9713152355017874,1.0,1.0,18,0,18,18,0,18,0,5,1.0,1.0,1,none,5,5,5,5,0.0634893596090487,0.9899592434756317,0.9634120048460274,0.10486217640708913,0.9831501793872692,0.9345234799142424,0.11070936401892507,0.9822567107768629,0.9304943255654614,0.03890005006696664,0.9935835105970577,0.9796856369720219,0.05650586365886499,0.9909644663165051,0.9698964926418118,0.0024345548190536316,0.9904714274722851,0.9765591332966683,0.01682749300681746,0.9980321713438703,0.9922241569423524,0.09762785244609401,0.9856594316258966,0.9404288695936954,0.13452008690226092,0.9787304389521676,0.9095960131962015,0.0645781368129352,0.9895824798668651,0.964324352049392
sim-300cd1347c04e81df1f1759d7ddf082f6d95fd8fabcfa39e56f77af3ea03ffc8,22,postdemand_recovery,2.552269967215404,0.016858871503139063,17.950824660233664,2.9924226603109294,0.0,0.0,0,8,0,8,0.8935264138971399,1.0,1.0,18,0,18,18,0,18,0,5,1.0,1.0,1,none,5,5,5,5,0.06266115312873831,0.9903092444741178,0.9644170735834385,0.10520190721560019,0.9836030578040664,0.9350164624642568,0.11274236720780825,0.9818357553611188,0.9296038778674577,0.04099361135034638,0.993414653547265,0.9786485272012457,0.05686314044689187,0.991136256601146,0.9700018299736485,0.002458983114629727,0.9905616666755404,0.9766374471350939,0.01450126484913319,0.9974731691351392,0.9934787960244671,0.1019039999501355,0.9822467360767962,0.9376071486804367,0.13314273577838587,0.9784815458038795,0.9110366864386056,0.06430711140894135,0.9898342323699552,0.9649875122489254
sim-300cd1347c04e81df1f1759d7ddf082f6d95fd8fabcfa39e56f77af3ea03ffc8,23,postdemand_recovery,2.548661037075116,0.025235349044408738,10.56166043008551,4.46014994977262,0.0,0.0,0,8,0,8,0.9519806745057559,1.0,1.0,18,0,18,18,0,18,0,5,1.0,1.0,1,none,5,5,5,5,0.06244477932034667,0.9902193512948801,0.9647272684246585,0.10377596763217802,0.9832419200117649,0.9360690737079044,0.11136252054531286,0.9829520569230908,0.9307861103065589,0.04262735604628843,0.9929563824980026,0.9776757973871957,0.05697668723051379,0.9908199300254366,0.970031153038311,0.002384424700847938,0.9909818463220568,0.9771219709631068,0.015692410114393474,0.9975603772704735,0.99291509824427,0.10168106252862534,0.9850612054445881,0.9378098366350991,0.1329524797402769,0.9789862615207466,0.9113115766954041,0.06544883854775656,0.9896362252958761,0.9643581523653666
sim-300cd1347c04e81df1f1759d7ddf082f6d95fd8fabcfa39e56f77af3ea03ffc8,24,postdemand_recovery,2.5422140164414717,0.03633051514428219,13.174655931084159,4.460979994795202,0.0,0.0,0,8,0,9,0.9040130903290083,1.0,1.0,18,0,18,18,0,18,0,5,1.0,1.0,1,none,5,5,6,5,0.062149817756475594,0.9904747164647572,0.965061265715483,0.10500811793830363,0.983710531697076,0.9354833396198,0.11100963527698822,0.9827927064677665,0.931229789816844,0.04196153335880301,0.9939977886442044,0.9781265074147373,0.05751406823314703,0.9910861610895951,0.9697802169103491,0.0023980795317408658,0.9907726024271037,0.9772313816552968,0.015789683823083104,0.9972965572268644,0.9927555935307965,0.0971823512132775,0.9845524557038006,0.9413567792259989,0.13468551094504663,0.9791599899944238,0.9100867889646866,0.06623994827550062,0.9897694032609113,0.963881860309586
sim-1045c0cc03576a095e587aa90b03b1c53c5d7b61837a32db4f496f925fb8e70a,1,baseline,1.9727358595750726,0.48432326232169126,152.12385707338075,115.47168444210142,0.8333333333333334,0.7142857142857143,5,6,5,7,0.731921941612625,0.6666666666666667,0.6666666666666667,15,5,10,15,5,10,0,4,0.9928741760368772,0.9891204006061687,1,none,4,4,5,5,0.07986202576964903,0.9881335656516418,0.9807760424241676,0.07065802558912443,0.9897615672073965,0.9875007417531999,0.06629152285597396,0.9913344335419694,0.9906517537124215,0.064256614154294,0.995411322239629,0.9920644869556792,0.06588459105560164,0.9939118628539726,0.9909944321056888,0.06852336795266871,0.9928741760368772,0.9891204006061687,0.059059976584761385,0.9978188789189714,0.9956592922486114,0.08931534600659867,0.9841835098723775,0.974271978624673,0.06416022954229846,0.9914380644498232,0.9921390163547603,0.0718095949307981,0.992037212727049,0.9868712031760484
sim-1045c0cc03576a095e587aa90b03b1c53c5d7b61837a32db4f496f925fb8e70a,2,baseline,2.5881210581012555,0.018130428767295783,9.682910497037396,5.548269223560798,0.0,0.0,0,9,0,9,0.9620296188214035,1.0,1.0,19,0,19,19,0,19,0,5,0.9906316140735594,0.9776718043844729,1,none,6,5,5,5,0.07080686136362394,0.9898636176023672,0.9686083176146506,0.08458950510744302,0.9829408612524235,0.9597339555485844,0.08500633979743481,0.9817970680743092,0.9597439320868604,0.04569093935352966,0.9937221755535466,0.9855800632463286,0.05663532479201014,0.9905605249529351,0.9790817976044728,0.05857481732086576,0.9906316140735594,0.9776718043844729,0.02941014777669438,0.9983131747393205,0.9954623307917764,0.09384580361231672,0.985322604348999,0.9533351703930586,0.09658495923189077,0.9770278146749224,0.9511895350470506,0.06277795092951187,0.989110141825506,0.9749466971621964
sim-1045c0cc03576a095e587aa90b03b1c53c5d7b61837a32db4f496f925fb8e70a,3,baseline,2.5453126681623517,0.021433383898714038,15.122599656347555,6.372661538417673,0.0,0.0,0,8,0,8,0.9379739475244312,1.0,1.0,18,0,18,18,0,18,0,5,0.9912246219715511,0.9724388843182898,1,none,5,5,5,5,0.06610058538007377,0.990347203391529,0.9656208725830752,0.09742636119819623,0.9839191076915471,0.9446994471829389,0.10052803935911499,0.9830984697486902,0.9429388014584734,0.040702116563376384,0.9939547909323713,0.9823298526415586,0.05734163977424605,0.9909187022433129,0.9728768123998587,0.05759154305504188,0.9912246219715511,0.9724388843182898,0.018359674327228077,0.9979276303607945,0.9950805191380538,0.08801308533693654,0.9848103486303582,0.9514499539301853,0.12096159880059729,0.9798674571351514,0.9263629509000045,0.06568783308752663,0.9897517609842209,0.9672650453126679
sim-1045c0cc03576a095e587aa90b03b1c53c5d7b61837a32db4f496f925fb8e70a,4,baseline,2.5458550299039704,0.026594704073968717,10.815033349049312,6.662125505631514,0.0,0.0,0,8,0,8,0.9260276638117715,1.0,1.0,18,0,18,18,0,18,0,5,0.9916037215126474,0.9711734128442702,1,none,5,5,5,5,0.06393757077934177,0.9902921260182231,0.9649819405620703,0.09961969754974123,0.9846879064944442,0.9407501302766158,0.10569568318673267,0.9834635788940115,0.936709201328089,0.04151818696402587,0.9933075316322774,0.979553477517256,0.056351963795028735,0.9918200106702226,0.9715909777521549,0.05644497045734279,0.9916037215126474,0.9711734128442702,0.017095422003189722,0.9978325115213946,0.9934422723982982,0.0974557432769872,0.9852583285370567,0.9424823663499123,0.12517913771642178,0.9804615259532027,0.9194753677689278,0.06590269436841237,0.989732854151438,0.9650926078794372
sim-1045c0cc03576a095e587aa90b03b1c53c5d7b61837a32db4f496f925fb8e70a,5,baseline,2.563176696901352,0.029364816953115578,17.504500892340857,7.761195491774164,0.0,0.0,0,9,0,9,0.9385456523001656,1.0,1.0,18,0,18,18,0,18,0,5,0.9911329573884073,0.9708159420971167,1,none,5,6,6,5,0.06260493925474357,0.9903293044140024,0.9651126881320617,0.09817631325138716,0.9843115563017802,0.9409937634224272,0.10253339196574461,0.9840789634810924,0.938069868537296,0.040877621776411355,0.9939010241872922,0.9792180394514404,0.05534746892346098,0.9909505988908046,0.971457175071564,0.055906682356808075,0.9911329573884073,0.9708159420971167,0.014988644058466054,0.9975991745050347,0.9936987821933415,0.09564279009246542,0.9838226851047722,0.9427958654139017,0.1214533872617275,0.980072504275048,0.9211181059956995,0.06546733885013432,0.9900450731891742,0.9647500550845978
sim-1045c0cc03576a095e587aa90b03b1c53c5d7b61837a32db4f496f925fb8e70a,6,baseline,2.533468887025187,0.02718383945166539,13.176594005118229,3.043318303382221,0.0,0.0,0,8,0,8,0.9115935908578698,1.0,1.0,16,0,16,16,0,16,0,5,0.9908818913535592,0.9696075904765766,1,none,5,5,5,5,0.0625434411842788,0.9900672509993261,0.9649295238969714,0.10131334178799793,0.9835915183080564,0.9384487735156554,0.10691178185392608,0.9819444332463015,0.934582193318161,0.03939475900935673,0.9939311753367319,0.979824496453864,0.05830416695202454,0.9907136197047669,0.9693994152215273,0.05750426193156801,0.9908818913535592,0.9696075904765766,0.016935249549894713,0.997323136174108,0.9923319970783441,0.09746322282864608,0.9850245115537807,0.9414647380339487,0.13019627141484866,0.9778928980778675,0.9139248119050332,0.06530134208760766,0.9897166501600081,0.9646096732537967
sim-1045c0cc03576a095e587aa90b03b1c53c5d7b61837a32db4f496f925fb8e70a,7,prechallenge_demand,2.458156395755884,0.065401443318069,11.845347004330716,4.899359959337639,0.0,0.0,0,8,0,8,0.9130726111833394,1.0,1.0,17,0,17,17,0,17,0,5,0.988535854952207,0.9665239769254629,1,none,5,5,5,5,0.06391433053793626,0.9859428053769043,0.9593190944022114,0.10321635569214185,0.9770763417573541,0.9293534614652276,0.10925533801937266,0.9772367959775902,0.9250275568927686,0.0419125025187024,0.991196113743594,0.9756682139429663,0.05744526585540333,0.9887925059981726,0.9664141450550989,0.056796565198049515,0.988535854952207,0.9665239769254629,0.017808919849598013,0.9951066889741549,0.9905467863762062,0.09634011344155925,0.9806685433426012,0.936104155418248,0.1312546677009853,0.9728749920170867,0.9034235865595139,0.0683823367843452,0.9844736899401753,0.9573766624338257
sim-1045c0cc03576a095e587aa90b03b1c53c5d7b61837a32db4f496f925fb8e70a,8,prechallenge_demand,2.3852374576203594,0.12006298989450884,30.90899169193423,29.64799943597489,0.14285714285714285,0.125,1,7,1,8,0.8946720390824258,1.0,1.0,17,0,17,17,0,17,0,4,0.9887703964794821,0.9633917239735921,1,none,5,4,5,5,0.06620096340906016,0.9854913350798115,0.952465731778889,0.10609368953598415,0.9785262416083463,0.9185860591360218,0.11008842891495282,0.9769973280647666,0.9151685339773596,0.04247006882166586,0.9905137557890971,0.9722308661977069,0.05563229297709183,0.9886938971696635,0.9636643664168552,0.05541733624532962,0.9887703964794821,0.9633917239735921,0.021436965562756278,0.9953404648722988,0.9873088531444557,0.09801252157752934,0.9786890301087517,0.9266224892284408,0.132185014030396,0.9727323056322418,0.8915470911368119,0.06883073552958681,0.9864109843755665,0.9524657453167613
sim-1045c0cc03576a095e587aa90b03b1c53c5d7b61837a32db4f496f925fb8e70a,9,prechallenge_demand,2.4349269468792665,0.045908338994811004,9.50372720622141,9.82941050579915,0.0,0.0,0,7,0,7,0.9223686393476563,1.0,1.0,16,0,16,16,0,16,0,4,0.9878404484363229,0.9615230646563787,1,none,5,4,4,5,0.06752721963229463,0.9857782067352269,0.9498299504059058,0.10581072297452232,0.9770199214014282,0.9160287575215579,0.10877820291413158,0.9765934861335427,0.9135527884120447,0.04535669963128657,0.9904662866910199,0.9689441967497803,0.05538289387741905,0.9879403114235813,0.9624243608790158,0.05583272989304029,0.9878404484363229,0.9615230646563787,0.026932695784362387,0.9926159070801961,0.9831944073269409,0.09951199239661089,0.9791837138378475,0.9228570143893472,0.13029954623927695,0.9715774611522582,0.8903614670434242,0.0704496642865905,0.9842480953497097,0.949044269786728
sim-1045c0cc03576a095e587aa90b03b1c53c5d7b61837a32db4f496f925fb8e70a,10,prechallenge_demand,2.500181415742049,0.05812500406595061,19.921760593227805,6.515147643242644,0.0,0.0,0,8,0,8,0.9317296307180575,1.0,1.0,18,0,18,18,0,18,0,5,0.9888708699199974,0.9609323828828279,1,none,5,5,5,5,0.06725661035177703,0.9860444024219459,0.9495594898512857,0.10685291950935268,0.9772503064760523,0.9139180197864692,0.11263721398005536,0.9752812343423208,0.9089920506170616,0.04320048001078921,0.990922828046741,0.9705663711115865,0.05621976936850813,0.9890504563406171,0.961501783239237,0.05620420567895851,0.9888708699199974,0.9609323828828279,0.03148523123546268,0.9921323499548681,0.9800029143957794,0.09849658330227279,0.9800044642847224,0.9230565069490158,0.13334015034558283,0.9701750051376055,0.8866792023106448,0.06917776279508152,0.9860430309713772,0.9497111210861727
sim-1045c0cc03576a095e587aa90b03b1c53c5d7b61837a32db4f496f925fb8e70a,11,prechallenge_demand,2.4317260939435026,0.145968189530832,38.043132304598174,28.05141165958714,0.125,0.1111111111111111,1,8,1,9,0.9083625569743012,1.0,1.0,17,0,17,17,0,17,0,5,0.9885924947166868,0.962344208621126,1,none,5,5,6,5,0.06588069572135671,0.986001811808336,0.9504981976937869,0.10735999069810484,0.9772068129490065,0.9131582137676619,0.11303150859747824,0.9771197358758748,0.9082483850516259,0.04384095294056326,0.9914313983460148,0.9701212481936597,0.05226987961020912,0.9896782470867427,0.9645250346610807,0.05423983925853605,0.9885924947166868,0.962344208621126,0.027551843274347333,0.9973854436508812,0.9834354809920639,0.09320341689517816,0.9802826838216476,0.9281206446781239,0.1369143959440405,0.971417851654318,0.8823440787173843,0.06777831364825403,0.9862776559408994,0.950702320769196
sim-1045c0cc03576a095e587aa90b03b1c53c5d7b61837a32db4f496f925fb8e70a,12,prechallenge_demand,2.379743475432711,0.07328503516620138,9.839438494211251,9.08127026256801,0.0,0.0,0,7,0,7,0.8929515875371399,1.0,1.0,16,0,16,16,0,16,0,4,0.9878742135958622,0.9604555320054919,1,none,5,4,4,5,0.06661228961812735,0.9856674439788065,0.949868974556718,0.10716640314291254,0.9777570841390538,0.9135871157513766,0.11251437605901342,0.9764145204174756,0.9087057062104527,0.04216462725650724,0.9909965742874569,0.9715839296802301,0.05495089650367163,0.9875603983222386,0.9622044027764309,0.05649210703098061,0.9878742135958622,0.9604555320054919,0.02494576550802529,0.9942804316014155,0.9849354843494807,0.09817283381377183,0.9795222063681913,0.9236480676910387,0.1349691567022988,0.9729783699913009,0.8840216413864513,0.06657237083757882,0.9859448374802323,0.9518433912290459
sim-1045c0cc03576a095e587aa90b03b1c53c5d7b61837a32db4f496f925fb8e70a,13,challenged_demand,2.5591908072113707,0.04249138840840931,8.417153466193517,7.913621978253281,0.0,0.0,0,8,0,9,0.935502311214464,1.0,1.0,18,0,18,18,0,18,0,5,0.9543392435086255,0.6785603581185128,1,none,5,5,6,5,0.06568880156376167,0.9864816551753319,0.9507279043341786,0.10100832989025699,0.9792482360735667,0.9192203868931212,0.10540981440208211,0.9785542284359515,0.9153290163758199,0.040881487588257555,0.9919031696526718,0.9724419844206444,0.0518677495764286,0.9900630145071279,0.965028709970308,0.053928937473377174,0.9543392435086255,0.6785603581185128,0.023410457970569055,0.9949484261388768,0.9860110233285864,0.08818606805509516,0.9840324360589816,0.9328001244027441,0.12433036361821026,0.9741121948746054,0.893876340766684,0.06620940573553642,0.9859157946768363,0.9522061202293735
sim-1045c0cc03576a095e587aa90b03b1c53c5d7b61837a32db4f496f925fb8e70a,14,challenged_demand,2.5856569466247263,0.04392922474286031,16.03183618775789,8.749212039705036,0.0,0.0,0,9,0,8,0.9509794526934494,1.0,1.0,19,0,19,19,0,19,0,5,0.9880378850821158,0.8717506957853378,1,none,5,6,5,5,0.06487100889906941,0.9859434616213562,0.9512694907776557,0.09841622008205853,0.9785217713647864,0.9216689565254866,0.1045124108340293,0.9771624995323115,0.9163845651741066,0.038090379931401755,0.9924683952961626,0.9744444315358635,0.04847999943993261,0.9895647805280366,0.9676832714183293,0.05380065810429097,0.9880378850821158,0.8717506957853378,0.025691564737333045,0.9943968365138944,0.9842413353113104,0.08525407191967062,0.9806536969567956,0.935221544114906,0.12379180603323892,0.9738532908388008,0.8953993109600247,0.06706312172505512,0.985351954804696,0.9515254174496529
sim-1045c0cc03576a095e587aa90b03b1c53c5d7b61837a32db4f496f925fb8e70a,15,challenged_demand,2.5157261233232697,0.040527228637418325,12.925415617283946,4.299040871264806,0.0,0.0,0,8,0,8,0.8385667573426776,1.0,1.0,18,0,18,18,0,18,0,5,0.9880738757789832,0.9315819888546223,1,none,5,5,5,5,0.06619233614749821,0.9860672359668341,0.9501179433064489,0.10381092636380757,0.9783343329023078,0.9167805453112523,0.10829201717055006,0.9769331560772375,0.9128883248693547,0.039561385778541305,0.9912801936654099,0.9729878903083892,0.054538027241269264,0.9879788183857313,0.962652940893906,0.05667154832768239,0.9880738757789832,0.9315819888546223,0.025221348516731027,0.9956733671536001,0.9845771765568135,0.09150715344384765,0.9799549357700925,0.9298088471334763,0.12542869180716784,0.9733267505262974,0.8943251476245018,0.06848798704082742,0.9862900358051777,0.9501746182755765
sim-1045c0cc03576a095e587aa90b03b1c53c5d7b61837a32db4f496f925fb8e70a,16,challenged_demand,2.502062034830721,0.05946472651390126,12.139806493024148,6.208927784826723,0.0,0.0,0,8,0,8,0.8677273424879279,1.0,1.0,18,0,18,18,0,18,0,5,0.9884765632539795,0.9522560378428968,1,none,5,5,5,5,0.06517762742574573,0.9854145779346211,0.9509180392461135,0.1004042486191791,0.9771344153084487,0.9195701930982807,0.10835848756736746,0.9762461764407995,0.912594239100269,0.04126801098115373,0.9903002410094347,0.9716709617294677,0.05461677518590275,0.9886359886659802,0.9626304863946056,0.055318303200726664,0.9884765632539795,0.9522560378428968,0.026121145903881753,0.9928310149972503,0.9835912938223423,0.09307166782283431,0.9802234141520737,0.9282505470557116,0.1273298756667742,0.9716933003282492,0.8921792437370576,0.06613665210185378,0.9846402344495627,0.9519559370971927
sim-1045c0cc03576a095e587aa90b03b1c53c5d7b61837a32db4f496f925fb8e70a,17,challenged_demand,2.461737090283014,0.06797394897437264,9.588709590891199,28.725466737067688,0.0,0.125,0,6,1,8,0.8167226106031868,1.0,1.0,15,0,15,15,0,15,0,3,0.9890667232739808,0.9596265631608917,1,none,5,3,5,5,0.06763323857749932,0.9857297616443007,0.9489025944726239,0.10441885069764881,0.9794122993858617,0.9162425243681745,0.11005471364353746,0.9778810197381436,0.911102074786697,0.042960180845773334,0.9912513785654391,0.9704886930491904,0.052136609627916365,0.9891626971299283,0.9644719759616457,0.05381801661405277,0.9890667232739808,0.9596265631608917,0.027189674664056303,0.9955808824041171,0.9834346535568513,0.09098852290892956,0.9805734215185014,0.9297464844524091,0.12901146856719925,0.9737887218139709,0.8907748718166008,0.06959943545380823,0.9856370710788019,0.9491556346853082
sim-1045c0cc03576a095e587aa90b03b1c53c5d7b61837a32db4f496f925fb8e70a,18,challenged_demand,2.448123162732069,0.051868834026533875,14.051590046871912,6.280004570100526,0.125,0.0,1,8,0,7,0.9492127184770335,0.9411764705882353,1.0,17,1,16,17,0,17,0,4,0.9883463805515046,0.9612821778010794,1,none,5,5,4,5,0.06742454399850999,0.9861067078104899,0.9491586906372528,0.10350869255616467,0.9774454698001109,0.9170329970987459,0.10713585418064658,0.9771490543626501,0.9138598621111855,0.042635266269669445,0.991432572111396,0.970983618917149,0.05171063145772791,0.9892096395154806,0.9650197123724392,0.05432509865204478,0.9883463805515046,0.9612821778010794,0.02353623499229313,0.9950793856857238,0.9861206836962693,0.09686126902268029,0.9785205271846315,0.9243941901798312,0.12680171385710376,0.9727701728155216,0.8928936051219692,0.07051633986785555,0.98544606843781,0.9483287323735929
sim-1045c0cc03576a095e587aa90b03b1c53c5d7b61837a32db4f496f925fb8e70a,19,postdemand_recovery,2.5539756352371836,0.01593536796567946,10.97650848935084,4.574035862267335,0.0,0.0,0,8,0,8,0.9641718373894901,1.0,1.0,18,0,18,18,0,18,0,5,0.9914441771648905,0.9655156072824598,1,none,5,5,5,5,0.06544075128547683,0.9901789668807441,0.955534250653954,0.10141894854543526,0.9845548871361743,0.9263373577724385,0.10543571857031321,0.9838205871637292,0.923460337704386,0.03921989594491058,0.9944258670463381,0.9758351335713987,0.053365383202317145,0.9916956440734146,0.967086492627823,0.05444621359714823,0.9914441771648905,0.9655156072824598,0.024018183667041677,0.9969012039166162,0.9869397234381865,0.096876125282408,0.9852797440665245,0.9310229145171676,0.12225723832674926,0.9817598396172745,0.9061709198504124,0.06747648996929174,0.9898988727365899,0.9554588067478543
sim-1045c0cc03576a095e587aa90b03b1c53c5d7b61837a32db4f496f925fb8e70a,20,postdemand_recovery,2.5564203093841353,0.020133682509950825,18.827069188305337,5.6521427232145065,0.0,0.0,0,9,0,9,0.9423060013665895,1.0,1.0,18,0,18,18,0,18,0,5,0.9913663467066389,0.9692854615384608,1,none,5,6,6,5,0.06340391831623626,0.9901346527921469,0.9618750407445221,0.09891680390256433,0.984945127158841,0.936327728459798,0.10469004917073389,0.98329801298138,0.9324995552614209,0.03777984626540279,0.9945926430285171,0.9793535035939779,0.05404149132017822,0.9911010765450089,0.9703045680649587,0.054909601559230754,0.9913663467066389,0.9692854615384608,0.019078525500755724,0.9981197485927917,0.9909221642062482,0.09775982455133618,0.9845180986536791,0.9379748124346565,0.12146179596206812,0.979869984790304,0.9164451071689126,0.06553379094053279,0.9900878044588076,0.9619533095948402
sim-1045c0cc03576a095e587aa90b03b1c53c5d7b61837a32db4f496f925fb8e70a,21,postdemand_recovery,2.562495339895764,0.020415509158847357,19.262944344878484,4.5210481529704,0.0,0.0,0,8,0,8,0.9591172231406256,1.0,1.0,18,0,18,18,0,18,0,5,0.9909920889482663,0.9698636156785724,1,none,5,5,5,5,0.06246971007970801,0.990246022875524,0.9640458515030562,0.09937005784143528,0.9837854099478295,0.9386259719953703,0.10832470905897672,0.9822169443579307,0.9324057489418456,0.03589658239735045,0.9940967750569931,0.9812280443271618,0.05626733073768484,0.9911496951925501,0.9700806760150722,0.05595976872968838,0.9909920889482663,0.9698636156785724,0.01536591567913653,0.9974009624130624,0.9930783210320603,0.10314552168523691,0.9826484843750625,0.9358135368699566,0.13020862106295936,0.9778378180996349,0.9129186146596201,0.06431181507925392,0.9898767580808112,0.9644110272317622
sim-1045c0cc03576a095e587aa90b03b1c53c5d7b61837a32db4f496f925fb8e70a,22,postdemand_recovery,2.592370540772275,0.01879912545197372,5.518885896880052,5.515049947658763,0.0,0.0,0,8,0,8,0.9547006765015896,1.0,1.0,18,0,18,18,0,18,0,5,0.9912176884066698,0.9697325600321962,1,none,5,5,5,5,0.06235046678487457,0.9903548314594411,0.9646153990427943,0.1023500848628904,0.9834326561802054,0.9371801111709304,0.11005475976707857,0.9827883941421007,0.9318721525867272,0.03657338668340258,0.9946776128931578,0.9811721261942367,0.056261903825626104,0.9910940712945,0.9703828211179661,0.05678667902291688,0.9912176884066698,0.9697325600321962,0.015920275510277405,0.9977446245703252,0.9927984257816715,0.09379663152681161,0.9883489464914128,0.9437209838772759,0.13296049972471188,0.9796983591050141,0.9114861414621714,0.0642061893678843,0.9901646305455586,0.9650132742521288
sim-1045c0cc03576a095e587aa90b03b1c53c5d7b61837a32db4f496f925fb8e70a,23,postdemand_recovery,2.558166658651791,0.02890746236091252,13.38033241392484,5.660766135037415,0.0,0.0,0,9,0,9,0.9076781065288364,1.0,1.0,18,0,18,18,0,18,0,5,0.9910808789387008,0.9697039065091266,1,none,6,5,5,6,0.0625164901832404,0.9899803988019317,0.9646669113772903,0.10184833672405051,0.9844776758211223,0.9377330234596533,0.10841478375714306,0.9833312001092801,0.9331892510634856,0.03644546280269426,0.9941187517212894,0.9812937802517373,0.0570459220523409,0.9911652879964606,0.9699911576344445,0.05697113733115158,0.9910808789387008,0.9697039065091266,0.015534834804921509,0.9976108151882022,0.9928384015318839,0.08936619101043361,0.9841215906633747,0.9472102483495421,0.12639015233279907,0.9810026383909374,0.9165718770642725,0.06493419560445961,0.9895884182127737,0.9647029377523606
sim-1045c0cc03576a095e587aa90b03b1c53c5d7b61837a32db4f496f925fb8e70a,24,postdemand_recovery,2.5608618607552556,0.019834068224853053,11.63006462471115,3.6293411338764603,0.0,0.0,0,8,0,8,0.9177064915523471,1.0,1.0,18,0,18,18,0,18,0,5,0.990794212959009,0.969314034338071,1,none,5,5,5,5,0.06265968178679397,0.9901226271969792,0.9646974842953407,0.09972263597515106,0.983956341589847,0.9392365489267993,0.10627357370962047,0.9830375397237355,0.9346742702298652,0.037989886206803165,0.9940788422035598,0.980514204875007,0.057994461921804574,0.990516272179183,0.9693992786744994,0.057667333434412354,0.990794212959009,0.969314034338071,0.01716046271075735,0.9968495246037113,0.9918821247817852,0.09437552547524213,0.9849118853644476,0.943670406294433,0.12297522215162347,0.9802137265195534,0.9193078471238587,0.06553299809827516,0.989612705374722,0.9643766893267238
sim-be4c512b297a5c253a40918370627c395603a5dc74411a3e698debf77c37a8e4,1,baseline,1.9727358595750726,0.48432326232169126,152.12385707338075,115.47168444210142,0.8333333333333334,0.7142857142857143,5,6,5,7,0.7324333178574145,0.6666666666666667,0.6666666666666667,15,5,10,15,5,10,0,4,0.992698894526884,0.9903097873816697,1,none,4,4,5,5,0.07986213591575356,0.9881332836542958,0.9807759646002951,0.07065825627125663,0.9897618698862621,0.9875006270549536,0.06629178567523808,0.9913336866424208,0.9906516297100291,0.06425665509163335,0.9954114267161318,0.9920644734599423,0.06588488773289765,0.993911166531327,0.99099422758003,0.028388428794868786,0.992698894526884,0.9903097873816697,0.05905997401200362,0.9978188789041536,0.9956592922792622,0.0893155579579159,0.9841825641407221,0.9742718845598651,0.0641602829030748,0.9914377824302437,0.9921389428683849,0.07180966324958925,0.9920366422116446,0.9868711637568603
sim-be4c512b297a5c253a40918370627c395603a5dc74411a3e698debf77c37a8e4,2,baseline,2.5881210581012555,0.01826278787476692,9.786363213608881,5.336271652869639,0.0,0.0,0,9,0,9,0.9614699240509151,1.0,1.0,19,0,19,19,0,19,0,5,0.9902554973579905,0.9821127650119721,1,none,6,5,5,5,0.07080563241390496,0.9898649693964917,0.9686090417079128,0.0845882744434408,0.9829371412071819,0.9597347850790168,0.08500483755532615,0.9817975905233572,0.95974499095091,0.04569081616138558,0.9937220301046789,0.9855802864478908,0.056634277749983385,0.9905536227098016,0.9790824546436878,0.003964691959683105,0.9902554973579905,0.9821127650119721,0.029410139289127345,0.9983128566241098,0.9954623519725346,0.09384480084636063,0.9853208320070261,0.9533357977495177,0.0965834546045462,0.9770234336270014,0.9511908732811759,0.06277743772973186,0.9891143936432045,0.9749470256670825
sim-be4c512b297a5c253a40918370627c395603a5dc74411a3e698debf77c37a8e4,3,baseline,2.5440935809935565,0.022089609789301277,15.061803016411135,6.089676973133898,0.0,0.0,0,8,0,8,0.9410838815471804,1.0,1.0,18,0,18,18,0,18,0,5,0.9908514158174476,0.9787052082933463,1,none,5,5,5,5,0.06609862789592234,0.9903557616752453,0.965622816368337,0.09742346040636002,0.983931216472711,0.9447028243696468,0.10062096698246203,0.9830680212142641,0.9428796148552067,0.04076295477464299,0.9938839539368765,0.9822928613957347,0.05734025255265842,0.9909206823383582,0.9728782440246735,0.0025001709684040795,0.9908514158174476,0.9787052082933463,0.01827267416465395,0.9980587027875618,0.9951329245849179,0.0880038521581076,0.9848550931805925,0.9514594376437735,0.12095708943318759,0.9798844460731214,0.9263685396260832,0.06568490961997395,0.9897563067559727,0.9672679905516631
sim-be4c512b297a5c253a40918370627c395603a5dc74411a3e698debf77c37a8e4,4,baseline,2.5470741026588337,0.026747134923349486,12.335463595442782,6.1564765089640385,0.0,0.0,0,8,0,8,0.9447180236643429,1.0,1.0,18,0,18,18,0,18,0,5,0.9912596434127693,0.9779123155963978,1,none,5,5,5,5,0.06383230937355786,0.9903168408678871,0.9650538017342103,0.099490210094672,0.984673242932816,0.9408568452877015,0.10599267721313642,0.9831704910748525,0.9365126962468966,0.04176143578710932,0.9932999608937911,0.9794347916608884,0.05630947478472153,0.9918115651507287,0.9716107989627356,0.002371903098495505,0.9912596434127693,0.9779123155963978,0.01657757298104083,0.9978984878807883,0.9936592014518906,0.09724548918215241,0.9853383975553419,0.9426490137280235,0.12532494678096226,0.9801088708979823,0.9195224511517894,0.06611845318272404,0.9896456645965653,0.9649455479633445
sim-be4c512b297a5c253a40918370627c395603a5dc74411a3e698debf77c37a8e4,5,baseline,2.5515507571737253,0.038146140208309226,11.371028595466415,6.029566976273031,0.0,0.0,0,9,0,9,0.8948542681473777,1.0,1.0,18,0,18,18,0,18,0,5,0.9908785209116754,0.9779519717958363,1,none,5,6,6,5,0.06255280859370224,0.9902886623958193,0.9651580433739904,0.0982584297743975,0.9842090817393775,0.9409877484498601,0.10452895543277216,0.9834687213231311,0.9366786755403653,0.041027144525747614,0.9939080681428581,0.9791368962706994,0.05470448694441939,0.9912413654309753,0.9718783782539905,0.002326710896843422,0.9908785209116754,0.9779519717958363,0.014866240329637922,0.9975064206565069,0.9936859018646866,0.09462597754543967,0.9844998968429436,0.9436678553249159,0.12302909026322416,0.9799073810520254,0.9201640174780068,0.06584045498548391,0.989796966911588,0.9644865319290088
sim-be4c512b297a5c253a40918370627c395603a5dc74411a3e698debf77c37a8e4,6,baseline,2.5361029931380017,0.026485101502551792,15.331884684979642,5.508854468468924,0.0,0.0,0,8,0,8,0.9151758161100446,1.0,1.0,16,0,16,16,0,16,0,5,0.9905002318125967,0.9770270808450862,1,none,5,5,5,5,0.06243945916598393,0.9901533738358385,0.9650428349034031,0.10228223872968044,0.9834583490902055,0.9377530977670692,0.10740630607604883,0.9824725570924252,0.9341646163757714,0.03974128689334387,0.9938028930088797,0.979613304263027,0.0578292304100672,0.9906978095070083,0.9697097391428565,0.0024614104139962503,0.9905002318125967,0.9770270808450862,0.017651547015894012,0.9970414658142708,0.9919234815929399,0.09498314236918379,0.9848227330626756,0.9434767263400732,0.1302967583382842,0.9780615074518747,0.9139031137660975,0.06647706922323424,0.989590502165293,0.9638061992497314
sim-be4c512b297a5c253a40918370627c395603a5dc74411a3e698debf77c37a8e4,7,prechallenge_demand,2.4950452309408058,0.05158086417031185,12.945335166479293,4.2335258943793574,0.0,0.0,0,8,0,8,0.889600938824462,1.0,1.0,18,0,18,18,0,18,0,5,0.9885365055209183,0.9748197818450814,1,none,5,5,5,5,0.06386527253219276,0.9857097930675374,0.9593628829126292,0.10365398565908387,0.9768701018229661,0.9289673912958331,0.10951199959865088,0.9768398853769065,0.9246862682522787,0.042548364427204007,0.9908660738860204,0.975223433343663,0.05635866753369216,0.9898667927445113,0.9673314938679102,0.0023499698226528837,0.9885365055209183,0.9748197818450814,0.01681728109307346,0.995057221565371,0.991317115104683,0.0949478519245499,0.9824301008498155,0.9378658364951858,0.13201370097103482,0.972714403162511,0.9028364874652431,0.06730463044309841,0.9849542510950546,0.9585743647460522
sim-be4c512b297a5c253a40918370627c395603a5dc74411a3e698debf77c37a8e4,8,prechallenge_demand,2.1790655876176155,0.1963306937585099,37.39584267817332,52.0352838346531,0.16666666666666666,0.25,1,6,2,8,0.8743292846081476,1.0,1.0,16,0,16,16,0,16,0,3,0.9873902833843415,0.9713645151641133,1,none,5,3,5,5,0.06622748402663407,0.9856324308778316,0.9524015124875678,0.10797950561492295,0.9778999181396646,0.9163335169330182,0.11101415797051993,0.9768836657102704,0.9141002321002234,0.04404720030959649,0.9898918054799422,0.9710351295080268,0.05422280501877152,0.9881026907018319,0.9648048766709411,0.0024044858524058703,0.9873902833843415,0.9713645151641133,0.026859826828081464,0.9938374858192538,0.9834108440389867,0.09072126935595523,0.9799386939187975,0.9337620811226734,0.13092761794134736,0.973553208191865,0.8928780066303632,0.06996656466672782,0.9857964489486298,0.9510779586070078
sim-be4c512b297a5c253a40918370627c395603a5dc74411a3e698debf77c37a8e4,9,prechallenge_demand,2.436335121858632,0.04201367565648067,10.227921610162154,9.086359646531735,0.0,0.0,0,7,0,7,0.9591671555273885,1.0,1.0,16,0,16,16,0,16,0,4,0.9880024299826521,0.9701681176251822,1,none,5,4,4,5,0.06771640181769416,0.9858676366602247,0.9496986002974472,0.10721688357878298,0.9777178873756286,0.9144376748864464,0.108548941960763,0.9777202200915981,0.9137371224534495,0.04722906292340883,0.990662264199779,0.9675507206950904,0.05482289178370347,0.9888805405354187,0.9631333289841227,0.0023877573905395338,0.9880024299826521,0.9701681176251822,0.028862212571863062,0.9933011573246942,0.9819782812630533,0.09497575503074113,0.9800983043988698,0.9273368307799702,0.12753503854593398,0.9728803285696913,0.893103202622725,0.07009672554131749,0.9852207354178472,0.9490499607877343
sim-be4c512b297a5c253a40918370627c395603a5dc74411a3e698debf77c37a8e4,10,prechallenge_demand,2.5379931634487596,0.037692967826468575,14.934582494138864,5.025159198287802,0.0,0.0,0,9,0,9,0.8768672804406472,1.0,1.0,18,0,18,18,0,18,0,5,0.9876595691792822,0.9704614612634823,1,none,5,6,6,5,0.06650739037275599,0.985987396565107,0.9501783428168301,0.10585950020081966,0.9759346545956483,0.9148396230413778,0.10937496023058214,0.9757159230265758,0.9122662360301329,0.042760604579746626,0.9911747875237429,0.9708441413092426,0.05400927997824462,0.9882373895537314,0.9633107997079317,0.002325216567887977,0.9876595691792822,0.9704614612634823,0.026460640708896123,0.9943737077451208,0.9836992453338415,0.09695569281052106,0.9792451933622972,0.9245332871899955,0.12894306780392129,0.9711438287412332,0.8912690596867169,0.06772921306760923,0.9857205983438588,0.9506805731563388
sim-be4c512b297a5c253a40918370627c395603a5dc74411a3e698debf77c37a8e4,11,prechallenge_demand,2.465998920406672,0.050037239882551654,23.743239980629998,9.139555229545335,0.125,0.0,1,8,0,8,0.939594099750749,1.0,1.0,16,0,16,16,0,16,0,5,0.9888962840184097,0.9711206869600305,1,none,5,5,5,5,0.06609491540509412,0.9861962761506745,0.9503599400985984,0.11118351000748732,0.9765526468892476,0.9093788474899052,0.11282170369129954,0.9760368978511478,0.908571827698039,0.04233896880862541,0.9919530494494215,0.9709777340387268,0.0534211088492076,0.9898851956348725,0.9635897520202739,0.0022393051989984575,0.9888962840184097,0.9711206869600305,0.02388938839974533,0.9972962456260673,0.9857640156659264,0.09916291256930122,0.9770014449133689,0.9214446995503995,0.13495796007386324,0.9713140584520111,0.8844334801340945,0.06929340651437738,0.9852757557041677,0.9490220538660726
sim-be4c512b297a5c253a40918370627c395603a5dc74411a3e698debf77c37a8e4,12,prechallenge_demand,2.435080070463542,0.06697620452810447,12.086171095056574,12.231445863075445,0.0,0.0,0,7,0,8,0.9485151601654734,1.0,1.0,16,0,16,16,0,16,0,4,0.9879549345243849,0.9705964606853024,1,none,5,4,5,5,0.06660983322320879,0.9857383429702586,0.9499272630898324,0.11049216098369992,0.9770224439228707,0.9102386770761514,0.1149090523923021,0.9744747789056436,0.906462525436928,0.04151246317468983,0.9904590663591286,0.9715331868215564,0.05375202588799757,0.9881384262660895,0.9632129008216854,0.0023461234719223943,0.9879549345243849,0.9705964606853024,0.021627307258986872,0.9941639137446999,0.9870626021343755,0.1028446045220171,0.9801869518608406,0.9188166247765452,0.1358074076921294,0.9696168527156762,0.8833259854445302,0.06802691539238753,0.986268434356982,0.9503798462096169
sim-be4c512b297a5c253a40918370627c395603a5dc74411a3e698debf77c37a8e4,13,challenged_demand,2.5189249864825785,0.0324519160251562,9.407156633231093,6.725768344254458,0.0,0.0,0,9,0,8,0.8555650512900366,1.0,1.0,17,0,17,17,0,17,0,5,0.9537796669923265,0.6893837957684903,1,none,5,6,5,5,0.06582511641371394,0.9860960233158825,0.9505989449577441,0.10467516982756345,0.9788089517398457,0.9157409290502431,0.1121463836279286,0.9786188311795097,0.9091391259042889,0.041968102458970036,0.9920312728048141,0.9713525832599296,0.050549345296040174,0.9902209510544768,0.9660536867055133,0.0021116069578603095,0.9537796669923265,0.6893837957684903,0.025488785811818078,0.9947711349181979,0.9843673330571312,0.09122059715811554,0.982320033686189,0.9294853053377271,0.13111493522937276,0.9755596796947238,0.8880101581566603,0.06526153675968104,0.9868576954681717,0.9528137393765963
sim-be4c512b297a5c253a40918370627c395603a5dc74411a3e698debf77c37a8e4,14,challenged_demand,2.567035312620887,0.05284917037143444,17.643710025480498,8.661548256996669,0.125,0.0,1,8,0,8,0.9394688463182318,1.0,1.0,18,0,18,18,0,18,0,5,0.9871892928246794,0.8801568137634413,1,none,5,5,5,5,0.0653533852650718,0.9858500223363039,0.9509193246720713,0.1001102215757725,0.9779938014781151,0.9199160256305299,0.10601319364220937,0.9766824312297172,0.9147607904273598,0.04002781248235431,0.9913448794203008,0.9728896094875722,0.04979940379497689,0.9884381240910726,0.9662770400091609,0.0022770568572578554,0.9871892928246794,0.8801568137634413,0.025905749302952717,0.9939320000451024,0.9839460496980066,0.08918037082631085,0.9803959243262579,0.9315093980043492,0.1246033292970408,0.9722738476956222,0.8940265279320679,0.06481158047586792,0.9856769576158894,0.9533419352438163
sim-be4c512b297a5c253a40918370627c395603a5dc74411a3e698debf77c37a8e4,15,challenged_demand,2.1794869409985234,0.222977006291228,43.06552252095626,48.27992787716054,0.16666666666666666,0.25,1,6,2,8,0.8215830401847243,1.0,1.0,15,0,15,15,0,15,0,3,0.9883085710272751,0.9405882466357216,1,none,5,3,5,5,0.06681735221564754,0.9860474834177144,0.9496947563999604,0.10498399751673503,0.9792913182622938,0.9152331914266013,0.10897454739813424,0.9780156207210755,0.9119964405423625,0.040738086478607494,0.9917866971810846,0.9721422836969793,0.055736002357929235,0.9887310348993414,0.961384720543726,0.00242946622445332,0.9883085710272751,0.9405882466357216,0.02611886618463379,0.9955149918559819,0.9838916782038591,0.09635085523730576,0.9791503437625614,0.9250108510859967,0.12834025969484766,0.9741828918885337,0.8905988503238202,0.06685744831616623,0.9861719642189005,0.9514239878377254
sim-be4c512b297a5c253a40918370627c395603a5dc74411a3e698debf77c37a8e4,16,challenged_demand,2.489819660592222,0.06865789836806113,15.264796690689028,7.036722741515594,0.0,0.0,0,8,0,8,0.8960643490523496,1.0,1.0,18,0,18,18,0,18,0,5,0.9873806656971144,0.9613473786102283,1,none,5,5,5,5,0.06616049432846782,0.9852956781747425,0.9501165673832648,0.09959132585547736,0.976802843558305,0.9203005687907385,0.10744951757780878,0.9755201199916468,0.9130814922539002,0.04083915361869667,0.990007025020582,0.9719879831350995,0.05367033736717957,0.9880949442706053,0.9632054854149653,0.002302041811361315,0.9873806656971144,0.9613473786102283,0.027372731378195545,0.9927707088739676,0.9827054260363459,0.09784698043113862,0.9783739937833966,0.9235577067030523,0.125289849896551,0.9713116211354216,0.8929469806011539,0.0667729511648448,0.9840324925101381,0.951303154939892
sim-be4c512b297a5c253a40918370627c395603a5dc74411a3e698debf77c37a8e4,17,challenged_demand,2.432879314996856,0.07021732582562869,19.083745202512628,12.202650567458761,0.14285714285714285,0.0,1,7,0,7,0.9208199919476671,1.0,1.0,16,0,16,16,0,16,0,4,0.9878344145586025,0.9677001581959139,1,none,5,4,4,5,0.06751964788096539,0.9858534937053041,0.949080471728138,0.10508440562571789,0.9777995256281494,0.9157802515496412,0.10797228711030951,0.977569450644722,0.9132363938097264,0.04271940220067573,0.99065904921894,0.9708372430289528,0.05383680228806765,0.9876550936161891,0.9631500056188491,0.002316560498669924,0.9878344145586025,0.9677001581959139,0.027606301186053714,0.9948188566836794,0.983151392327554,0.09912460492275685,0.9762443891457874,0.9218417773962776,0.1243434137706154,0.9743012513781013,0.8952405846069434,0.07284208510529365,0.9835641672372541,0.9461883417528065
sim-be4c512b297a5c253a40918370627c395603a5dc74411a3e698debf77c37a8e4,18,challenged_demand,2.515145413521248,0.04533304750569157,9.855065642565608,7.99581302785463,0.0,0.0,0,8,0,8,0.8433612935388641,1.0,1.0,18,0,18,18,0,18,0,5,0.988353272690614,0.9693025573011237,1,none,5,5,5,5,0.06643006861866071,0.9864404536117236,0.9502065271662451,0.10612561924375259,0.9779502711817851,0.9142002092625982,0.10829359442512342,0.9779214988514484,0.913074063452907,0.04601545966152579,0.9919873559689781,0.9683552022963295,0.05706457762794038,0.9887442700731914,0.9605706530495252,0.002349466667544548,0.988353272690614,0.9693025573011237,0.028290695308057733,0.9942203865058127,0.9825283163499212,0.10319092403459947,0.9819206045798805,0.9187759131849815,0.1267438792114975,0.9738744680182164,0.8928539068396637,0.0734451605588238,0.9860791219629734,0.9457703234583569
sim-be4c512b297a5c253a40918370627c395603a5dc74411a3e698debf77c37a8e4,19,postdemand_recovery,2.54990605127495,0.029343115028289474,11.706844377471876,3.5980518945969227,0.0,0.0,0,8,0,8,0.9181510213011586,1.0,1.0,18,0,18,18,0,18,0,5,0.9908488024487364,0.9730648376685751,1,none,5,5,5,5,0.06479415793347693,0.9901689209183189,0.9560828842971179,0.10313025535869172,0.9841689911190465,0.9241731200463339,0.10602343847000611,0.983361934939712,0.9228364660990135,0.03977107065259277,0.9940008563800283,0.9755972749052841,0.05655647054930338,0.9908905457737823,0.9643545957739582,0.002328189110510954,0.9908488024487364,0.9730648376685751,0.027143000433434174,0.9963257892712807,0.9846534156974862,0.09360352987040368,0.9852453644929899,0.9336686526930076,0.12312120639497826,0.9806106156041982,0.90472944121686,0.06915462592067001,0.9897957379375907,0.9539120320394525
sim-be4c512b297a5c253a40918370627c395603a5dc74411a3e698debf77c37a8e4,20,postdemand_recovery,2.565515380288484,0.024139673164712286,8.790939129176824,4.791118364047516,0.0,0.0,0,9,0,9,0.9603393798707638,1.0,1.0,18,0,18,18,0,18,0,5,0.9909328237613735,0.9758941329534471,1,none,5,6,6,5,0.06328825636477059,0.9901317126795486,0.9620109057483298,0.10103632161987912,0.9846544280663677,0.9343386323307112,0.10669878423884428,0.9829801221778912,0.9308864681528078,0.03873352699778237,0.994554145068997,0.9788212781997535,0.05691233799620627,0.9915862695686738,0.9683122191345068,0.0023959633199901135,0.9909328237613735,0.9758941329534471,0.021965805907489613,0.9979452385192938,0.9892095322903274,0.09462933436092286,0.9864165989102278,0.9408407352498569,0.12611735172800262,0.9790748918428924,0.9126607949624761,0.06575299532194691,0.9902508833149016,0.9616507720380156
sim-be4c512b297a5c253a40918370627c395603a5dc74411a3e698debf77c37a8e4,21,postdemand_recovery,2.5728992261508554,0.017349693340901837,18.273242990368473,4.877105962083164,0.0,0.0,0,8,0,8,0.9837450460875293,1.0,1.0,18,0,18,18,0,18,0,5,0.9905989257847219,0.9769286037776518,1,none,5,5,5,5,0.06243658622465016,0.9902568558289242,0.9641197296170856,0.09960381709221675,0.9838098137986895,0.9382879486183707,0.10886568380150756,0.9824290832445393,0.9319534571829396,0.035691551083949585,0.9942217054159098,0.9812965628570981,0.05655754129720955,0.9907635463595684,0.9697352779266408,0.002384381334607307,0.9905989257847219,0.9769286037776518,0.01605843775269959,0.9974341062414471,0.9926797603843045,0.09473845756498736,0.9830158884003072,0.9426154768730335,0.1315059694935139,0.9782544860446867,0.9116140134111114,0.06452182594809212,0.9898817677092024,0.9642312498629224
sim-be4c512b297a5c253a40918370627c395603a5dc74411a3e698debf77c37a8e4,22,postdemand_recovery,2.5769132354200677,0.019599687739745124,2.4298616018295607,4.9262232946284445,0.0,0.0,0,8,0,8,0.9226653073349991,1.0,1.0,18,0,18,18,0,18,0,5,0.9908441419881387,0.9769503132117157,1,none,5,5,5,5,0.06232038472195049,0.9903166921531389,0.9646886948638144,0.10229599027391532,0.9837131870441854,0.9372552466088843,0.10811634069429484,0.9834283996679166,0.9331368108754354,0.03642045126193139,0.9944914474150585,0.9812623965032978,0.05689560022020199,0.9911120005286005,0.9699510372450082,0.0024173839383637096,0.9908441419881387,0.9769503132117157,0.0167243406712195,0.997600308827208,0.9923125329401707,0.09143243008860878,0.9885767257221555,0.9460605893331147,0.13147233677390702,0.9805994352890796,0.91204433266305,0.06390177874165662,0.9901731532543009,0.9652108925471674
sim-be4c512b297a5c253a40918370627c395603a5dc74411a3e698debf77c37a8e4,23,postdemand_recovery,2.576244135807801,0.014411729249681541,9.526927522510556,3.073683534893541,0.0,0.0,0,9,0,9,0.8976240392848315,1.0,1.0,18,0,18,18,0,18,0,5,0.9906754578468171,0.9770080409805303,1,none,6,5,5,6,0.0625164397958766,0.9900591062758684,0.9646957048679071,0.10155306522156901,0.984349588408784,0.9378947008703865,0.10650582758602892,0.9835136239883583,0.9343863601691094,0.03650171086394775,0.9942341243827373,0.9812904537603665,0.05719695587419487,0.9910855381566153,0.9698074800981842,0.002429685773304902,0.9906754578468171,0.9770080409805303,0.01561578415060919,0.997738254358204,0.992866556952196,0.0841599549241668,0.985607270142354,0.9511704016202137,0.12322324959298502,0.9813177595096614,0.9184931877254525,0.06445847829317457,0.9897702831678263,0.9649927548944147
sim-be4c512b297a5c253a40918370627c395603a5dc74411a3e698debf77c37a8e4,24,postdemand_recovery,2.546173131872427,0.015004386224477195,15.42027106462647,3.4975345776851308,0.0,0.0,0,8,0,8,0.8853003673149248,1.0,1.0,18,0,18,18,0,18,0,5,0.99062204905259,0.9768633183791292,1,none,5,5,5,5,0.06247359582944917,0.9900186875584205,0.9648021571568679,0.0996726369237266,0.9842545486893742,0.9393126592916755,0.10678902400708634,0.9825960565368108,0.934090361235492,0.03864138989945451,0.993543040974021,0.980133698590845,0.057889385617554794,0.9909547839164763,0.9694806285367331,0.00243878293668321,0.99062204905259,0.9768633183791292,0.01708652574713476,0.9968244218848603,0.9919782768133534,0.09657506916071566,0.9828386453632241,0.942078325017651,0.12476521014701016,0.9787607055339698,0.9172104039914915,0.06482064317809394,0.9896435246890425,0.9648315031529034
sim-c2361008d9613cbfead887f465c86721d686e3fa8ab6ff3316ccc52b1d26cdce,1,baseline,1.9727358595750726,0.48432326232169126,152.12385707338075,115.47168444210142,0.8333333333333334,0.7142857142857143,5,6,5,7,0.7319219418961294,0.6666666666666667,0.6666666666666667,15,5,10,15,5,10,0,4,1.0,1.0,1,none,4,4,5,5,0.07986202576962532,0.9881335656516416,0.980776042424168,0.07065802558940716,0.9897615672073972,0.9875007417531926,0.0662915228561097,0.9913344335419692,0.9906517537124034,0.06425661415427672,0.9954113222396289,0.9920644869556794,0.06588459105555722,0.9939118628539724,0.9909944321056894,0.06852336795262509,0.9928741760368769,0.9891204006061693,0.02762428296960134,0.9977882800345408,0.9959223671580626,0.0893153460065977,0.9841835098723779,0.9742719786246714,0.0641602295552658,0.991438064449894,0.9921390163542966,0.07180959493076051,0.9920372127270489,0.9868712031760489
sim-c2361008d9613cbfead887f465c86721d686e3fa8ab6ff3316ccc52b1d26cdce,2,baseline,2.5881210581012555,0.018130428767295783,9.682910497037396,5.548269223560798,0.0,0.0,0,9,0,9,0.962029614645297,1.0,1.0,19,0,19,19,0,19,0,5,1.0,1.0,1,none,6,5,5,5,0.07080686135265994,0.9898636176022965,0.9686083176149091,0.08458950508087418,0.9829408612521574,0.9597339555498777,0.08500633978229007,0.9817970680742005,0.9597439320872956,0.045690939343755135,0.9937221755534444,0.9855800632468529,0.056635324785326194,0.9905605249528885,0.9790817976046926,0.058574817313061786,0.9906316140735106,0.9776718043847137,0.0021368839341823777,0.9982677832381919,0.9960495896028293,0.09384580359986519,0.9853226043488835,0.9533351703936013,0.0965849592356634,0.9770278146749563,0.9511895350453231,0.06277795091118638,0.9891101418253762,0.9749466971628086
sim-c2361008d9613cbfead887f465c86721d686e3fa8ab6ff3316ccc52b1d26cdce,3,baseline,2.5453126681623517,0.021433383898714038,15.122599656347555,6.372661538417673,0.0,0.0,0,8,0,8,0.9379739862160312,1.0,1.0,18,0,18,18,0,18,0,5,1.0,1.0,1,none,5,5,5,5,0.0661005854712937,0.9903472033922378,0.965620872581585,0.09742636135145887,0.9839191076931009,0.9446994471811073,0.10052803951578332,0.983098469750232,0.9429388014545763,0.04070211659961721,0.9939547909325468,0.982329852642506,0.05734163978626084,0.9909187022433941,0.9728768124030192,0.0575915431392495,0.9912246219720814,0.9724388843173074,0.0005752701419352482,0.9978853799261511,0.9957887249641153,0.08801308564608755,0.9848103486338793,0.9514499539130911,0.12096159899859521,0.9798674571380348,0.9263629508760575,0.06568783317445366,0.9897517609848171,0.9672650453123299
sim-c2361008d9613cbfead887f465c86721d686e3fa8ab6ff3316ccc52b1d26cdce,4,baseline,2.5458550299039704,0.026594704073968717,10.815033349049312,6.662125505631514,0.0,0.0,0,8,0,8,0.9263319106946207,1.0,1.0,18,0,18,18,0,18,0,5,1.0,1.0,1,none,5,5,5,5,0.06393765506659653,0.9902929389743791,0.9649818862843297,0.09961970942181252,0.984687648813511,0.9407500825995578,0.10569576254902129,0.9834629203465018,0.9367091229508978,0.04151817299774725,0.993307679737039,0.9795534572088392,0.05635202821878775,0.9918193375889646,0.9715909513572797,0.05644492209736782,0.9916036635714566,0.9711734195953322,0.0006552000097450094,0.9977799300553661,0.994356547726768,0.09745586928395476,0.9852580400216723,0.9424822877338495,0.12517912227268171,0.9804628341681392,0.9194752863893899,0.06590279130370252,0.9897324501826708,0.9650925457049757
sim-c2361008d9613cbfead887f465c86721d686e3fa8ab6ff3316ccc52b1d26cdce,5,baseline,2.563176696901352,0.028713556362188884,17.597641497878286,7.5442043310453455,0.0,0.0,0,9,0,9,0.9383352990108204,1.0,1.0,18,0,18,18,0,18,0,5,1.0,1.0,1,none,5,6,6,5,0.0626028062933932,0.9903270687038257,0.9651140859371701,0.09817317170197067,0.984312027879868,0.9409959872356018,0.10253018892439124,0.9840845298947639,0.9380719944614755,0.040876178847678225,0.9938966866692653,0.9792188447893703,0.05545098192074464,0.990881077594296,0.9713883054793018,0.05590549072448583,0.9911264704845774,0.9708166483743642,0.0005741782667646474,0.9975520880966524,0.9945705601465821,0.0956400464029669,0.9838183390953933,0.9427979231110962,0.12107417246280637,0.9801983837445232,0.9214262920698616,0.06546557555845495,0.9900425422840656,0.9647512524388954
sim-c2361008d9613cbfead887f465c86721d686e3fa8ab6ff3316ccc52b1d26cdce,6,baseline,2.533468887025187,0.026769522178529907,13.061798514017037,3.156103950664456,0.0,0.0,0,8,0,8,0.9118433494064417,1.0,1.0,16,0,16,16,0,16,0,5,1.0,1.0,1,none,5,5,5,5,0.06254442806267589,0.9900670204280037,0.9649287950946613,0.10131439158326862,0.9835946415139866,0.9384478599592481,0.10691317237838247,0.9819425368124203,0.9345809575848243,0.039394826382770275,0.9939346185728436,0.9798242337522197,0.05850236997316755,0.9907157483926037,0.9692788558573057,0.05750456409959338,0.9908804586229862,0.9696073513615364,0.0007445824595102433,0.9972577513237978,0.9934105018725986,0.09746431082579401,0.9850258188493642,0.9414639766697485,0.13013048078622308,0.9778300024990305,0.9139790914188809,0.0653020223179993,0.9897173671918206,0.9646092775541051
sim-c2361008d9613cbfead887f465c86721d686e3fa8ab6ff3316ccc52b1d26cdce,7,prechallenge_demand,2.4559012570607424,0.06657008285144336,11.986784816232852,5.196063256040945,0.0,0.0,0,8,0,8,0.9106541843073385,1.0,1.0,17,0,17,17,0,17,0,5,1.0,1.0,1,none,5,5,5,5,0.06391332398736616,0.9859597143894452,0.9593204328047632,0.10321310276650508,0.9770817814518143,0.9293578145496507,0.10935278427029217,0.977183074231536,0.9249209250146115,0.04191155728615519,0.9912021027206178,0.9756691738352522,0.057519970432371254,0.9887959282414718,0.9663654462261261,0.05658995592083024,0.9886263313295206,0.9667118181989156,0.0007879480291396111,0.9950204719119589,0.9918089905631132,0.09639435742312892,0.9805024493017047,0.9360490583838148,0.13126748812341316,0.9729499951222104,0.9034175201752597,0.0683795059153417,0.9844782578628768,0.9573798963183774
sim-c2361008d9613cbfead887f465c86721d686e3fa8ab6ff3316ccc52b1d26cdce,8,prechallenge_demand,2.399616365133607,0.12420809474733263,29.854008226243952,29.110441782705667,0.14285714285714285,0.125,1,7,1,8,0.9003450938084293,1.0,1.0,17,0,17,17,0,17,0,4,1.0,1.0,1,none,5,4,5,5,0.0662614433049094,0.985387347146703,0.9523957337173945,0.10697995469545407,0.9779123620600332,0.9178610911031408,0.11033709227736471,0.976621986815006,0.9148780339078499,0.042130586640754766,0.9904892258075196,0.9725000191343187,0.05596627203723737,0.9885096506678885,0.9633901797857374,0.055536962757585955,0.9887896146024402,0.9633157824407486,0.0009320579632444945,0.9954928258772686,0.9892735389047772,0.09699101687549239,0.9800621661482292,0.9277651011594799,0.13282242095911642,0.971996826060473,0.8908333509067022,0.06877859699056171,0.9862646971216165,0.9524192143997202
sim-c2361008d9613cbfead887f465c86721d686e3fa8ab6ff3316ccc52b1d26cdce,9,prechallenge_demand,2.4199022511827284,0.05116838044556822,11.006447903260307,11.013519081962894,0.0,0.0,0,7,0,8,0.966075497059683,1.0,1.0,16,0,16,16,0,16,0,4,1.0,1.0,1,none,5,4,5,5,0.0676868324104939,0.9860179613238965,0.9496983521884047,0.10718954359784258,0.977449045671898,0.9148152123053579,0.10958538877938626,0.9776558075357324,0.9128527829834845,0.04550527916022445,0.990853934359129,0.9688416914726128,0.05519212555626569,0.9886495038022693,0.96263632355066,0.05542595183326283,0.9884036924608761,0.9619529109742169,0.0012117821597263081,0.99309910444953,0.9860479670424247,0.09649370659291631,0.9795854684877847,0.925889648119678,0.13201170780326554,0.9725348332441058,0.8886045373502349,0.07037414790048065,0.9849972696180996,0.9491254473662252
sim-c2361008d9613cbfead887f465c86721d686e3fa8ab6ff3316ccc52b1d26cdce,10,prechallenge_demand,2.4973325834907634,0.046288120739620936,14.81253153399308,3.8104576809530477,0.0,0.0,0,9,0,7,0.9126280487168261,1.0,1.0,17,0,17,17,0,17,0,4,1.0,1.0,1,none,5,6,4,5,0.0668989176216574,0.985697845640846,0.9498242051915231,0.10781147265243606,0.9757781858187596,0.9129320016586108,0.1102539420929792,0.9749940338589025,0.9113927007345272,0.04191820192528777,0.9909425481468684,0.9714650236175905,0.054641135236913024,0.9891015372064678,0.9627587421756277,0.05521174757220886,0.9886384929031571,0.961800113083632,0.001186851831713505,0.9930431481988007,0.9851891728091892,0.09582332288794206,0.9804264628039816,0.9255037055735327,0.13259932428453572,0.9692551992692517,0.8873960495865387,0.06812804500196755,0.9852919079659658,0.9504362106338137
sim-c2361008d9613cbfead887f465c86721d686e3fa8ab6ff3316ccc52b1d26cdce,11,prechallenge_demand,2.3963072660609654,0.15264076148884548,40.830336218816235,29.58093745712999,0.14285714285714285,0.1111111111111111,1,7,1,9,0.8821269637095548,1.0,1.0,16,0,16,16,0,16,0,4,1.0,1.0,1,none,5,4,6,5,0.06549688350145025,0.9864839490995746,0.9508923185682565,0.10889138394203958,0.9774801953830557,0.9117199861412031,0.11208841801017208,0.9772184210215578,0.9093432599354301,0.042657207886622556,0.9916709352561073,0.970744926390191,0.05250278764861892,0.9889948474353093,0.9642736322244259,0.05299292468487848,0.9890715982456185,0.9634333215614918,0.0008275864840701471,0.9977902471996963,0.9875616410677182,0.093860996483818,0.9791022847889594,0.9270190882599747,0.13728420506294173,0.9715380582988441,0.8817396746095226,0.06771742008689201,0.9864334727741887,0.95060031808799
sim-c2361008d9613cbfead887f465c86721d686e3fa8ab6ff3316ccc52b1d26cdce,12,prechallenge_demand,2.478115528683804,0.050520034807891065,11.423146136529349,7.963951532491256,0.0,0.0,0,7,0,8,0.9002183696104648,1.0,1.0,16,0,16,16,0,16,0,4,1.0,1.0,1,none,5,4,5,5,0.06565638750401033,0.9856429796037284,0.9506625774347205,0.10572650442545667,0.9775189337198008,0.9145678198536551,0.10919023313379898,0.9763801290025037,0.9118466232801286,0.04017265949825014,0.9913378728026238,0.9727150364111834,0.0518875604659721,0.9890013802238812,0.9646435959069836,0.05304458019520722,0.9887095127271509,0.96327368818573,0.0007988656934662533,0.9945810689120392,0.9895069827717772,0.0953668164357246,0.9807534980599935,0.9258125375328046,0.12923459599260778,0.9739435668969271,0.8891471489407257,0.06608325677836878,0.9858407966417874,0.9519857516301411
sim-c2361008d9613cbfead887f465c86721d686e3fa8ab6ff3316ccc52b1d26cdce,13,challenged_demand,2.5194224859681627,0.03932472931706901,10.499474638976029,6.18445940929965,0.0,0.0,0,9,0,8,0.855597462330228,1.0,1.0,17,0,17,17,0,17,0,5,1.0,1.0,1,none,5,6,5,5,0.06618840048049557,0.9861373244558245,0.950290653199263,0.10541129427347277,0.9782753436263469,0.9147434613199079,0.10904540104911635,0.9783667483127843,0.9120535110693887,0.04201834104038761,0.9912530701670759,0.971212728060654,0.05231837023191341,0.9896117158573359,0.9641820544234087,0.0527140753068124,0.9889285561637527,0.9634787376705806,0.0011465023727153985,0.9941982958048938,0.9864717765554117,0.09315968679886354,0.9814089382976074,0.927670021916177,0.12465840466772939,0.9752661643479037,0.893809035483507,0.06590390985408348,0.9869151067825191,0.9522345389873315
sim-c2361008d9613cbfead887f465c86721d686e3fa8ab6ff3316ccc52b1d26cdce,14,challenged_demand,2.544983055250939,0.03540423750596805,16.19181475539158,10.084429871191105,0.0,0.0,0,8,0,8,0.9966270681360553,1.0,1.0,17,0,17,17,0,17,0,5,1.0,1.0,1,none,5,5,5,5,0.06558127186569018,0.9860157893036655,0.9507585530810657,0.1016790577655025,0.9787183088871786,0.9184982581673673,0.10469650037387702,0.9772260359219075,0.9162906715547435,0.039701989819407354,0.992383781707355,0.973213396027351,0.04853530853863936,0.9897664042132966,0.967235574820607,0.053162149986708825,0.9882567053619025,0.963096484153091,0.0011216930408032607,0.9941860044468069,0.9858913478562347,0.08816759062618516,0.9805007178525109,0.9322337601238351,0.123296253216665,0.9720321700451942,0.8958586837099168,0.0663155938406571,0.9849455544615074,0.9520849430049826
sim-c2361008d9613cbfead887f465c86721d686e3fa8ab6ff3316ccc52b1d26cdce,15,challenged_demand,2.240003717508652,0.17122248845354143,40.20716412828113,30.77075680611864,0.16666666666666666,0.125,1,6,1,8,0.9322498624941127,0.9333333333333333,1.0,15,1,14,15,0,15,0,3,1.0,1.0,1,none,5,3,5,5,0.06711619224979194,0.9858285444943875,0.94943330887196,0.10499319392591225,0.9781641623542954,0.9154136537530092,0.10928603102135202,0.9771610154749051,0.9120152633632331,0.04136886088670694,0.9907843696470627,0.971701289756321,0.054064687771493,0.9890533699379089,0.9630590862812513,0.05582977834680402,0.9891868203557559,0.9611576108473264,0.0011224203741873415,0.9944275409925154,0.985732335362261,0.09365429091561699,0.980526819305551,0.9274945452993425,0.1294039631125911,0.974007150250364,0.8904779309654905,0.07058544474845044,0.9854317760374861,0.9483354733177292
sim-c2361008d9613cbfead887f465c86721d686e3fa8ab6ff3316ccc52b1d26cdce,16,challenged_demand,2.390988963535157,0.13149930621915687,44.23125251056747,37.04646026767864,0.14285714285714285,0.14285714285714285,1,7,1,7,0.8957375652782951,1.0,1.0,16,0,16,16,0,16,0,4,1.0,1.0,1,none,4,5,5,5,0.06644255447432053,0.9857241697643315,0.9499877925877759,0.09995631049268426,0.9790134550146317,0.9200561046431623,0.10524649808147145,0.9781605392797779,0.9156787688501444,0.038483814477842264,0.9927491490636887,0.9741369610257392,0.05025627317710349,0.9889929876826338,0.9661383859634309,0.05192911343312417,0.9891717677284098,0.9643549593779037,0.0009222326256826401,0.9952546529903024,0.9873571923265857,0.09927466333025224,0.976489030761244,0.9217350524363331,0.1217355898186917,0.9746777932101773,0.8976176975747162,0.064940369188605,0.9871282938610845,0.9530340280642533
sim-c2361008d9613cbfead887f465c86721d686e3fa8ab6ff3316ccc52b1d26cdce,17,challenged_demand,2.5051076714530467,0.07920147820257811,12.04897631331146,31.145897150482945,0.0,0.14285714285714285,0,7,1,7,0.8936663522433517,1.0,1.0,16,0,16,16,0,16,0,4,1.0,1.0,1,none,5,4,4,5,0.06719075327651751,0.9852935487769939,0.9492039900702607,0.09976329659002317,0.9782246056963741,0.9207188225749301,0.10550532491647298,0.977195955536467,0.9156543674847362,0.038366540194327926,0.9906432553097827,0.9740521355671119,0.05007310733949498,0.988397512053971,0.9662382408253383,0.051958882110109426,0.9882294465180768,0.9642365912655054,0.0009033703756237061,0.9952285836242466,0.9882751412928361,0.09661922338270296,0.9797882285808669,0.9243183124675741,0.12234005097527796,0.9730113110359961,0.8973484391981925,0.06618172784702699,0.9844605290804928,0.9518471241889016
sim-c2361008d9613cbfead887f465c86721d686e3fa8ab6ff3316ccc52b1d26cdce,18,challenged_demand,2.50083916216687,0.05811532145972818,17.737025334649392,9.341584918119828,0.14285714285714285,0.0,1,7,0,8,0.832441163947818,1.0,1.0,17,0,17,17,0,17,0,4,1.0,1.0,1,none,5,4,5,5,0.06681765519432914,0.9863973311461698,0.9497316191489207,0.10297471936248975,0.9779621895888951,0.9174718283952529,0.10619013739813446,0.9771841944528264,0.9148596680011146,0.04304418357565313,0.991764247053224,0.9705587553523383,0.054297031019902735,0.9887515813844536,0.96284467562439,0.05386899569999215,0.9887586663572322,0.962666679424551,0.0009986807286214074,0.9946573179560377,0.9875052386899644,0.09520374970210999,0.9814999796629652,0.9259846548233011,0.1258998323166805,0.9721799043134944,0.8932973465527903,0.06830809044982486,0.9867259413550992,0.9502181625543835
sim-c2361008d9613cbfead887f465c86721d686e3fa8ab6ff3316ccc52b1d26cdce,19,postdemand_recovery,2.5494697216181184,0.014080301089718895,15.014127240598901,3.3978203255171766,0.0,0.0,0,8,0,8,0.9715233767989417,1.0,1.0,18,0,18,18,0,18,0,5,1.0,1.0,1,none,5,5,5,5,0.06535034794448101,0.9900726016641607,0.9555972561344654,0.10241686531526943,0.9837272236295137,0.9255676129729695,0.1086454429128616,0.9824765537157817,0.9208795031637012,0.039935085089191844,0.993792014120745,0.9755746806713745,0.05493329445210087,0.9909401607107273,0.965679632140939,0.05431651469800002,0.9912729853849703,0.9658530948997943,0.0010598761628411988,0.9961706256007866,0.9878345899975355,0.095084896448592,0.9844512342277759,0.9327160518670475,0.13086827477566843,0.9782447173458831,0.8983486693183129,0.06608034261197522,0.9896915339498223,0.9565977228590639
sim-c2361008d9613cbfead887f465c86721d686e3fa8ab6ff3316ccc52b1d26cdce,20,postdemand_recovery,2.5173524125247164,0.025003680627800028,18.845480476088582,5.616611120523769,0.0,0.0,0,8,0,8,0.9111006553563641,1.0,1.0,18,0,18,18,0,18,0,5,1.0,1.0,1,none,5,5,5,5,0.06379173088712396,0.9901483836466274,0.9616344121307704,0.1020348245903201,0.9842831774237796,0.9341664402679185,0.10693474091117687,0.9838139969917379,0.9306966765898096,0.039056660578661605,0.9939651397204151,0.9786726805420204,0.05590897114963401,0.9914272705791667,0.9690469117561409,0.055388371548370695,0.9912503789637792,0.9690446729505333,0.0008242381003912729,0.9972041335817532,0.9907536237357247,0.10172298487267656,0.9831535748573755,0.9351846709977435,0.12830536958091893,0.9810640339756473,0.9105987439760163,0.06559776811106395,0.9896332399163918,0.9619297773805227
sim-c2361008d9613cbfead887f465c86721d686e3fa8ab6ff3316ccc52b1d26cdce,21,postdemand_recovery,2.576108069937445,0.021735437885500766,4.605583732808345,4.927182562613165,0.0,0.0,0,9,0,9,0.9937913586557175,1.0,1.0,18,0,18,18,0,18,0,5,1.0,1.0,1,none,5,6,6,5,0.06281127817204031,0.9901493281355979,0.9638938953921928,0.10246256177422096,0.9836300633851822,0.9364037485860747,0.10702295636387694,0.9827194482955999,0.9332382334038126,0.0401070668758102,0.9936882383834295,0.9789633086758535,0.055522304182062415,0.9916117632974365,0.9705036718515366,0.05565740252149743,0.9913855019335525,0.9701124215281536,0.0006768144904436203,0.9977410554249737,0.9925779263154071,0.0927704296269578,0.9883190123952794,0.9440471869553867,0.12748071029044641,0.9793265682799241,0.9144967278441972,0.06567937352231629,0.9898399932762714,0.9635261345985725
sim-c2361008d9613cbfead887f465c86721d686e3fa8ab6ff3316ccc52b1d26cdce,22,postdemand_recovery,2.585892946637636,0.01470431082144852,16.642791815786914,2.8004528839665817,0.0,0.0,0,8,0,8,0.9285872188527151,1.0,1.0,18,0,18,18,0,18,0,5,1.0,1.0,1,none,5,5,5,5,0.06231046435679711,0.9902628535186491,0.9646684894319641,0.1023297564845568,0.9836380415460121,0.9373008405315443,0.10881622435487354,0.9823642460635981,0.9327316236391846,0.039271969761110644,0.9939659239333265,0.9797119211031543,0.05673349002125155,0.9905197328157908,0.9700128858050113,0.056245652318001556,0.9910172433539316,0.9700249852589613,0.0005327499380030685,0.9979386415744689,0.9943030531334955,0.0853745578625301,0.9858249099320785,0.9501632687244121,0.1310135784570023,0.978126754385102,0.9129185606009199,0.06532927419586866,0.989792617763218,0.96427846408589
sim-c2361008d9613cbfead887f465c86721d686e3fa8ab6ff3316ccc52b1d26cdce,23,postdemand_recovery,2.546440103094143,0.031767787741066464,14.941876148913819,5.34616990710914,0.0,0.0,0,8,0,8,0.9447212350994662,1.0,1.0,18,0,18,18,0,18,0,5,1.0,1.0,1,none,5,5,5,5,0.06247619360776673,0.9901705003273209,0.9647495479263433,0.10009819120265286,0.9847583064998202,0.9392528754298725,0.10924501498283129,0.9830030884402771,0.9326492537927561,0.038562093134828626,0.994294583445339,0.9802274095851549,0.058233192556579216,0.991154080434485,0.9692825801871672,0.05667750534536481,0.9912518727763282,0.969935824532021,0.0005543336032839543,0.9972835927532651,0.9945667540100662,0.09041424634321696,0.985584904268715,0.9466195478293498,0.13122395379826887,0.9798259661436218,0.912897739380089,0.06570544062610838,0.9898195404420215,0.9641869219145051
sim-c2361008d9613cbfead887f465c86721d686e3fa8ab6ff3316ccc52b1d26cdce,24,postdemand_recovery,2.5923928968824983,0.027502545762241936,10.701101128348004,3.041145941904486,0.0,0.0,0,9,0,9,0.9054361977925148,1.0,1.0,18,0,18,18,0,18,0,5,1.0,1.0,1,none,6,5,5,6,0.06282866622359153,0.9900969969494523,0.964550438647151,0.10168050758303326,0.9837852654283802,0.9378140205378743,0.10821401287166763,0.9833223264465388,0.9332110609218912,0.039179587780091736,0.99340028144087,0.9798280598224927,0.057440733321944826,0.9914681924300482,0.9697959842706678,0.05681775553432982,0.9911772147685228,0.9698668462918643,0.0008605386281523683,0.9968355146674932,0.9926671300970137,0.09833230678038143,0.9848050673636405,0.9416249101192716,0.12761771671095962,0.9802527774655768,0.9150604678577834,0.06615521531252903,0.9896540656346046,0.9639175117651734
sim-34b7a4e07116c59c96a271e26265e1966dd27ef670b113b84f79e9c3b05c097d,1,baseline,1.9727358595750726,0.48432326232169126,152.12385707338075,115.47168444210142,0.8333333333333334,0.7142857142857143,5,6,5,7,0.731921941612625,0.6666666666666667,0.6666666666666667,15,5,10,15,5,10,0,4,0.9978188789189714,0.9956592922486114,1,none,4,4,5,5,0.07986202576964903,0.9881335656516418,0.9807760424241676,0.07065802558912443,0.9897615672073965,0.9875007417531999,0.06629152285597396,0.9913344335419694,0.9906517537124215,0.064256614154294,0.995411322239629,0.9920644869556792,0.06588459105560164,0.9939118628539726,0.9909944321056888,0.06852336795266871,0.9928741760368772,0.9891204006061687,0.059059976584761385,0.9978188789189714,0.9956592922486114,0.08931534600659867,0.9841835098723775,0.974271978624673,0.06416022954229846,0.9914380644498232,0.9921390163547603,0.0718095949307981,0.992037212727049,0.9868712031760484
sim-34b7a4e07116c59c96a271e26265e1966dd27ef670b113b84f79e9c3b05c097d,2,baseline,2.5881210581012555,0.018130428767295783,9.682910497037396,5.548269223560798,0.0,0.0,0,9,0,9,0.9620296188214035,1.0,1.0,19,0,19,19,0,19,0,5,0.9983131747393205,0.9954623307917764,1,none,6,5,5,5,0.07080686136362394,0.9898636176023672,0.9686083176146506,0.08458950510744302,0.9829408612524235,0.9597339555485844,0.08500633979743481,0.9817970680743092,0.9597439320868604,0.04569093935352966,0.9937221755535466,0.9855800632463286,0.05663532479201014,0.9905605249529351,0.9790817976044728,0.05857481732086576,0.9906316140735594,0.9776718043844729,0.02941014777669438,0.9983131747393205,0.9954623307917764,0.09384580361231672,0.985322604348999,0.9533351703930586,0.09658495923189077,0.9770278146749224,0.9511895350470506,0.06277795092951187,0.989110141825506,0.9749466971621964
sim-34b7a4e07116c59c96a271e26265e1966dd27ef670b113b84f79e9c3b05c097d,3,baseline,2.5453126681623517,0.021433383898714038,15.122599656347555,6.372661538417673,0.0,0.0,0,8,0,8,0.9379739475244312,1.0,1.0,18,0,18,18,0,18,0,5,0.9979276303607945,0.9950805191380538,1,none,5,5,5,5,0.06610058538007377,0.990347203391529,0.9656208725830752,0.09742636119819623,0.9839191076915471,0.9446994471829389,0.10052803935911499,0.9830984697486902,0.9429388014584734,0.040702116563376384,0.9939547909323713,0.9823298526415586,0.05734163977424605,0.9909187022433129,0.9728768123998587,0.05759154305504188,0.9912246219715511,0.9724388843182898,0.018359674327228077,0.9979276303607945,0.9950805191380538,0.08801308533693654,0.9848103486303582,0.9514499539301853,0.12096159880059729,0.9798674571351514,0.9263629509000045,0.06568783308752663,0.9897517609842209,0.9672650453126679
sim-34b7a4e07116c59c96a271e26265e1966dd27ef670b113b84f79e9c3b05c097d,4,baseline,2.5458550299039704,0.026594704073968717,10.815033349049312,6.662125505631514,0.0,0.0,0,8,0,8,0.9260276638117715,1.0,1.0,18,0,18,18,0,18,0,5,0.9978325115213946,0.9934422723982982,1,none,5,5,5,5,0.06393757077934177,0.9902921260182231,0.9649819405620703,0.09961969754974123,0.9846879064944442,0.9407501302766158,0.10569568318673267,0.9834635788940115,0.936709201328089,0.04151818696402587,0.9933075316322774,0.979553477517256,0.056351963795028735,0.9918200106702226,0.9715909777521549,0.05644497045734279,0.9916037215126474,0.9711734128442702,0.017095422003189722,0.9978325115213946,0.9934422723982982,0.0974557432769872,0.9852583285370567,0.9424823663499123,0.12517913771642178,0.9804615259532027,0.9194753677689278,0.06590269436841237,0.989732854151438,0.9650926078794372
sim-34b7a4e07116c59c96a271e26265e1966dd27ef670b113b84f79e9c3b05c097d,5,baseline,2.563176696901352,0.029364816953115578,17.504500892340857,7.761195491774164,0.0,0.0,0,9,0,9,0.9385456523001656,1.0,1.0,18,0,18,18,0,18,0,5,0.9975991745050347,0.9936987821933415,1,none,5,6,6,5,0.06260493925474357,0.9903293044140024,0.9651126881320617,0.09817631325138716,0.9843115563017802,0.9409937634224272,0.10253339196574461,0.9840789634810924,0.938069868537296,0.040877621776411355,0.9939010241872922,0.9792180394514404,0.05534746892346098,0.9909505988908046,0.971457175071564,0.055906682356808075,0.9911329573884073,0.9708159420971167,0.014988644058466054,0.9975991745050347,0.9936987821933415,0.09564279009246542,0.9838226851047722,0.9427958654139017,0.1214533872617275,0.980072504275048,0.9211181059956995,0.06546733885013432,0.9900450731891742,0.9647500550845978
sim-34b7a4e07116c59c96a271e26265e1966dd27ef670b113b84f79e9c3b05c097d,6,baseline,2.533468887025187,0.02718383945166539,13.176594005118229,3.043318303382221,0.0,0.0,0,8,0,8,0.9115935908578698,1.0,1.0,16,0,16,16,0,16,0,5,0.997323136174108,0.9923319970783441,1,none,5,5,5,5,0.0625434411842788,0.9900672509993261,0.9649295238969714,0.10131334178799793,0.9835915183080564,0.9384487735156554,0.10691178185392608,0.9819444332463015,0.934582193318161,0.03939475900935673,0.9939311753367319,0.979824496453864,0.05830416695202454,0.9907136197047669,0.9693994152215273,0.05750426193156801,0.9908818913535592,0.9696075904765766,0.016935249549894713,0.997323136174108,0.9923319970783441,0.09746322282864608,0.9850245115537807,0.9414647380339487,0.13019627141484866,0.9778928980778675,0.9139248119050332,0.06530134208760766,0.9897166501600081,0.9646096732537967
sim-34b7a4e07116c59c96a271e26265e1966dd27ef670b113b84f79e9c3b05c097d,7,prechallenge_demand,2.458156395755884,0.065401443318069,11.845347004330716,4.899359959337639,0.0,0.0,0,8,0,8,0.9130726111833394,1.0,1.0,17,0,17,17,0,17,0,5,0.9951066889741549,0.9905467863762062,1,none,5,5,5,5,0.06391433053793626,0.9859428053769043,0.9593190944022114,0.10321635569214185,0.9770763417573541,0.9293534614652276,0.10925533801937266,0.9772367959775902,0.9250275568927686,0.0419125025187024,0.991196113743594,0.9756682139429663,0.05744526585540333,0.9887925059981726,0.9664141450550989,0.056796565198049515,0.988535854952207,0.9665239769254629,0.017808919849598013,0.9951066889741549,0.9905467863762062,0.09634011344155925,0.9806685433426012,0.936104155418248,0.1312546677009853,0.9728749920170867,0.9034235865595139,0.0683823367843452,0.9844736899401753,0.9573766624338257
sim-34b7a4e07116c59c96a271e26265e1966dd27ef670b113b84f79e9c3b05c097d,8,prechallenge_demand,2.3852374576203594,0.12006298989450884,30.90899169193423,29.64799943597489,0.14285714285714285,0.125,1,7,1,8,0.8946720390824258,1.0,1.0,17,0,17,17,0,17,0,4,0.9953404648722988,0.9873088531444557,1,none,5,4,5,5,0.06620096340906016,0.9854913350798115,0.952465731778889,0.10609368953598415,0.9785262416083463,0.9185860591360218,0.11008842891495282,0.9769973280647666,0.9151685339773596,0.04247006882166586,0.9905137557890971,0.9722308661977069,0.05563229297709183,0.9886938971696635,0.9636643664168552,0.05541733624532962,0.9887703964794821,0.9633917239735921,0.021436965562756278,0.9953404648722988,0.9873088531444557,0.09801252157752934,0.9786890301087517,0.9266224892284408,0.132185014030396,0.9727323056322418,0.8915470911368119,0.06883073552958681,0.9864109843755665,0.9524657453167613
sim-34b7a4e07116c59c96a271e26265e1966dd27ef670b113b84f79e9c3b05c097d,9,prechallenge_demand,2.4349269468792665,0.045908338994811004,9.50372720622141,9.82941050579915,0.0,0.0,0,7,0,7,0.9223686393476563,1.0,1.0,16,0,16,16,0,16,0,4,0.9926159070801961,0.9831944073269409,1,none,5,4,4,5,0.06752721963229463,0.9857782067352269,0.9498299504059058,0.10581072297452232,0.9770199214014282,0.9160287575215579,0.10877820291413158,0.9765934861335427,0.9135527884120447,0.04535669963128657,0.9904662866910199,0.9689441967497803,0.05538289387741905,0.9879403114235813,0.9624243608790158,0.05583272989304029,0.9878404484363229,0.9615230646563787,0.026932695784362387,0.9926159070801961,0.9831944073269409,0.09951199239661089,0.9791837138378475,0.9228570143893472,0.13029954623927695,0.9715774611522582,0.8903614670434242,0.0704496642865905,0.9842480953497097,0.949044269786728
sim-34b7a4e07116c59c96a271e26265e1966dd27ef670b113b84f79e9c3b05c097d,10,prechallenge_demand,2.500181415742049,0.05812500406595061,19.921760593227805,6.515147643242644,0.0,0.0,0,8,0,8,0.9317296307180575,1.0,1.0,18,0,18,18,0,18,0,5,0.9921323499548681,0.9800029143957794,1,none,5,5,5,5,0.06725661035177703,0.9860444024219459,0.9495594898512857,0.10685291950935268,0.9772503064760523,0.9139180197864692,0.11263721398005536,0.9752812343423208,0.9089920506170616,0.04320048001078921,0.990922828046741,0.9705663711115865,0.05621976936850813,0.9890504563406171,0.961501783239237,0.05620420567895851,0.9888708699199974,0.9609323828828279,0.03148523123546268,0.9921323499548681,0.9800029143957794,0.09849658330227279,0.9800044642847224,0.9230565069490158,0.13334015034558283,0.9701750051376055,0.8866792023106448,0.06917776279508152,0.9860430309713772,0.9497111210861727
sim-34b7a4e07116c59c96a271e26265e1966dd27ef670b113b84f79e9c3b05c097d,11,prechallenge_demand,2.4317260939435026,0.145968189530832,38.043132304598174,28.05141165958714,0.125,0.1111111111111111,1,8,1,9,0.9083625569743012,1.0,1.0,17,0,17,17,0,17,0,5,0.9973854436508812,0.9834354809920639,1,none,5,5,6,5,0.06588069572135671,0.986001811808336,0.9504981976937869,0.10735999069810484,0.9772068129490065,0.9131582137676619,0.11303150859747824,0.9771197358758748,0.9082483850516259,0.04384095294056326,0.9914313983460148,0.9701212481936597,0.05226987961020912,0.9896782470867427,0.9645250346610807,0.05423983925853605,0.9885924947166868,0.962344208621126,0.027551843274347333,0.9973854436508812,0.9834354809920639,0.09320341689517816,0.9802826838216476,0.9281206446781239,0.1369143959440405,0.971417851654318,0.8823440787173843,0.06777831364825403,0.9862776559408994,0.950702320769196
sim-34b7a4e07116c59c96a271e26265e1966dd27ef670b113b84f79e9c3b05c097d,12,prechallenge_demand,2.379743475432711,0.07328503516620138,9.839438494211251,9.08127026256801,0.0,0.0,0,7,0,7,0.8929515875371399,1.0,1.0,16,0,16,16,0,16,0,4,0.9942804316014155,0.9849354843494807,1,none,5,4,4,5,0.06661228961812735,0.9856674439788065,0.949868974556718,0.10716640314291254,0.9777570841390538,0.9135871157513766,0.11251437605901342,0.9764145204174756,0.9087057062104527,0.04216462725650724,0.9909965742874569,0.9715839296802301,0.05495089650367163,0.9875603983222386,0.9622044027764309,0.05649210703098061,0.9878742135958622,0.9604555320054919,0.02494576550802529,0.9942804316014155,0.9849354843494807,0.09817283381377183,0.9795222063681913,0.9236480676910387,0.1349691567022988,0.9729783699913009,0.8840216413864513,0.06657237083757882,0.9859448374802323,0.9518433912290459
sim-34b7a4e07116c59c96a271e26265e1966dd27ef670b113b84f79e9c3b05c097d,13,challenged_demand,2.566861681722725,0.03989574914065171,9.591524439608087,8.194176357461714,0.0,0.0,0,9,0,9,0.9243732892101274,1.0,1.0,18,0,18,18,0,18,0,5,0.95991345651516,0.6892075455445451,1,none,5,6,6,5,0.06570164232605179,0.9865178765000242,0.9507159866638595,0.10105400840877832,0.979231716422625,0.919204391108181,0.10609909150615164,0.9780470589873864,0.9146306391886778,0.04076805037260521,0.9918869637088454,0.9725898566608792,0.05377544394987159,0.9891625878034263,0.9633987660925825,0.05387371679167262,0.9886947736510138,0.9627475958748132,0.0234762600832837,0.95991345651516,0.6892075455445451,0.08853196809336458,0.983154582838974,0.9324010056457732,0.12400365481753352,0.9743856008069148,0.8942106701378054,0.06601797698099282,0.9859864635064131,0.9523738100425928
sim-34b7a4e07116c59c96a271e26265e1966dd27ef670b113b84f79e9c3b05c097d,14,challenged_demand,2.5619298404893396,0.04147539520644694,9.84477680793953,9.534644849291416,0.0,0.0,0,8,0,8,0.9530515423630633,1.0,1.0,16,0,16,16,0,16,0,5,0.9943268478162499,0.8874362241275817,1,none,5,5,5,5,0.06464601196510167,0.9860881733363556,0.9514367994917726,0.09801720545654348,0.9796318635558043,0.9221956139697931,0.10607529854168739,0.9772289184463498,0.9148352572446815,0.0384501502240991,0.9933168911563194,0.9744259491949429,0.04991683698676564,0.9900481345795409,0.9664973537284888,0.05364027645147704,0.9888536393886541,0.9629382733678997,0.025509349088142792,0.9943268478162499,0.8874362241275817,0.08858476758486927,0.9811812865049172,0.9321522985491992,0.1215791325631032,0.9743342151817626,0.897535829160618,0.06530862356416249,0.9866424722553909,0.9532615131064148
sim-34b7a4e07116c59c96a271e26265e1966dd27ef670b113b84f79e9c3b05c097d,15,challenged_demand,2.500083013260628,0.049163033790807144,13.436593177710474,4.210047349867162,0.0,0.0,0,8,0,8,0.8939026789227318,1.0,1.0,17,0,17,17,0,17,0,5,0.995730867323382,0.9535965713736976,1,none,5,5,5,5,0.06552140928076082,0.9861330473971471,0.9506067813809322,0.09923526350112752,0.9796241687157342,0.9212104933002476,0.10764198223330772,0.9773924230998758,0.9134416712622399,0.03566412449531474,0.9918438629759884,0.9761725179023952,0.0527599138093647,0.9884340360698511,0.964029386542429,0.054476202391402086,0.9886738376758681,0.9621743345990171,0.024713096114067162,0.995730867323382,0.9535965713736976,0.0906160991773354,0.9801600757806836,0.9298468101795322,0.12324989268991834,0.9745886793374886,0.8963506715080136,0.06529758519548236,0.9860117637686288,0.9530319707596161
sim-34b7a4e07116c59c96a271e26265e1966dd27ef670b113b84f79e9c3b05c097d,16,challenged_demand,2.553230879038787,0.1084018846007039,37.41540540244422,25.59200397590879,0.1111111111111111,0.1111111111111111,1,9,1,9,0.8684882072085877,1.0,1.0,18,0,18,18,0,18,0,5,0.9936792763023589,0.9734238562407347,1,none,6,5,5,5,0.06579583994187306,0.9854425907511744,0.9504344494287252,0.0985899878410649,0.9772565315521324,0.9215962853109281,0.10867588658437932,0.9757464980024929,0.9122304644159208,0.04053913822245098,0.9905630720522939,0.9723573952707337,0.05468566623981945,0.9880841167030854,0.9625098904370586,0.054736510917069145,0.9879872511584527,0.9619234697040292,0.0264158078559096,0.9936792763023589,0.9734238562407347,0.0914405396005304,0.9813391006876466,0.9291214635677282,0.12486041206810475,0.9713047991025651,0.8943849586051228,0.067233650855452,0.9852329254022336,0.9511748903181255
sim-34b7a4e07116c59c96a271e26265e1966dd27ef670b113b84f79e9c3b05c097d,17,challenged_demand,2.4191451310851173,0.0827615421858064,7.429787441980233,33.98648350413315,0.0,0.16666666666666666,0,5,1,6,0.7880390761059575,1.0,1.0,14,0,14,14,0,14,0,3,0.9944434589289781,0.981306828239769,1,none,4,3,4,5,0.06761245356388448,0.9851098795966509,0.9488063928055892,0.10183863077841893,0.9779811084639473,0.9185957863499575,0.10977297352667131,0.9771112100802686,0.9112547207614732,0.04026995103119179,0.9904036868852284,0.9724840597679679,0.052966944487199304,0.987710474417743,0.9637109241098795,0.055018256293290733,0.9878572250195802,0.9615829555628354,0.0253185828639268,0.9944434589289781,0.981306828239769,0.09008654489187143,0.9776957129334967,0.9297284750867397,0.12809079683766827,0.9725609378292008,0.8912031886252648,0.06814434287319009,0.9843900100712222,0.9502072710677987
sim-34b7a4e07116c59c96a271e26265e1966dd27ef670b113b84f79e9c3b05c097d,18,challenged_demand,2.5251267910171475,0.04826561930866393,19.04479506736951,9.268949455102682,0.14285714285714285,0.0,1,7,0,8,0.8501037498147661,1.0,1.0,17,0,17,17,0,17,0,4,0.993779948742583,0.9817275925779423,1,none,5,4,5,5,0.06769063243238889,0.9864264452586782,0.9489916978616272,0.10529204371873008,0.9777729238141608,0.9150178443266739,0.10891689715172999,0.9773213047520838,0.9118931694045698,0.044620588995938334,0.9914332988646303,0.9692313907948878,0.05472215199133691,0.9900899109007755,0.9625387587582407,0.05552775582839593,0.9891832672260709,0.96127546213824,0.02798843346580993,0.993779948742583,0.9817275925779423,0.09516090217858071,0.9820261221497962,0.9259699276235951,0.13071812253957052,0.9719273145344192,0.8878562251050028,0.06996652976835104,0.986466281431445,0.9488296854232362
sim-34b7a4e07116c59c96a271e26265e1966dd27ef670b113b84f79e9c3b05c097d,19,postdemand_recovery,2.524508943304478,0.01777191330412828,13.072117629126474,4.617775809644165,0.0,0.0,0,8,0,8,0.9602252718618988,1.0,1.0,18,0,18,18,0,18,0,5,0.9964440454833817,0.9841365057610157,1,none,5,5,5,5,0.06558181336581534,0.9899938657404997,0.9553604325937972,0.10364691308106215,0.9831130522169941,0.9241860591403508,0.1093300462744598,0.9819849103520432,0.9199694763819606,0.04206391336606467,0.9935672982973789,0.9738545158475256,0.05370570238022347,0.9908644103227259,0.9666407467579712,0.054518568535743994,0.9910665457097457,0.9656823474066523,0.02767517562737773,0.9964440454833817,0.9841365057610157,0.09571929653658716,0.9842229494846328,0.9324742692365495,0.13283775497544473,0.9772317886987084,0.8960219720388553,0.06750337825918393,0.9892800532177396,0.9553938881083516
sim-34b7a4e07116c59c96a271e26265e1966dd27ef670b113b84f79e9c3b05c097d,20,postdemand_recovery,2.521328045269379,0.028898367271200757,12.878555398257625,5.679195078476525,0.0,0.0,0,8,0,8,0.8918648359212092,1.0,1.0,18,0,18,18,0,18,0,5,0.9971669430363356,0.9891122565883116,1,none,5,5,5,5,0.06413288539066164,0.9900007133456675,0.961367853748575,0.10471221436765199,0.9837203345077391,0.9319703533429604,0.10999270728529587,0.9826530489252361,0.9282393786208195,0.04081401462414023,0.9936312177786313,0.9775399990274309,0.05742454300601586,0.990661943350974,0.968125295948161,0.05643040734585753,0.9910183130218927,0.9683858653506752,0.022051394627924856,0.9971669430363356,0.9891122565883116,0.09671280320246259,0.9837304023174698,0.9389421551520827,0.13307202407578114,0.9799177361019356,0.9069793080609345,0.06736404580090787,0.98973065626501,0.960687066998656
sim-34b7a4e07116c59c96a271e26265e1966dd27ef670b113b84f79e9c3b05c097d,21,postdemand_recovery,2.553088421754455,0.017694426878559585,17.0261196154994,4.569369965727763,0.0,0.0,0,9,0,9,0.9695749302953262,1.0,1.0,18,0,18,18,0,18,0,5,0.9976347179166136,0.9907914086651336,1,none,5,6,6,5,0.06391919960336137,0.9901368874830523,0.9631828468880592,0.10603557071742797,0.9832625227793268,0.9336933842624349,0.11093756769267175,0.9828251252638898,0.9302866288043494,0.04164198344045475,0.9939302193421151,0.9780354208180568,0.0577567505357525,0.9913219633030321,0.96911974822955,0.05665493760088146,0.9913787764203996,0.9695079103622493,0.01987506952161504,0.9976347179166136,0.9907914086651336,0.09600376367153257,0.9872902588255371,0.9420130458076585,0.13332744424301182,0.9792921170048658,0.9101419531512648,0.06653935795312768,0.9901753323182081,0.9629379756721724
sim-34b7a4e07116c59c96a271e26265e1966dd27ef670b113b84f79e9c3b05c097d,22,postdemand_recovery,2.5715259870444953,0.024772842633792817,6.344904530587515,3.050098894624889,0.0,0.0,0,8,0,8,0.9406250313667763,1.0,1.0,18,0,18,18,0,18,0,5,0.997306264593923,0.9915978403715977,1,none,5,5,5,5,0.06277238388994565,0.9901659419622773,0.964398308760691,0.10584550345726149,0.98331689514619,0.934451673565621,0.11097790915437603,0.9826234576394633,0.9310163676540556,0.03972955938656803,0.9937638222833581,0.9794641667026084,0.05763916388697734,0.9908111960598676,0.969511705886567,0.0569644398140405,0.990832957797935,0.9696525020756879,0.01820254965206024,0.997306264593923,0.9915978403715977,0.09038199140119789,0.9859096639070342,0.9467235213233578,0.13108215489726832,0.9795428166647798,0.9127435870060793,0.06489347541740699,0.9895076026932754,0.9645026404715279
sim-34b7a4e07116c59c96a271e26265e1966dd27ef670b113b84f79e9c3b05c097d,23,postdemand_recovery,2.580229196564134,0.01971306764863251,10.89159165660281,5.634873331330237,0.0,0.0,0,8,0,8,0.9023365403419927,1.0,1.0,18,0,18,18,0,18,0,5,0.9968172165229258,0.991231933351626,1,none,5,5,5,5,0.06269250829787765,0.9901503073460376,0.9645460998549383,0.10129753410198858,0.9849152029308458,0.9380471207911171,0.1093787990944543,0.9828501249905914,0.932395701993378,0.03887001018195015,0.9942394615885567,0.9800314613041053,0.055490958336517376,0.9916692942447461,0.9709757048948644,0.056869346175008446,0.9912784284875785,0.9698126730141104,0.018640793283360983,0.9968172165229258,0.991231933351626,0.09111813030744476,0.9846525492914164,0.946225384245775,0.1285074479750755,0.9796847005623022,0.9145475213408193,0.06616138647497961,0.989673036573734,0.9638113967279138
sim-34b7a4e07116c59c96a271e26265e1966dd27ef670b113b84f79e9c3b05c097d,24,postdemand_recovery,2.5824096258277995,0.02868460013915773,8.568909314099216,4.542423538290372,0.0,0.0,0,8,0,8,0.9182662122741411,1.0,1.0,18,0,18,18,0,18,0,5,0.9974282914425051,0.9911185276033291,1,none,5,5,5,6,0.06369596664361377,0.9900494337256994,0.9639564109451978,0.09956768311375763,0.9846040175871913,0.9393401853573546,0.10674328074363411,0.9839289583107657,0.9343149062250108,0.038395511128367546,0.9942217196354163,0.9802533120523645,0.05519232628703456,0.9917683856639441,0.9712018825446983,0.05590129933538795,0.9915297013253278,0.9704702764749439,0.0188648720648935,0.9974282914425051,0.9911185276033291,0.09433534843595366,0.9858731174501172,0.9439347241624683,0.12398194287107106,0.9814903799575763,0.9178554370307956,0.06540452208255611,0.9899917086634111,0.9643675729892327
sim-0d2fae3e679abee4963e3d08576aa0d62a74b2701aa9e154a811ff5b56fa21db,1,baseline,1.9727358595750726,0.48432326232169126,152.12385707338075,115.47168444210142,0.8333333333333334,0.7142857142857143,5,6,5,7,0.7319219418961294,0.6666666666666667,0.6666666666666667,15,5,10,15,5,10,0,4,0.9977882800345408,0.9959223671580626,1,none,4,4,5,5,0.07986202576962532,0.9881335656516416,0.980776042424168,0.07065802558940716,0.9897615672073972,0.9875007417531926,0.0662915228561097,0.9913344335419692,0.9906517537124034,0.06425661415427672,0.9954113222396289,0.9920644869556794,0.06588459105555722,0.9939118628539724,0.9909944321056894,0.06852336795262509,0.9928741760368769,0.9891204006061693,0.02762428296960134,0.9977882800345408,0.9959223671580626,0.0893153460065977,0.9841835098723779,0.9742719786246714,0.0641602295552658,0.991438064449894,0.9921390163542966,0.07180959493076051,0.9920372127270489,0.9868712031760489
sim-0d2fae3e679abee4963e3d08576aa0d62a74b2701aa9e154a811ff5b56fa21db,2,baseline,2.5881210581012555,0.018130428767295783,9.682910497037396,5.548269223560798,0.0,0.0,0,9,0,9,0.962029614645297,1.0,1.0,19,0,19,19,0,19,0,5,0.9982677832381919,0.9960495896028293,1,none,6,5,5,5,0.07080686135265994,0.9898636176022965,0.9686083176149091,0.08458950508087418,0.9829408612521574,0.9597339555498777,0.08500633978229007,0.9817970680742005,0.9597439320872956,0.045690939343755135,0.9937221755534444,0.9855800632468529,0.056635324785326194,0.9905605249528885,0.9790817976046926,0.058574817313061786,0.9906316140735106,0.9776718043847137,0.0021368839341823777,0.9982677832381919,0.9960495896028293,0.09384580359986519,0.9853226043488835,0.9533351703936013,0.0965849592356634,0.9770278146749563,0.9511895350453231,0.06277795091118638,0.9891101418253762,0.9749466971628086
sim-0d2fae3e679abee4963e3d08576aa0d62a74b2701aa9e154a811ff5b56fa21db,3,baseline,2.5453126681623517,0.021433383898714038,15.122599656347555,6.372661538417673,0.0,0.0,0,8,0,8,0.9379739862160312,1.0,1.0,18,0,18,18,0,18,0,5,0.9978853799261511,0.9957887249641153,1,none,5,5,5,5,0.0661005854712937,0.9903472033922378,0.965620872581585,0.09742636135145887,0.9839191076931009,0.9446994471811073,0.10052803951578332,0.983098469750232,0.9429388014545763,0.04070211659961721,0.9939547909325468,0.982329852642506,0.05734163978626084,0.9909187022433941,0.9728768124030192,0.0575915431392495,0.9912246219720814,0.9724388843173074,0.0005752701419352482,0.9978853799261511,0.9957887249641153,0.08801308564608755,0.9848103486338793,0.9514499539130911,0.12096159899859521,0.9798674571380348,0.9263629508760575,0.06568783317445366,0.9897517609848171,0.9672650453123299
sim-0d2fae3e679abee4963e3d08576aa0d62a74b2701aa9e154a811ff5b56fa21db,4,baseline,2.5458550299039704,0.026594704073968717,10.815033349049312,6.662125505631514,0.0,0.0,0,8,0,8,0.9263319106946207,1.0,1.0,18,0,18,18,0,18,0,5,0.9977799300553661,0.994356547726768,1,none,5,5,5,5,0.06393765506659653,0.9902929389743791,0.9649818862843297,0.09961970942181252,0.984687648813511,0.9407500825995578,0.10569576254902129,0.9834629203465018,0.9367091229508978,0.04151817299774725,0.993307679737039,0.9795534572088392,0.05635202821878775,0.9918193375889646,0.9715909513572797,0.05644492209736782,0.9916036635714566,0.9711734195953322,0.0006552000097450094,0.9977799300553661,0.994356547726768,0.09745586928395476,0.9852580400216723,0.9424822877338495,0.12517912227268171,0.9804628341681392,0.9194752863893899,0.06590279130370252,0.9897324501826708,0.9650925457049757
sim-0d2fae3e679abee4963e3d08576aa0d62a74b2701aa9e154a811ff5b56fa21db,5,baseline,2.563176696901352,0.028713556362188884,17.597641497878286,7.5442043310453455,0.0,0.0,0,9,0,9,0.9383352990108204,1.0,1.0,18,0,18,18,0,18,0,5,0.9975520880966524,0.9945705601465821,1,none,5,6,6,5,0.0626028062933932,0.9903270687038257,0.9651140859371701,0.09817317170197067,0.984312027879868,0.9409959872356018,0.10253018892439124,0.9840845298947639,0.9380719944614755,0.040876178847678225,0.9938966866692653,0.9792188447893703,0.05545098192074464,0.990881077594296,0.9713883054793018,0.05590549072448583,0.9911264704845774,0.9708166483743642,0.0005741782667646474,0.9975520880966524,0.9945705601465821,0.0956400464029669,0.9838183390953933,0.9427979231110962,0.12107417246280637,0.9801983837445232,0.9214262920698616,0.06546557555845495,0.9900425422840656,0.9647512524388954
sim-0d2fae3e679abee4963e3d08576aa0d62a74b2701aa9e154a811ff5b56fa21db,6,baseline,2.533468887025187,0.026769522178529907,13.061798514017037,3.156103950664456,0.0,0.0,0,8,0,8,0.9118433494064417,1.0,1.0,16,0,16,16,0,16,0,5,0.9972577513237978,0.9934105018725986,1,none,5,5,5,5,0.06254442806267589,0.9900670204280037,0.9649287950946613,0.10131439158326862,0.9835946415139866,0.9384478599592481,0.10691317237838247,0.9819425368124203,0.9345809575848243,0.039394826382770275,0.9939346185728436,0.9798242337522197,0.05850236997316755,0.9907157483926037,0.9692788558573057,0.05750456409959338,0.9908804586229862,0.9696073513615364,0.0007445824595102433,0.9972577513237978,0.9934105018725986,0.09746431082579401,0.9850258188493642,0.9414639766697485,0.13013048078622308,0.9778300024990305,0.9139790914188809,0.0653020223179993,0.9897173671918206,0.9646092775541051
sim-0d2fae3e679abee4963e3d08576aa0d62a74b2701aa9e154a811ff5b56fa21db,7,prechallenge_demand,2.4559012570607424,0.06657008285144336,11.986784816232852,5.196063256040945,0.0,0.0,0,8,0,8,0.9106541843073385,1.0,1.0,17,0,17,17,0,17,0,5,0.9950204719119589,0.9918089905631132,1,none,5,5,5,5,0.06391332398736616,0.9859597143894452,0.9593204328047632,0.10321310276650508,0.9770817814518143,0.9293578145496507,0.10935278427029217,0.977183074231536,0.9249209250146115,0.04191155728615519,0.9912021027206178,0.9756691738352522,0.057519970432371254,0.9887959282414718,0.9663654462261261,0.05658995592083024,0.9886263313295206,0.9667118181989156,0.0007879480291396111,0.9950204719119589,0.9918089905631132,0.09639435742312892,0.9805024493017047,0.9360490583838148,0.13126748812341316,0.9729499951222104,0.9034175201752597,0.0683795059153417,0.9844782578628768,0.9573798963183774
sim-0d2fae3e679abee4963e3d08576aa0d62a74b2701aa9e154a811ff5b56fa21db,8,prechallenge_demand,2.399616365133607,0.12420809474733263,29.854008226243952,29.110441782705667,0.14285714285714285,0.125,1,7,1,8,0.9003450938084293,1.0,1.0,17,0,17,17,0,17,0,4,0.9954928258772686,0.9892735389047772,1,none,5,4,5,5,0.0662614433049094,0.985387347146703,0.9523957337173945,0.10697995469545407,0.9779123620600332,0.9178610911031408,0.11033709227736471,0.976621986815006,0.9148780339078499,0.042130586640754766,0.9904892258075196,0.9725000191343187,0.05596627203723737,0.9885096506678885,0.9633901797857374,0.055536962757585955,0.9887896146024402,0.9633157824407486,0.0009320579632444945,0.9954928258772686,0.9892735389047772,0.09699101687549239,0.9800621661482292,0.9277651011594799,0.13282242095911642,0.971996826060473,0.8908333509067022,0.06877859699056171,0.9862646971216165,0.9524192143997202
sim-0d2fae3e679abee4963e3d08576aa0d62a74b2701aa9e154a811ff5b56fa21db,9,prechallenge_demand,2.4199022511827284,0.05116838044556822,11.006447903260307,11.013519081962894,0.0,0.0,0,7,0,8,0.966075497059683,1.0,1.0,16,0,16,16,0,16,0,4,0.99309910444953,0.9860479670424247,1,none,5,4,5,5,0.0676868324104939,0.9860179613238965,0.9496983521884047,0.10718954359784258,0.977449045671898,0.9148152123053579,0.10958538877938626,0.9776558075357324,0.9128527829834845,0.04550527916022445,0.990853934359129,0.9688416914726128,0.05519212555626569,0.9886495038022693,0.96263632355066,0.05542595183326283,0.9884036924608761,0.9619529109742169,0.0012117821597263081,0.99309910444953,0.9860479670424247,0.09649370659291631,0.9795854684877847,0.925889648119678,0.13201170780326554,0.9725348332441058,0.8886045373502349,0.07037414790048065,0.9849972696180996,0.9491254473662252
sim-0d2fae3e679abee4963e3d08576aa0d62a74b2701aa9e154a811ff5b56fa21db,10,prechallenge_demand,2.4973325834907634,0.046288120739620936,14.81253153399308,3.8104576809530477,0.0,0.0,0,9,0,7,0.9126280487168261,1.0,1.0,17,0,17,17,0,17,0,4,0.9930431481988007,0.9851891728091892,1,none,5,6,4,5,0.0668989176216574,0.985697845640846,0.9498242051915231,0.10781147265243606,0.9757781858187596,0.9129320016586108,0.1102539420929792,0.9749940338589025,0.9113927007345272,0.04191820192528777,0.9909425481468684,0.9714650236175905,0.054641135236913024,0.9891015372064678,0.9627587421756277,0.05521174757220886,0.9886384929031571,0.961800113083632,0.001186851831713505,0.9930431481988007,0.9851891728091892,0.09582332288794206,0.9804264628039816,0.9255037055735327,0.13259932428453572,0.9692551992692517,0.8873960495865387,0.06812804500196755,0.9852919079659658,0.9504362106338137
sim-0d2fae3e679abee4963e3d08576aa0d62a74b2701aa9e154a811ff5b56fa21db,11,prechallenge_demand,2.3963072660609654,0.15264076148884548,40.830336218816235,29.58093745712999,0.14285714285714285,0.1111111111111111,1,7,1,9,0.8821269637095548,1.0,1.0,16,0,16,16,0,16,0,4,0.9977902471996963,0.9875616410677182,1,none,5,4,6,5,0.06549688350145025,0.9864839490995746,0.9508923185682565,0.10889138394203958,0.9774801953830557,0.9117199861412031,0.11208841801017208,0.9772184210215578,0.9093432599354301,0.042657207886622556,0.9916709352561073,0.970744926390191,0.05250278764861892,0.9889948474353093,0.9642736322244259,0.05299292468487848,0.9890715982456185,0.9634333215614918,0.0008275864840701471,0.9977902471996963,0.9875616410677182,0.093860996483818,0.9791022847889594,0.9270190882599747,0.13728420506294173,0.9715380582988441,0.8817396746095226,0.06771742008689201,0.9864334727741887,0.95060031808799
sim-0d2fae3e679abee4963e3d08576aa0d62a74b2701aa9e154a811ff5b56fa21db,12,prechallenge_demand,2.478115528683804,0.050520034807891065,11.423146136529349,7.963951532491256,0.0,0.0,0,7,0,8,0.9002183696104648,1.0,1.0,16,0,16,16,0,16,0,4,0.9945810689120392,0.9895069827717772,1,none,5,4,5,5,0.06565638750401033,0.9856429796037284,0.9506625774347205,0.10572650442545667,0.9775189337198008,0.9145678198536551,0.10919023313379898,0.9763801290025037,0.9118466232801286,0.04017265949825014,0.9913378728026238,0.9727150364111834,0.0518875604659721,0.9890013802238812,0.9646435959069836,0.05304458019520722,0.9887095127271509,0.96327368818573,0.0007988656934662533,0.9945810689120392,0.9895069827717772,0.0953668164357246,0.9807534980599935,0.9258125375328046,0.12923459599260778,0.9739435668969271,0.8891471489407257,0.06608325677836878,0.9858407966417874,0.9519857516301411
sim-0d2fae3e679abee4963e3d08576aa0d62a74b2701aa9e154a811ff5b56fa21db,13,challenged_demand,2.519029161471521,0.03948654623359409,10.499474638976029,6.12538295316451,0.0,0.0,0,9,0,8,0.8553514246199211,1.0,1.0,17,0,17,17,0,17,0,5,0.9594792838911498,0.6933590797492316,1,none,5,6,5,5,0.06618826591643562,0.9861469507180907,0.9502908684867182,0.10541136742780369,0.9782781530341162,0.9147434347045702,0.10904534991952218,0.9783679816898234,0.9120535141334483,0.04201742713503708,0.9912540593727494,0.9712137680218649,0.05231832856789541,0.9896117010397727,0.964182058811414,0.052714094142771145,0.9889322792979366,0.9634787199092532,0.0011465020140477974,0.9594792838911498,0.6933590797492316,0.09315982397178861,0.9814175405716375,0.9276699907395876,0.12465838918566081,0.97526634528158,0.8938089775125592,0.06590389765337049,0.9869288944951203,0.9522345626175578
sim-0d2fae3e679abee4963e3d08576aa0d62a74b2701aa9e154a811ff5b56fa21db,14,challenged_demand,2.543783260515833,0.060587469532107974,23.846777641517104,11.88233679587568,0.0,0.0,0,8,0,8,0.9861270087804817,1.0,1.0,17,0,17,17,0,17,0,5,0.9942594850484329,0.8901480033717205,1,none,5,5,5,5,0.06544040535052544,0.9861643522172211,0.9508546780395325,0.10062739800805448,0.9794772481189521,0.9194590354909812,0.10569718209006268,0.9767235254983462,0.9152721493028778,0.040236558979694685,0.9921641238304071,0.9727950585940188,0.04814450104149615,0.9902639828419233,0.9675708168165827,0.05287094098519394,0.9887449509733809,0.963328537674437,0.0010977198412766853,0.9942594850484329,0.8901480033717205,0.08906513019376638,0.9803678995793143,0.9313903010683696,0.12331042550005827,0.9722776993259761,0.8956147928404143,0.06547092200904103,0.9857813107601207,0.9527834339015887
sim-0d2fae3e679abee4963e3d08576aa0d62a74b2701aa9e154a811ff5b56fa21db,15,challenged_demand,2.5123535793519802,0.03607943705283845,8.558118739546092,5.510475666329528,0.0,0.0,0,8,0,8,0.8496898399301961,1.0,1.0,16,0,16,16,0,16,0,5,0.9951877929697934,0.9553760697054275,1,none,5,5,5,5,0.0660478441734269,0.9861586738133805,0.9502735223115396,0.10206768474968797,0.9792559958804287,0.9182348094601995,0.108660584566545,0.9777776383592087,0.9126353622377215,0.04116180795626866,0.9912407994209311,0.971882035421096,0.051927036384848135,0.9889656481233445,0.9647344172938969,0.05425288810833318,0.9891338951515053,0.9623459015124745,0.0010256793689314688,0.9951877929697934,0.9553760697054275,0.0935077373713055,0.9805274972920602,0.9274696597343629,0.12878508968544616,0.9736606588885022,0.8906839831735651,0.0679726477896381,0.9857096587034798,0.9504344287449905
sim-0d2fae3e679abee4963e3d08576aa0d62a74b2701aa9e154a811ff5b56fa21db,16,challenged_demand,2.5173798992699514,0.05617606168106877,13.925042805080285,10.352335048255325,0.0,0.0,0,8,0,8,0.9300298645876343,1.0,1.0,18,0,18,18,0,18,0,5,0.9937525225828601,0.9760939749009155,1,none,5,5,5,5,0.06547759504263487,0.9857255576806244,0.9507014238200825,0.09812373674156478,0.9781681955508752,0.9219811400662999,0.10855187711790522,0.9755085672731161,0.9122707455583555,0.040339322024248885,0.991834118444006,0.9725525215286084,0.05099312783937981,0.9890691775644884,0.9655493311515909,0.0531786068257385,0.9882455645860935,0.9632569605667963,0.0011172537708903638,0.9937525225828601,0.9760939749009155,0.09439420034237503,0.9805877962781786,0.9267252518269327,0.12643366135825418,0.9720671072041819,0.8922678463167144,0.06679816018336103,0.9855300269662193,0.9513560169410877
sim-0d2fae3e679abee4963e3d08576aa0d62a74b2701aa9e154a811ff5b56fa21db,17,challenged_demand,2.2974831858879967,0.17395855096995969,34.7064868017448,26.40418962841257,0.14285714285714285,0.125,1,7,1,8,0.7276306600721336,1.0,1.0,16,0,16,16,0,16,0,4,0.9956208119280634,0.9845766084109054,1,none,5,4,5,5,0.06603535588977821,0.9858843032234575,0.9501991632332959,0.0993050231535918,0.9788024988344876,0.9210746759690869,0.10760820266560776,0.9790129130649322,0.9135504553634696,0.03915244274915857,0.9910855051408209,0.9733188676110902,0.04853875558654368,0.9904002009307108,0.9672880619737482,0.052206814406512765,0.9894427431513504,0.9639191199389218,0.0008777078341966005,0.9956208119280634,0.9845766084109054,0.087747396913986,0.9801559287167341,0.9324391992052371,0.12502467322514352,0.9745647855689026,0.8943754167268604,0.06918025440539119,0.9845352833321898,0.9491948558453612
sim-0d2fae3e679abee4963e3d08576aa0d62a74b2701aa9e154a811ff5b56fa21db,18,challenged_demand,2.4596743838285327,0.0518356344582123,9.128220183000629,8.37196226530526,0.0,0.0,0,8,0,7,0.9664719791546286,1.0,1.0,16,0,16,16,0,16,0,4,0.995282392227313,0.9865388125015374,1,none,5,5,4,5,0.06604105318557922,0.9867450585795818,0.9503951191293828,0.10408178268001077,0.9777239874504314,0.9165132782498556,0.10663313005387394,0.9768378091359402,0.9146013013744154,0.04095186481124351,0.9913046431538012,0.9719504877327199,0.0496404936987274,0.9891889330756528,0.9665896836876116,0.05295185569787666,0.9886472177940996,0.9633702432856994,0.000971093223906141,0.995282392227313,0.9865388125015374,0.10017024201708026,0.9785481588760355,0.9214557934976525,0.1265952084197604,0.971895385899396,0.8934629099876344,0.069948944567279,0.9863647972283419,0.9487329810745911
sim-0d2fae3e679abee4963e3d08576aa0d62a74b2701aa9e154a811ff5b56fa21db,19,postdemand_recovery,2.5565835337076153,0.024807114018152193,13.223213394186715,5.043117587559789,0.0,0.0,0,8,0,9,0.8836621663201482,1.0,1.0,18,0,18,18,0,18,0,5,0.9981122270580093,0.9908204659738165,1,none,5,5,6,5,0.06360752981077143,0.9899081303057922,0.9566889914072958,0.10365738146770226,0.9829856974027469,0.9246763415380083,0.10740102309187637,0.9828339679480692,0.9218599503772532,0.04257343409416306,0.9934318413893741,0.9736462856171358,0.053274953014196755,0.9904950743720776,0.9676639487498027,0.0549236342474308,0.990757655084734,0.9658000389667883,0.0006091193766320547,0.9981122270580093,0.9908204659738165,0.09803058210074014,0.9842207068091096,0.9307226296258115,0.12925191767283634,0.9790407032762212,0.900012975789832,0.06666139431937007,0.9896099118028965,0.9563482381099371
sim-0d2fae3e679abee4963e3d08576aa0d62a74b2701aa9e154a811ff5b56fa21db,20,postdemand_recovery,2.567487775113423,0.019343032576620588,16.786020549303828,5.8528903050558645,0.0,0.0,0,8,0,8,0.9421150962542182,1.0,1.0,18,0,18,18,0,18,0,5,0.9975780645888452,0.9928333028950842,1,none,5,5,5,5,0.06272925007764502,0.9902028968786842,0.9623221759639913,0.10613434048927503,0.9828893284016692,0.9310671159207998,0.10926859303817993,0.9819926247778167,0.9288720102188609,0.04108320516156387,0.993927944045205,0.9774218223380337,0.05668932872930012,0.9909015056629844,0.968872320933155,0.05598114286153966,0.9911807169301146,0.9688040781220134,0.000665902017687044,0.9975780645888452,0.9928333028950842,0.10063245076542046,0.9837607585420778,0.9358905001171206,0.13047656763778667,0.9787183720825458,0.9092982141849143,0.06537744520732564,0.9899259041214544,0.9621992695600159
sim-0d2fae3e679abee4963e3d08576aa0d62a74b2701aa9e154a811ff5b56fa21db,21,postdemand_recovery,2.5506731144248027,0.024769506570245195,13.716426138994354,6.861892808124624,0.0,0.0,0,8,0,8,0.955058118944824,1.0,1.0,18,0,18,18,0,18,0,5,0.9974869704906839,0.993636397349371,1,none,5,5,5,5,0.062428025508011756,0.990260952622128,0.9641302863933413,0.10723160565123398,0.9831731551060361,0.9326775038105577,0.11075610424478355,0.9829331457111032,0.9303807389088586,0.04026421951181601,0.9938216638986975,0.9788021722758217,0.058792268176295744,0.9904372235372926,0.9685017437790477,0.05756630087081482,0.990858746576077,0.9689298744858538,0.000627599889019493,0.9974869704906839,0.993636397349371,0.10273898678864032,0.9833390690260567,0.9358063897525685,0.13374769195981714,0.9786783908052707,0.9096654732323546,0.0656420846238367,0.9897460679211345,0.9635475368668144
sim-0d2fae3e679abee4963e3d08576aa0d62a74b2701aa9e154a811ff5b56fa21db,22,postdemand_recovery,2.55494727386083,0.023677468188848028,21.58234938453627,9.479699721893684,0.0,0.0,0,8,0,8,0.9333044567295433,1.0,1.0,18,0,18,18,0,18,0,5,0.9968136828588626,0.9930205201766011,1,none,5,5,5,6,0.06264880798935496,0.9902505461032581,0.9644664507643891,0.10755049875788397,0.9833447436542393,0.9331450791403295,0.11107419532916557,0.9824511850850054,0.9309137020351755,0.03864498384449435,0.9943647007955403,0.9800401201406342,0.05950451856403434,0.9911311302040399,0.9683835864793956,0.05802458114810088,0.9911327538446724,0.9689862326730743,0.0007695566530698583,0.9968136828588626,0.9930205201766011,0.10545621706196798,0.9827909293408054,0.9340757210827783,0.1368239373465293,0.9780340320115294,0.9081069909581657,0.0656625156186133,0.9899440491056227,0.9640200890380113
sim-0d2fae3e679abee4963e3d08576aa0d62a74b2701aa9e154a811ff5b56fa21db,23,postdemand_recovery,2.552886343962951,0.018568816678385322,17.772858920873396,4.9868822926396055,0.0,0.0,0,9,0,9,0.9319074726799341,1.0,1.0,18,0,18,18,0,18,0,5,0.9975606623866138,0.9933342863532731,1,none,6,5,5,5,0.06249472505913181,0.990086738506084,0.9646853274074014,0.10567455461682247,0.9836826319028553,0.9349273610688464,0.11087441768149989,0.9826187897716426,0.9312974606252015,0.03958251377365682,0.9929471502885475,0.9794575871314048,0.05880480820981129,0.9906823990213364,0.9688679551433602,0.05768398502687256,0.990861788863016,0.9692830526878615,0.0006745059309230093,0.9975606623866138,0.9933342863532731,0.10723267802430103,0.9829365585940588,0.9329190206147538,0.1362209770283534,0.9786852278659873,0.9087130512543146,0.06543313797900863,0.9895281890351225,0.9643165264407865
sim-0d2fae3e679abee4963e3d08576aa0d62a74b2701aa9e154a811ff5b56fa21db,24,postdemand_recovery,2.53134274056852,0.021030190538710063,13.94266484864835,3.846472413150382,0.0,0.0,0,8,0,8,0.9560792673789089,1.0,1.0,18,0,18,18,0,18,0,5,0.9969250506307191,0.9932358635434204,1,none,5,5,5,5,0.061882005321442744,0.990320069083758,0.9651360220353444,0.10099056248264647,0.984345416744368,0.9385141800012251,0.10791078779252299,0.9833061346566839,0.9335774542911189,0.04224138074051014,0.993658522069818,0.9780595003737352,0.05949454520562344,0.9904034352266005,0.9684327670149373,0.057748632996020614,0.9908774610219575,0.9692573458874962,0.0007309655334266094,0.9969250506307191,0.9932358635434204,0.10623094897611782,0.9831000038501554,0.933899282129393,0.13037827865668913,0.9798090686211922,0.9132611091852487,0.06514050376196719,0.9898176652164672,0.9645808593424621
sim-67e0fe5224703ae3d28f72d6a226d94a00fdc9fa6e04a6f52c09ae163bbc6496,1,baseline,1.9727358595750726,0.48432326232169126,152.12385707338075,115.47168444210142,0.8333333333333334,0.7142857142857143,5,6,5,7,0.7316167356279297,0.6666666666666667,0.6666666666666667,15,5,10,15,5,10,0,4,1.0,1.0,1,none,4,4,5,5,0.07986172152473314,0.9881322511183018,0.9807762190123602,0.07065784035782281,0.9897628137939675,0.9875009258910129,0.06629132396252765,0.9913350258538776,0.9906519086884182,0.06425661997748736,0.9954112982832828,0.9920644926883313,0.06588499966065896,0.9939122504647654,0.9909941470411682,0.06852334394118159,0.9928744909006935,0.9891204713311585,0.059059979241806955,0.9978189070185465,0.9956592886590517,0.029957257492447466,0.9836748148639087,0.9777413931132745,0.06416017099439296,0.9914396217150097,0.9921391242372654,0.07180955559398285,0.9920376628170428,0.9868712547572082
sim-67e0fe5224703ae3d28f72d6a226d94a00fdc9fa6e04a6f52c09ae163bbc6496,2,baseline,2.5893060220460895,0.020024531650085324,9.949030230189823,5.538904467362187,0.0,0.0,0,9,0,9,0.9645654145702683,1.0,1.0,19,0,19,19,0,19,0,5,1.0,1.0,1,none,6,5,5,5,0.0708095778166481,0.9898537343615846,0.9686057999214723,0.08459767029915162,0.9828944438466781,0.9597275032387069,0.08515885187946086,0.9816421844747916,0.9596262976419472,0.045693094847516685,0.9937178037165721,0.9855786743747531,0.05663285602626401,0.9905330916545477,0.9790828277022241,0.05863753412542822,0.9905865667326136,0.977634555160929,0.029635107184662834,0.9980875600342031,0.9953337006521953,0.0059506145570226284,0.9842664581656875,0.9651264027542489,0.0968195538987099,0.9767626200259049,0.9509845671889243,0.06274715016670131,0.9892194891035521,0.9749742929854442
sim-67e0fe5224703ae3d28f72d6a226d94a00fdc9fa6e04a6f52c09ae163bbc6496,3,baseline,2.5388653541494843,0.02272615407531204,14.977427022255839,6.892108285971514,0.0,0.0,0,8,0,8,0.9569294825986359,1.0,1.0,18,0,18,18,0,18,0,5,1.0,1.0,1,none,5,5,5,5,0.06609194996307824,0.9903689411275544,0.9656294337825797,0.09741958475634079,0.9838398951819344,0.94470508876808,0.10114253668917371,0.9828429566327427,0.9425088800721177,0.04069437090575604,0.9939606250655751,0.9823355957491305,0.057484446719595315,0.9908801115264703,0.9727873402856797,0.05791753765047153,0.9911319193490021,0.9722441012370486,0.01982825444576776,0.9974999281484279,0.9943017980296472,0.0038460311329237946,0.9843349847774923,0.9653944342092013,0.12121314031107878,0.9798625428345737,0.9261334126998907,0.06534615988319994,0.9897235026732911,0.967493389389388
sim-67e0fe5224703ae3d28f72d6a226d94a00fdc9fa6e04a6f52c09ae163bbc6496,4,baseline,2.559744093575566,0.02665960633738953,10.92689508846459,5.934755041783978,0.0,0.0,0,8,0,8,0.9363872970369913,1.0,1.0,18,0,18,18,0,18,0,5,1.0,1.0,1,none,5,5,5,5,0.06385093480831086,0.9903064327444189,0.9650404342340991,0.10033608121454815,0.9846197856030346,0.9402637557807425,0.10714757434142291,0.9831044344363723,0.9357692820424454,0.04143299075263437,0.9933630987701279,0.9796095825344598,0.05677274698824432,0.9917337096094514,0.9713203405929093,0.05675651956691188,0.9916825863953299,0.9710050371446273,0.01823269080262111,0.9979496607585814,0.992925030570225,0.004360063166996391,0.9848580455973587,0.960990811478872,0.12654417521489186,0.9798316337309018,0.9187415967842897,0.06596477722072884,0.9897007443443476,0.9650804803412951
sim-67e0fe5224703ae3d28f72d6a226d94a00fdc9fa6e04a6f52c09ae163bbc6496,5,baseline,2.5496243937459044,0.03606391699485698,11.624447361643721,5.826686522311086,0.0,0.0,0,9,0,9,0.9076994742063861,1.0,1.0,18,0,18,18,0,18,0,5,1.0,1.0,1,none,5,6,6,5,0.0625544626900705,0.9902902532059067,0.9651569129179184,0.09818855282413058,0.9843569049131343,0.9410599625276544,0.10484736037657587,0.9836866982537508,0.9365183468908233,0.040735307682493956,0.9939112348508918,0.9792941276749084,0.05486921059840713,0.9912538207290049,0.9717809369732988,0.05540008994972466,0.9912537480837211,0.9711485037521249,0.015748686127832884,0.9974847662267694,0.993339668558227,0.004145587220408478,0.9834955948120779,0.9616638538892714,0.12457737631021859,0.979772769463638,0.9192338036706996,0.06591343531236606,0.9897426717595311,0.9644584109851014
sim-67e0fe5224703ae3d28f72d6a226d94a00fdc9fa6e04a6f52c09ae163bbc6496,6,baseline,2.539231428817376,0.02305834327427877,14.704468442172468,4.428097050471586,0.0,0.0,0,8,0,8,0.9107163976590111,1.0,1.0,16,0,16,16,0,16,0,5,1.0,1.0,1,none,5,5,5,5,0.06243586625935967,0.9901426453071108,0.9650446524800734,0.10185107892766197,0.9835079726505189,0.938091812047152,0.10715893665584658,0.9823967998910634,0.9343893055914517,0.03962231078774617,0.9937930507138308,0.9796776463040219,0.05788337153560737,0.9906911154384118,0.9696737887477787,0.0570640431371325,0.9908829656265825,0.9698764963942377,0.018001923084285984,0.997036619818582,0.9918085719830192,0.004210504492905207,0.983751787829704,0.9610670227910427,0.13114166596092133,0.9779072463372013,0.9133672831804838,0.06653133106165846,0.9895807792648065,0.9637822513503195
sim-67e0fe5224703ae3d28f72d6a226d94a00fdc9fa6e04a6f52c09ae163bbc6496,7,prechallenge_demand,2.4883572884068195,0.04971674529805512,13.490640732989887,5.023713369364881,0.0,0.0,0,8,0,8,0.8825229028023444,1.0,1.0,17,0,17,17,0,17,0,5,1.0,1.0,1,none,5,5,5,5,0.06383805984683379,0.9857938012532934,0.9594119812360467,0.10293733397928773,0.977208569823255,0.9296830494407036,0.10943726802790119,0.9770717619449044,0.9248083142980215,0.0430814120123247,0.9905402390712987,0.9748503837713213,0.05645451292519131,0.9895940038442643,0.9672339613624151,0.05619846096402547,0.9889051139118863,0.9669971334155169,0.016976687626732902,0.9953893165974681,0.9912959897031776,0.004188012697449155,0.9807522142557058,0.9564120355293941,0.13322220606152993,0.9725702060201337,0.9016514600656925,0.06741057017304529,0.9850906101653203,0.9585136175221837
sim-67e0fe5224703ae3d28f72d6a226d94a00fdc9fa6e04a6f52c09ae163bbc6496,8,prechallenge_demand,2.323028035322178,0.11905697770750122,19.545061492381933,55.23251508791117,0.14285714285714285,0.25,1,7,2,8,0.9849398857219336,1.0,1.0,16,0,16,16,0,16,0,4,1.0,1.0,1,none,5,4,5,4,0.06650271502687155,0.9855560618057265,0.9522109682021145,0.10799670063150228,0.9775663247291297,0.9163621698073449,0.11207448573801665,0.9759678909067637,0.9129885952269534,0.044409617671884304,0.9903702141767547,0.9709401729364404,0.05549126879404393,0.9879606200126158,0.9636352639258177,0.05687324392102973,0.9875641172133238,0.9619910470118689,0.024953505417329987,0.9944615520514989,0.9849503198510332,0.00397028652734697,0.9785983079416567,0.9530918304263007,0.13137907405652627,0.9731739896859397,0.8921639376039265,0.07015336585315501,0.9854877667905716,0.9509547060017556
sim-67e0fe5224703ae3d28f72d6a226d94a00fdc9fa6e04a6f52c09ae163bbc6496,9,prechallenge_demand,2.4605446249163054,0.05815386143634226,14.59829584848302,28.431947121100183,0.0,0.125,0,6,1,8,0.9140384941831571,1.0,1.0,15,0,15,15,0,15,0,3,1.0,1.0,1,none,5,3,5,5,0.06769076606921659,0.9857133799815747,0.9496853276394679,0.10568427186255318,0.9787642248895461,0.916049884439198,0.11176332324421105,0.9767619400566522,0.9104475845107669,0.04254094109119624,0.9924773517443766,0.9715970688202381,0.05300246649130635,0.9908105316701906,0.9644710306862737,0.055985084584844566,0.9893282912852571,0.9613123185136394,0.025660367608254353,0.9940176703869431,0.984332766639159,0.004122788781921099,0.9816092542664684,0.9498720119349486,0.12895551947664471,0.9722365832547843,0.8916489194371104,0.0680727008168297,0.9860883451283989,0.951020249730138
sim-67e0fe5224703ae3d28f72d6a226d94a00fdc9fa6e04a6f52c09ae163bbc6496,10,prechallenge_demand,2.5178521718130042,0.06400910194393351,20.151270805063362,12.498335392413455,0.0,0.0,0,8,0,8,0.9618060224858693,1.0,1.0,18,0,18,18,0,18,0,5,1.0,1.0,1,none,5,5,5,5,0.06606953626881074,0.9861790492675562,0.9504697834778845,0.1013998663502038,0.9768087206389633,0.9193565744486679,0.11016930438774783,0.9756713434133143,0.9113171404164118,0.036607265571998004,0.9926735037764653,0.97568398078775,0.04793261023632705,0.9892231296776635,0.9679167306393688,0.05282013819234872,0.9887463546813681,0.9633386855670003,0.026804631707837204,0.9942801123494167,0.9833467827235327,0.0038965710782722126,0.9774605128228796,0.9520896278548864,0.1304933633119038,0.9710436926959172,0.8895580841946863,0.06551754118216507,0.9864266598497841,0.9529075036008564
sim-67e0fe5224703ae3d28f72d6a226d94a00fdc9fa6e04a6f52c09ae163bbc6496,11,prechallenge_demand,2.6002543165348655,0.12610958338474426,57.75798687028934,49.846789271043086,0.375,0.2222222222222222,3,8,2,9,0.8501585995336219,0.9411764705882353,0.9411764705882353,17,1,16,17,1,16,0,4,1.0,1.0,1,none,6,4,5,5,0.06631241622887366,0.9854572177037116,0.9500513422009375,0.10881220206247122,0.9770144497638749,0.9121356574111325,0.11247575825888644,0.9776200216834058,0.9090338814804017,0.03681644282865419,0.9932941191228136,0.9752245552150077,0.05051272045821899,0.9895345246591049,0.9657898059102659,0.05281418507691951,0.9889387637216044,0.9632571897383674,0.02375148638094389,0.9968666627069515,0.9857741173417073,0.0045409002357772125,0.9774424300238572,0.946494759784313,0.13335911682501797,0.9738735602480975,0.8866978851419298,0.06644609799582588,0.9852429506367218,0.9516648393021521
sim-67e0fe5224703ae3d28f72d6a226d94a00fdc9fa6e04a6f52c09ae163bbc6496,12,prechallenge_demand,2.5534721262790976,0.046148967358879536,7.01469756576292,5.725551860601676,0.0,0.0,0,7,0,8,0.9733754181774008,1.0,1.0,16,0,16,16,0,16,0,4,1.0,1.0,1,none,5,4,5,5,0.06785608395930379,0.9858158808497782,0.9487188615437485,0.10600140696335372,0.9776155455250939,0.9145161846391907,0.10832893699107064,0.9760301426115666,0.9126619938486852,0.03469366670210569,0.9914065729673787,0.9768886474488374,0.0498102357518265,0.9893791332353123,0.9663624676359047,0.05382024096778654,0.9887300012696839,0.9624420244828193,0.020745809532321437,0.994783316479899,0.9876838410968942,0.004014868051430992,0.9805528863944687,0.9487516574173936,0.1271027833780405,0.9714303866399057,0.8925704088443273,0.06737256842971416,0.9860121190559589,0.9509363308755028
sim-67e0fe5224703ae3d28f72d6a226d94a00fdc9fa6e04a6f52c09ae163bbc6496,13,challenged_demand,2.5261464411649484,0.037911187450964744,17.571876308004253,5.986560650398696,0.0,0.0,0,9,0,8,0.8593565220177752,1.0,1.0,17,0,17,17,0,17,0,5,1.0,1.0,1,none,5,6,5,5,0.0668232156159453,0.9861457093614476,0.9496337684321656,0.10400795340697437,0.978789880175814,0.9163951314731622,0.10920752637911618,0.9780870586976343,0.9119851506676582,0.036461728918008474,0.9934010265730845,0.9756083920097938,0.0506145872456722,0.9892352038611814,0.9656647824980746,0.0525000134167163,0.9886257693396037,0.9635977006669388,0.023042000769996327,0.9953253778894303,0.986110597958853,0.004367026566960649,0.9768158696728176,0.9480489312224124,0.12640509961490937,0.974866809707875,0.8931323609993606,0.06594434673264611,0.9870912266878632,0.952350112043684
sim-67e0fe5224703ae3d28f72d6a226d94a00fdc9fa6e04a6f52c09ae163bbc6496,14,challenged_demand,2.582883615585318,0.043241331432358046,15.873475883090553,7.640367600183734,0.0,0.0,0,8,0,8,0.9311569099220146,1.0,1.0,18,0,18,18,0,18,0,5,1.0,1.0,1,none,5,5,5,5,0.06588184687931223,0.9858135741097356,0.9504284372267883,0.1010789368895266,0.9780162753938336,0.9193140915705122,0.1064641781722428,0.9766955010091648,0.9146328901264772,0.03535919096499724,0.9920196373641688,0.976346192522267,0.0478501119468018,0.9904574672779721,0.9680280615886608,0.05338771501080287,0.9886797565980575,0.9630217063948544,0.024537268736000997,0.9942280809853562,0.984947066990175,0.0040648762677733714,0.979939192592482,0.9487290291860009,0.12340912699731368,0.9725705512309669,0.896308200090149,0.06507871217030615,0.9855008038875057,0.9531498478584708
sim-67e0fe5224703ae3d28f72d6a226d94a00fdc9fa6e04a6f52c09ae163bbc6496,15,challenged_demand,2.495436054999216,0.05361180520420401,14.826549071439176,5.211788363273106,0.0,0.0,0,8,0,8,0.835711469393002,1.0,1.0,17,0,17,17,0,17,0,5,1.0,1.0,1,none,5,5,5,5,0.06642521562531747,0.9862284599559089,0.9500100390063321,0.10436918202357919,0.978911972431602,0.9162781662354259,0.10777677947300933,0.9783379224957729,0.9134977817167992,0.03885670420585771,0.9912450491560961,0.9735264812161226,0.05196074831327169,0.9886555211450996,0.9644017596753531,0.05460066997065509,0.9888369383365828,0.9619340562542119,0.02573897203767447,0.994899975622578,0.9841242320143009,0.004346171268584966,0.9776906578118393,0.9475239205350996,0.12827987897261264,0.9745868459186352,0.8917053062221876,0.06867829701331532,0.9856336731389458,0.9499436598094755
sim-67e0fe5224703ae3d28f72d6a226d94a00fdc9fa6e04a6f52c09ae163bbc6496,16,challenged_demand,2.5039621130028706,0.05048769030595708,18.625423952847207,7.591928766426052,0.0,0.0,0,8,0,8,0.9025821905449427,1.0,1.0,18,0,18,18,0,18,0,5,1.0,1.0,1,none,5,5,5,5,0.06551139786363275,0.9856341422027516,0.9507224915346446,0.09967073945554329,0.9783767525566641,0.9205775726800636,0.10902126357109686,0.9750306345361796,0.9117742141320659,0.04062880460356797,0.9912348540621877,0.972225342898005,0.052379662026063076,0.9885892694343852,0.964257452418957,0.05429701208202636,0.988188817001511,0.9622510981426708,0.026805149368506597,0.9936664652509819,0.9831749634037046,0.004262105532776268,0.9786481797491942,0.947322843748586,0.12518003503587652,0.9723370423746294,0.8937949412945848,0.06697299372553908,0.9858498379437558,0.9512899860925377
sim-67e0fe5224703ae3d28f72d6a226d94a00fdc9fa6e04a6f52c09ae163bbc6496,17,challenged_demand,2.4951695893825745,0.056589676450492135,15.421944381980788,30.910226912435636,0.0,0.14285714285714285,0,5,1,7,0.754917022269093,1.0,1.0,15,0,15,15,0,15,0,3,1.0,1.0,1,none,4,3,5,5,0.06667792882667974,0.9858612321991462,0.9496860071112115,0.09966989417296333,0.9788224029322764,0.920760977027705,0.10790162847016883,0.9789760603189622,0.9131421405338417,0.03880934316362408,0.9917250685387015,0.9735459604921463,0.05068601804877186,0.9901561235627404,0.9656085742602952,0.053565435726621924,0.9891623030451888,0.9628250673299767,0.025766477731993503,0.9951194580029339,0.9842260580158949,0.004195289067432149,0.9779877273343895,0.9483714771513796,0.12274634179299158,0.9750407674709065,0.8963943723175327,0.06609806412858768,0.9859046079368231,0.9520980985612209
sim-67e0fe5224703ae3d28f72d6a226d94a00fdc9fa6e04a6f52c09ae163bbc6496,18,challenged_demand,2.488367847490769,0.04770432681777348,9.349455884169773,6.005019487379661,0.0,0.0,0,8,0,8,0.9969852109402143,1.0,1.0,16,0,16,16,0,16,0,5,1.0,1.0,1,none,5,5,5,5,0.06609833875338525,0.9866030748911774,0.9503377267305536,0.10461490073425325,0.9781895388697764,0.9161479885805294,0.1070432488442049,0.9773525031142087,0.91399385737167,0.041984954622992045,0.9910928871837787,0.9709356239336401,0.05055037029449658,0.9896219825258845,0.9659282242664397,0.05359031169203588,0.98896345778914,0.9629466216305764,0.025753042724487512,0.994960298024882,0.9844334712705723,0.004350650291840733,0.9795152604922666,0.9467638500235874,0.12341440613887153,0.9735525304308894,0.8963802666078499,0.06747802427129995,0.9866499003247884,0.951088777528619
sim-67e0fe5224703ae3d28f72d6a226d94a00fdc9fa6e04a6f52c09ae163bbc6496,19,postdemand_recovery,2.5931931411932747,0.022360813255199282,20.829903392873426,6.118366569034462,0.0,0.0,0,8,0,8,0.8974284600652036,1.0,1.0,18,0,18,18,0,18,0,5,1.0,1.0,1,none,5,5,5,5,0.06363386710753187,0.9899849279773215,0.9565357559117308,0.10244709371707619,0.9826483390376662,0.9255124466914169,0.10681173305063903,0.9819873506669419,0.9221401022435266,0.04236182160450629,0.9929191644098564,0.9732074608620439,0.05131848797014156,0.9911593731197222,0.9691341493415186,0.05407413020891063,0.9906912150158393,0.9661483201046669,0.020194897110508547,0.9981945198047194,0.9889858358576888,0.004329421694541838,0.9821308152268277,0.952695672262657,0.12649267585261698,0.9785577559682566,0.9030735694932541,0.0650247958731006,0.9892934556687218,0.9572845682274677
sim-67e0fe5224703ae3d28f72d6a226d94a00fdc9fa6e04a6f52c09ae163bbc6496,20,postdemand_recovery,2.551051575881898,0.023145049227262467,14.690082930960102,3.5738684034285475,0.0,0.0,0,8,0,8,0.9598407091890561,1.0,1.0,18,0,18,18,0,18,0,5,1.0,1.0,1,none,5,5,5,5,0.06297433208005752,0.990238642864509,0.9621304826221363,0.10636591399403517,0.9831539255973086,0.9309364828162336,0.11157019088406779,0.9819305060662394,0.9272289399411434,0.0422306971785588,0.9937406261492863,0.9765742978955239,0.053484699114139216,0.9912613903112064,0.9709730022494011,0.0556963942841162,0.9912220268904255,0.968934926402521,0.01565839330912267,0.99744486100578,0.9924712634339562,0.004686405440656348,0.9819994484459555,0.9552202546459657,0.134194654245982,0.9771981895882452,0.9068954421965769,0.06518348857376167,0.9897906970781242,0.9622474749347107
sim-67e0fe5224703ae3d28f72d6a226d94a00fdc9fa6e04a6f52c09ae163bbc6496,21,postdemand_recovery,2.547450014336154,0.02280718347382409,17.243201688373034,5.558701052013111,0.0,0.0,0,8,0,8,0.9557308962370127,1.0,1.0,18,0,18,18,0,18,0,5,1.0,1.0,1,none,5,5,5,5,0.06268522202101783,0.9902950401442372,0.9639271708809863,0.1034794496874998,0.9845425655619907,0.9356239046291078,0.11141584715223503,0.9831586363877979,0.9299383166994288,0.036947968218569195,0.9955244486711133,0.980762787084008,0.057589653526727146,0.9907045872100062,0.9693516924946676,0.05684657229631431,0.9912460113184614,0.9694121705267829,0.016807893105755832,0.9982003127018079,0.9922381179821832,0.004837482941699295,0.9819649390503212,0.955339490453898,0.13494988581638442,0.9797871474324481,0.9089962144807723,0.06527012863043626,0.990042588707455,0.9637878042612796
sim-67e0fe5224703ae3d28f72d6a226d94a00fdc9fa6e04a6f52c09ae163bbc6496,22,postdemand_recovery,2.563899063177092,0.02748896371853977,13.60545045767613,4.976870830707398,0.0,0.0,0,9,0,9,0.9522477159003673,1.0,1.0,18,0,18,18,0,18,0,5,1.0,1.0,1,none,6,5,5,6,0.06324354188281654,0.989854981174082,0.9640597338373974,0.1035099622741862,0.9833083033749922,0.9363516143832787,0.10956658864670345,0.9826945347682015,0.9320126227241702,0.037473789207125054,0.993340489959932,0.9805123612770226,0.05892605033898224,0.9908424737298817,0.9687286553577731,0.05736808940352372,0.9909105231316393,0.9693539986117282,0.01519159120485724,0.9974757895374091,0.9931517981358061,0.004005874781375043,0.9863672020506912,0.9601186583093038,0.13214483546696243,0.9786233168556691,0.9116947240664858,0.06494815197034585,0.98994686292755,0.9645201038322432
sim-67e0fe5224703ae3d28f72d6a226d94a00fdc9fa6e04a6f52c09ae163bbc6496,23,postdemand_recovery,2.612746279134468,0.03558624339523055,13.792554425390202,4.738110756999449,0.0,0.0,0,8,0,8,0.9491144437257221,1.0,1.0,18,0,18,18,0,18,0,5,1.0,1.0,1,none,5,5,5,5,0.06288090495503114,0.9900624348032652,0.9644432921694915,0.10442785823991958,0.9832659953696473,0.9358610772594111,0.11134622849929621,0.981882156482992,0.9309638493215383,0.04097278958171251,0.9934463880814556,0.9787016769240906,0.05946827786151805,0.9904118952728265,0.9683879328673328,0.058132350581840485,0.9906769017437758,0.9689425418358483,0.013826589005222224,0.9984517305835421,0.9938331931071409,0.003912383426662237,0.9847911366500826,0.9626510819597492,0.13642996198713406,0.9780920895367357,0.9086696034655133,0.06562047111046386,0.9892008172798766,0.964199281854749
sim-67e0fe5224703ae3d28f72d6a226d94a00fdc9fa6e04a6f52c09ae163bbc6496,24,postdemand_recovery,2.5600180599895177,0.019972105376914483,7.630670788709441,3.669245159785428,0.0,0.0,0,8,0,8,0.9419588548499527,1.0,1.0,18,0,18,18,0,18,0,5,1.0,1.0,1,none,5,5,5,5,0.06273133279504706,0.9903399012152122,0.9645951559606607,0.10294406199042865,0.9837925903174376,0.9371019036756852,0.11081721145721542,0.982429182492208,0.9313965517618717,0.0393033345131482,0.9938937909962596,0.9797008738652212,0.05772134241412799,0.9910812680803615,0.969542369251686,0.057587958413056035,0.9909854689866011,0.969331006221162,0.012879826618131219,0.9974824572494001,0.9941478875708465,0.003929113945826079,0.9843999215422929,0.9632164401656367,0.13242914294053104,0.9787753661487808,0.9118669876067027,0.06556370092240776,0.9900806827581243,0.9643308415772609
sim-ebdf1d63bb7988d228f8074619c8bc9de22ed73811db6b73e0c3ef7aed201a3c,1,baseline,1.9727358595750726,0.48432326232169126,152.12385707338075,115.47168444210142,0.8333333333333334,0.7142857142857143,5,6,5,7,0.731921941612625,0.6666666666666667,0.6666666666666667,15,5,10,15,5,10,0,4,0.9841835098723775,0.974271978624673,1,none,4,4,5,5,0.07986202576964903,0.9881335656516418,0.9807760424241676,0.07065802558912443,0.9897615672073965,0.9875007417531999,0.06629152285597396,0.9913344335419694,0.9906517537124215,0.064256614154294,0.995411322239629,0.9920644869556792,0.06588459105560164,0.9939118628539726,0.9909944321056888,0.06852336795266871,0.9928741760368772,0.9891204006061687,0.059059976584761385,0.9978188789189714,0.9956592922486114,0.08931534600659867,0.9841835098723775,0.974271978624673,0.06416022954229846,0.9914380644498232,0.9921390163547603,0.0718095949307981,0.992037212727049,0.9868712031760484
sim-ebdf1d63bb7988d228f8074619c8bc9de22ed73811db6b73e0c3ef7aed201a3c,2,baseline,2.5881210581012555,0.018130428767295783,9.682910497037396,5.548269223560798,0.0,0.0,0,9,0,9,0.9620296188214035,1.0,1.0,19,0,19,19,0,19,0,5,0.985322604348999,0.9533351703930586,1,none,6,5,5,5,0.07080686136362394,0.9898636176023672,0.9686083176146506,0.08458950510744302,0.9829408612524235,0.9597339555485844,0.08500633979743481,0.9817970680743092,0.9597439320868604,0.04569093935352966,0.9937221755535466,0.9855800632463286,0.05663532479201014,0.9905605249529351,0.9790817976044728,0.05857481732086576,0.9906316140735594,0.9776718043844729,0.02941014777669438,0.9983131747393205,0.9954623307917764,0.09384580361231672,0.985322604348999,0.9533351703930586,0.09658495923189077,0.9770278146749224,0.9511895350470506,0.06277795092951187,0.989110141825506,0.9749466971621964
sim-ebdf1d63bb7988d228f8074619c8bc9de22ed73811db6b73e0c3ef7aed201a3c,3,baseline,2.5453126681623517,0.021433383898714038,15.122599656347555,6.372661538417673,0.0,0.0,0,8,0,8,0.9379739475244312,1.0,1.0,18,0,18,18,0,18,0,5,0.9848103486303582,0.9514499539301853,1,none,5,5,5,5,0.06610058538007377,0.990347203391529,0.9656208725830752,0.09742636119819623,0.9839191076915471,0.9446994471829389,0.10052803935911499,0.9830984697486902,0.9429388014584734,0.040702116563376384,0.9939547909323713,0.9823298526415586,0.05734163977424605,0.9909187022433129,0.9728768123998587,0.05759154305504188,0.9912246219715511,0.9724388843182898,0.018359674327228077,0.9979276303607945,0.9950805191380538,0.08801308533693654,0.9848103486303582,0.9514499539301853,0.12096159880059729,0.9798674571351514,0.9263629509000045,0.06568783308752663,0.9897517609842209,0.9672650453126679
sim-ebdf1d63bb7988d228f8074619c8bc9de22ed73811db6b73e0c3ef7aed201a3c,4,baseline,2.5458550299039704,0.026594704073968717,10.815033349049312,6.662125505631514,0.0,0.0,0,8,0,8,0.9260276638117715,1.0,1.0,18,0,18,18,0,18,0,5,0.9852583285370567,0.9424823663499123,1,none,5,5,5,5,0.06393757077934177,0.9902921260182231,0.9649819405620703,0.09961969754974123,0.9846879064944442,0.9407501302766158,0.10569568318673267,0.9834635788940115,0.936709201328089,0.04151818696402587,0.9933075316322774,0.979553477517256,0.056351963795028735,0.9918200106702226,0.9715909777521549,0.05644497045734279,0.9916037215126474,0.9711734128442702,0.017095422003189722,0.9978325115213946,0.9934422723982982,0.0974557432769872,0.9852583285370567,0.9424823663499123,0.12517913771642178,0.9804615259532027,0.9194753677689278,0.06590269436841237,0.989732854151438,0.9650926078794372
sim-ebdf1d63bb7988d228f8074619c8bc9de22ed73811db6b73e0c3ef7aed201a3c,5,baseline,2.563176696901352,0.029364816953115578,17.504500892340857,7.761195491774164,0.0,0.0,0,9,0,9,0.9385456523001656,1.0,1.0,18,0,18,18,0,18,0,5,0.9838226851047722,0.9427958654139017,1,none,5,6,6,5,0.06260493925474357,0.9903293044140024,0.9651126881320617,0.09817631325138716,0.9843115563017802,0.9409937634224272,0.10253339196574461,0.9840789634810924,0.938069868537296,0.040877621776411355,0.9939010241872922,0.9792180394514404,0.05534746892346098,0.9909505988908046,0.971457175071564,0.055906682356808075,0.9911329573884073,0.9708159420971167,0.014988644058466054,0.9975991745050347,0.9936987821933415,0.09564279009246542,0.9838226851047722,0.9427958654139017,0.1214533872617275,0.980072504275048,0.9211181059956995,0.06546733885013432,0.9900450731891742,0.9647500550845978
sim-ebdf1d63bb7988d228f8074619c8bc9de22ed73811db6b73e0c3ef7aed201a3c,6,baseline,2.533468887025187,0.02718383945166539,13.176594005118229,3.043318303382221,0.0,0.0,0,8,0,8,0.9115935908578698,1.0,1.0,16,0,16,16,0,16,0,5,0.9850245115537807,0.9414647380339487,1,none,5,5,5,5,0.0625434411842788,0.9900672509993261,0.9649295238969714,0.10131334178799793,0.9835915183080564,0.9384487735156554,0.10691178185392608,0.9819444332463015,0.934582193318161,0.03939475900935673,0.9939311753367319,0.979824496453864,0.05830416695202454,0.9907136197047669,0.9693994152215273,0.05750426193156801,0.9908818913535592,0.9696075904765766,0.016935249549894713,0.997323136174108,0.9923319970783441,0.09746322282864608,0.9850245115537807,0.9414647380339487,0.13019627141484866,0.9778928980778675,0.9139248119050332,0.06530134208760766,0.9897166501600081,0.9646096732537967
sim-ebdf1d63bb7988d228f8074619c8bc9de22ed73811db6b73e0c3ef7aed201a3c,7,prechallenge_demand,2.458156395755884,0.065401443318069,11.845347004330716,4.899359959337639,0.0,0.0,0,8,0,8,0.9130726111833394,1.0,1.0,17,0,17,17,0,17,0,5,0.9806685433426012,0.936104155418248,1,none,5,5,5,5,0.06391433053793626,0.9859428053769043,0.9593190944022114,0.10321635569214185,0.9770763417573541,0.9293534614652276,0.10925533801937266,0.9772367959775902,0.9250275568927686,0.0419125025187024,0.991196113743594,0.9756682139429663,0.05744526585540333,0.9887925059981726,0.9664141450550989,0.056796565198049515,0.988535854952207,0.9665239769254629,0.017808919849598013,0.9951066889741549,0.9905467863762062,0.09634011344155925,0.9806685433426012,0.936104155418248,0.1312546677009853,0.9728749920170867,0.9034235865595139,0.0683823367843452,0.9844736899401753,0.9573766624338257
sim-ebdf1d63bb7988d228f8074619c8bc9de22ed73811db6b73e0c3ef7aed201a3c,8,prechallenge_demand,2.3852374576203594,0.12006298989450884,30.90899169193423,29.64799943597489,0.14285714285714285,0.125,1,7,1,8,0.8946720390824258,1.0,1.0,17,0,17,17,0,17,0,4,0.9786890301087517,0.9266224892284408,1,none,5,4,5,5,0.06620096340906016,0.9854913350798115,0.952465731778889,0.10609368953598415,0.9785262416083463,0.9185860591360218,0.11008842891495282,0.9769973280647666,0.9151685339773596,0.04247006882166586,0.9905137557890971,0.9722308661977069,0.05563229297709183,0.9886938971696635,0.9636643664168552,0.05541733624532962,0.9887703964794821,0.9633917239735921,0.021436965562756278,0.9953404648722988,0.9873088531444557,0.09801252157752934,0.9786890301087517,0.9266224892284408,0.132185014030396,0.9727323056322418,0.8915470911368119,0.06883073552958681,0.9864109843755665,0.9524657453167613
sim-ebdf1d63bb7988d228f8074619c8bc9de22ed73811db6b73e0c3ef7aed201a3c,9,prechallenge_demand,2.4349269468792665,0.045908338994811004,9.50372720622141,9.82941050579915,0.0,0.0,0,7,0,7,0.9223686393476563,1.0,1.0,16,0,16,16,0,16,0,4,0.9791837138378475,0.9228570143893472,1,none,5,4,4,5,0.06752721963229463,0.9857782067352269,0.9498299504059058,0.10581072297452232,0.9770199214014282,0.9160287575215579,0.10877820291413158,0.9765934861335427,0.9135527884120447,0.04535669963128657,0.9904662866910199,0.9689441967497803,0.05538289387741905,0.9879403114235813,0.9624243608790158,0.05583272989304029,0.9878404484363229,0.9615230646563787,0.026932695784362387,0.9926159070801961,0.9831944073269409,0.09951199239661089,0.9791837138378475,0.9228570143893472,0.13029954623927695,0.9715774611522582,0.8903614670434242,0.0704496642865905,0.9842480953497097,0.949044269786728
sim-ebdf1d63bb7988d228f8074619c8bc9de22ed73811db6b73e0c3ef7aed201a3c,10,prechallenge_demand,2.500181415742049,0.05812500406595061,19.921760593227805,6.515147643242644,0.0,0.0,0,8,0,8,0.9317296307180575,1.0,1.0,18,0,18,18,0,18,0,5,0.9800044642847224,0.9230565069490158,1,none,5,5,5,5,0.06725661035177703,0.9860444024219459,0.9495594898512857,0.10685291950935268,0.9772503064760523,0.9139180197864692,0.11263721398005536,0.9752812343423208,0.9089920506170616,0.04320048001078921,0.990922828046741,0.9705663711115865,0.05621976936850813,0.9890504563406171,0.961501783239237,0.05620420567895851,0.9888708699199974,0.9609323828828279,0.03148523123546268,0.9921323499548681,0.9800029143957794,0.09849658330227279,0.9800044642847224,0.9230565069490158,0.13334015034558283,0.9701750051376055,0.8866792023106448,0.06917776279508152,0.9860430309713772,0.9497111210861727
sim-ebdf1d63bb7988d228f8074619c8bc9de22ed73811db6b73e0c3ef7aed201a3c,11,prechallenge_demand,2.4317260939435026,0.145968189530832,38.043132304598174,28.05141165958714,0.125,0.1111111111111111,1,8,1,9,0.9083625569743012,1.0,1.0,17,0,17,17,0,17,0,5,0.9802826838216476,0.9281206446781239,1,none,5,5,6,5,0.06588069572135671,0.986001811808336,0.9504981976937869,0.10735999069810484,0.9772068129490065,0.9131582137676619,0.11303150859747824,0.9771197358758748,0.9082483850516259,0.04384095294056326,0.9914313983460148,0.9701212481936597,0.05226987961020912,0.9896782470867427,0.9645250346610807,0.05423983925853605,0.9885924947166868,0.962344208621126,0.027551843274347333,0.9973854436508812,0.9834354809920639,0.09320341689517816,0.9802826838216476,0.9281206446781239,0.1369143959440405,0.971417851654318,0.8823440787173843,0.06777831364825403,0.9862776559408994,0.950702320769196
sim-ebdf1d63bb7988d228f8074619c8bc9de22ed73811db6b73e0c3ef7aed201a3c,12,prechallenge_demand,2.379743475432711,0.07328503516620138,9.839438494211251,9.08127026256801,0.0,0.0,0,7,0,7,0.8929515875371399,1.0,1.0,16,0,16,16,0,16,0,4,0.9795222063681913,0.9236480676910387,1,none,5,4,4,5,0.06661228961812735,0.9856674439788065,0.949868974556718,0.10716640314291254,0.9777570841390538,0.9135871157513766,0.11251437605901342,0.9764145204174756,0.9087057062104527,0.04216462725650724,0.9909965742874569,0.9715839296802301,0.05495089650367163,0.9875603983222386,0.9622044027764309,0.05649210703098061,0.9878742135958622,0.9604555320054919,0.02494576550802529,0.9942804316014155,0.9849354843494807,0.09817283381377183,0.9795222063681913,0.9236480676910387,0.1349691567022988,0.9729783699913009,0.8840216413864513,0.06657237083757882,0.9859448374802323,0.9518433912290459
sim-ebdf1d63bb7988d228f8074619c8bc9de22ed73811db6b73e0c3ef7aed201a3c,13,challenged_demand,2.5667508268022,0.040472929465144226,8.939676370817656,8.074902387765505,0.0,0.0,0,9,0,9,0.9133020200125044,1.0,1.0,18,0,18,18,0,18,0,5,0.9496051016597898,0.6662449449064415,1,none,5,6,6,5,0.06573454692899375,0.9864773470157027,0.9506821131662423,0.10107660908637033,0.9792851654278859,0.9191828788740792,0.10598132948309945,0.9781755200761842,0.9147362268147579,0.04090425098822441,0.991796544264601,0.9724734231832646,0.053883970748945416,0.9893285979965905,0.9633202527425532,0.05382636323039487,0.9888873592663535,0.9627980030822529,0.023475035644778704,0.9949439555022443,0.9860033170880043,0.08835235078738995,0.9496051016597898,0.6662449449064415,0.12417872903929193,0.9742194930595611,0.8939899738548595,0.06602945806338176,0.9859950014568122,0.9523647671210462
sim-ebdf1d63bb7988d228f8074619c8bc9de22ed73811db6b73e0c3ef7aed201a3c,14,challenged_demand,2.5864471822471677,0.045563524996781235,18.026886894068806,9.42965218771414,0.0,0.0,0,7,0,8,0.9375381052670039,1.0,1.0,18,0,18,18,0,18,0,4,0.9808020184409875,0.8511325356031666,1,none,5,4,5,5,0.06482948970199216,0.9859205349426224,0.951291321006415,0.09908746053692782,0.9788206627167771,0.9210951868642678,0.10427595902839538,0.9784411335584207,0.9166660234324336,0.03909033704739504,0.9924811651578185,0.9738335512511155,0.048624690057585324,0.9899438580569206,0.9675981454519827,0.05345180223219437,0.9883866781324143,0.9631048460018099,0.025250214383248298,0.9946448435438613,0.9846150241181895,0.08623876507418617,0.9808020184409875,0.8511325356031666,0.12285875447161368,0.974712255012666,0.8960662737126341,0.06740931328109212,0.9855950120626139,0.9513798472431978
sim-ebdf1d63bb7988d228f8074619c8bc9de22ed73811db6b73e0c3ef7aed201a3c,15,challenged_demand,2.5143187529455853,0.03368255286359663,7.192946702344073,27.108051352011852,0.0,0.125,0,7,1,8,0.8283143534078092,1.0,1.0,17,0,17,17,0,17,0,4,0.9798387528054504,0.9050137299621372,1,none,5,4,5,5,0.06631797123529723,0.986115657865254,0.9500231409146431,0.10094724259672619,0.9793480084941188,0.9193789821646737,0.1051886940931272,0.9768914716087058,0.9157633463924331,0.03797769009828906,0.9919266911603111,0.9744309657187725,0.052340077923783944,0.988836486241843,0.9644289371735213,0.05491708589395658,0.9888237774642892,0.9618815446955896,0.024562003234345584,0.995695928491215,0.9851422124127488,0.09055747511000425,0.9798387528054504,0.9050137299621372,0.12232819876444888,0.9732650752054262,0.8965776507059003,0.06762573778878837,0.985960064856368,0.9510315837059548
sim-ebdf1d63bb7988d228f8074619c8bc9de22ed73811db6b73e0c3ef7aed201a3c,16,challenged_demand,2.5294586071335603,0.0997613592731072,35.86674817324899,24.832143679953166,0.1111111111111111,0.1111111111111111,1,9,1,9,0.9507440911018599,1.0,1.0,18,0,18,18,0,18,0,5,0.9778454606010141,0.916447408004213,1,none,6,5,5,5,0.06552582407108071,0.9853015151256228,0.9506048494260914,0.09803562581734585,0.9777982718738474,0.9219515690605423,0.10671343928603445,0.9769902827930016,0.914262540274314,0.038379886348756026,0.9914040561552672,0.9740934880980915,0.05361474643626495,0.9881706286620167,0.9633422357179732,0.05413848044744576,0.988372670337179,0.9624064244751211,0.02524692655894635,0.9936637149568729,0.9843377973676366,0.09733758569558135,0.9778454606010141,0.916447408004213,0.12508048563323337,0.9728254500992274,0.8943115607835882,0.0658800060900409,0.9850899557656939,0.9522617217788257
sim-ebdf1d63bb7988d228f8074619c8bc9de22ed73811db6b73e0c3ef7aed201a3c,17,challenged_demand,2.4315683293451746,0.06507743969315156,15.14631408993441,8.856394261794899,0.0,0.0,0,5,0,6,0.8487101631602562,1.0,1.0,14,0,14,14,0,14,0,3,0.9767121064209252,0.9192017009155994,1,none,4,3,4,5,0.06793272937682926,0.9856226072902123,0.9485912500119039,0.10073831636144487,0.9782819181535738,0.9194744282578896,0.10455634404502419,0.9781717699816193,0.9164386884683526,0.03750825047568631,0.9921292513658586,0.9749989228865078,0.052367323711669925,0.9885943623124421,0.964315767182852,0.05434523921124607,0.9880505018298672,0.9621931782542363,0.024200855495371428,0.9946955537006051,0.9851742175154059,0.09980862947546332,0.9767121064209252,0.9192017009155994,0.11982284298153607,0.9751099834268256,0.8998321446603784,0.06808404738915498,0.9857340457023468,0.9504563509195371
sim-ebdf1d63bb7988d228f8074619c8bc9de22ed73811db6b73e0c3ef7aed201a3c,18,challenged_demand,2.549950808472958,0.08679022690513562,34.51279513395579,7.560687125970434,0.125,0.0,1,8,0,7,0.7442709667226292,1.0,1.0,18,0,18,18,0,18,0,4,0.9823340990686977,0.9207903735166836,1,none,4,6,5,5,0.06668283802482455,0.9866125508305592,0.9498388973533107,0.10347909437388615,0.9792320868255251,0.916592415729258,0.10608515064196707,0.9784608646483723,0.9147491619496534,0.04053046873138103,0.9918101456937312,0.9724403176948022,0.05455739398565519,0.9892778912537538,0.9625535727512348,0.05532699458163475,0.989173683311026,0.9614613916543051,0.027257875367649162,0.9944901395230329,0.9829670604700945,0.10032021948539481,0.9823340990686977,0.9207903735166836,0.12524539715376193,0.9743701717203296,0.8936043442580424,0.06845523912650825,0.9861573332861157,0.9501206053123039
sim-ebdf1d63bb7988d228f8074619c8bc9de22ed73811db6b73e0c3ef7aed201a3c,19,postdemand_recovery,2.650717708671517,0.19752084787373922,118.6298606634037,60.97753840341568,0.6666666666666666,0.3,6,9,3,10,0.8866829344649476,0.8947368421052632,0.8947368421052632,19,2,17,19,2,17,0,5,0.9839597763953022,0.9317866377233595,1,none,6,5,6,5,0.06533655143547103,0.9896241101996034,0.9557100081497881,0.09721836941167739,0.9857538040099407,0.9298879831638565,0.10051507010337747,0.9849789424442963,0.9274920901114938,0.03522530018567148,0.9955566787667504,0.9784264920945622,0.05294757115976617,0.992065755911048,0.9671600257044186,0.052321391035990296,0.9922384005938486,0.9672285101524478,0.02578831385099116,0.9970447270765891,0.9855223112100054,0.09571773050416515,0.9839597763953022,0.9317866377233595,0.11635709282242414,0.9830767982142313,0.9112280535961069,0.0651359078501085,0.9908832859373506,0.9571596429562974
sim-ebdf1d63bb7988d228f8074619c8bc9de22ed73811db6b73e0c3ef7aed201a3c,20,postdemand_recovery,2.557625076764059,0.02651519027656381,16.25419060111509,6.49874155711317,0.0,0.0,0,8,0,8,0.9283779736447209,1.0,1.0,18,0,18,18,0,18,0,5,0.9862495108010237,0.9407045907836028,1,none,5,5,5,5,0.06480631071206085,0.9899505650540812,0.9610438262618957,0.0973877244113097,0.9830817414993817,0.9377708082167274,0.10295014832024785,0.982266634137677,0.9341531518986206,0.03551922792488121,0.993390637694244,0.980839549067508,0.05233282804782416,0.9912530834429183,0.9712898774490187,0.0519231713802096,0.9913540396050403,0.9712234922226743,0.01948469062585009,0.9971729056906224,0.9905614760315977,0.0938507610956534,0.9862495108010237,0.9407045907836028,0.11878302484997502,0.978774972184079,0.9195786380845936,0.06420755916786133,0.9890816168462031,0.9626377990904169
sim-ebdf1d63bb7988d228f8074619c8bc9de22ed73811db6b73e0c3ef7aed201a3c,21,postdemand_recovery,2.5284938802122108,0.027446360115710177,16.00455999929126,6.367008901775824,0.0,0.0,0,8,0,8,0.8944199523646481,1.0,1.0,18,0,18,18,0,18,0,5,0.9835243201862309,0.9424946902199716,1,none,5,5,5,5,0.06449789699475816,0.9897932925120879,0.9628188022278765,0.10416298197844702,0.9825470443871438,0.9352327111320605,0.10874034043828698,0.9821032952185961,0.9322987089144742,0.0397297558132694,0.9936993548863705,0.979193757036114,0.056761449190810734,0.9901720554296486,0.9696921490538655,0.055334276033109635,0.9907686054693238,0.9702929948854746,0.020749095495027698,0.9968431863094316,0.9902176530773652,0.09508144001261302,0.9835243201862309,0.9424946902199716,0.12913062322884206,0.9787294419006445,0.9141862408035722,0.06653680704493928,0.9892094801450355,0.9628270816285951
sim-ebdf1d63bb7988d228f8074619c8bc9de22ed73811db6b73e0c3ef7aed201a3c,22,postdemand_recovery,2.5695750503238806,0.02300593321631959,7.440491690347107,5.3588230074187475,0.0,0.0,0,8,0,8,0.9154092433487383,1.0,1.0,18,0,18,18,0,18,0,5,0.9867871265639424,0.9426862446144134,1,none,5,5,5,5,0.06392414829321448,0.9903733306082027,0.9637348368106635,0.10403637736906388,0.9846145922651355,0.9359537898550423,0.10853090360009306,0.9832525178467856,0.9328455176591849,0.039216856960000886,0.9941807601232311,0.9797641110670083,0.057096992679983916,0.9918770410400082,0.9699606487916853,0.056249619390194114,0.9915240602643787,0.9701476859994541,0.018020540464627012,0.9980784469521757,0.9917739451950836,0.09552799300181233,0.9867871265639424,0.9426862446144134,0.12716106585085077,0.9797087913602173,0.9155937773688274,0.06762855116006825,0.9898052184679693,0.9626488876170349
sim-ebdf1d63bb7988d228f8074619c8bc9de22ed73811db6b73e0c3ef7aed201a3c,23,postdemand_recovery,2.5713208863595844,0.01951982090034393,14.326710778527172,4.268251961890673,0.0,0.0,0,9,0,9,0.9291371232720153,1.0,1.0,18,0,18,18,0,18,0,5,0.9869657945422257,0.9476781781372194,1,none,5,6,6,5,0.06311821198712597,0.9900238154833512,0.9643703827018205,0.10413511346457664,0.9829879900342009,0.9360793979772926,0.1117700475898724,0.9819087632753576,0.9305605465759448,0.040084196824468225,0.9932359474383383,0.9792030716239881,0.05660883097346039,0.9908391787109886,0.9702625959157647,0.05633502177577017,0.9910475358326515,0.9701306857583772,0.016082787064228266,0.9972852197055686,0.9925829335944227,0.08891722746869493,0.9869657945422257,0.9476781781372194,0.13478210960165976,0.9779213782898455,0.9099021737953206,0.06682801413035659,0.9897204271717712,0.963351020291034
sim-ebdf1d63bb7988d228f8074619c8bc9de22ed73811db6b73e0c3ef7aed201a3c,24,postdemand_recovery,2.576953358286306,0.027516752228148502,10.741227833739924,4.0444546940382455,0.0,0.0,0,8,0,8,0.9046265610758811,1.0,1.0,18,0,18,18,0,18,0,5,0.9868814577714565,0.9503600556799767,1,none,5,5,5,5,0.06252360207323476,0.9902787516545023,0.9647771475294321,0.10452711958804,0.9839875666436648,0.9359616548050277,0.11261023486825768,0.9823019254451055,0.9299545953966869,0.04042789316278224,0.9941198189743712,0.9790861550546675,0.058347255190208926,0.9906908018860641,0.9692197176820236,0.057236752110940384,0.9910126542402885,0.9695658167444604,0.014232479285984784,0.9983273194386552,0.9935438797908771,0.08527737832441616,0.9868814577714565,0.9503600556799767,0.13369928888442198,0.9789319011434848,0.9108345402407222,0.06501486045832425,0.9898205460641412,0.9646538362235472
sim-0377461654e6b2d8f0c7dd960d5175a2f86ca5964f4ecc4a3f65100a1fe2f1dc,1,baseline,1.9727358595750726,0.48432326232169126,152.12385707338075,115.47168444210142,0.8333333333333334,0.7142857142857143,5,6,5,7,0.7316167356279297,0.6666666666666667,0.6666666666666667,15,5,10,15,5,10,0,4,0.9836748148639087,0.9777413931132745,1,none,4,4,5,5,0.07986172152473314,0.9881322511183018,0.9807762190123602,0.07065784035782281,0.9897628137939675,0.9875009258910129,0.06629132396252765,0.9913350258538776,0.9906519086884182,0.06425661997748736,0.9954112982832828,0.9920644926883313,0.06588499966065896,0.9939122504647654,0.9909941470411682,0.06852334394118159,0.9928744909006935,0.9891204713311585,0.059059979241806955,0.9978189070185465,0.9956592886590517,0.029957257492447466,0.9836748148639087,0.9777413931132745,0.06416017099439296,0.9914396217150097,0.9921391242372654,0.07180955559398285,0.9920376628170428,0.9868712547572082
sim-0377461654e6b2d8f0c7dd960d5175a2f86ca5964f4ecc4a3f65100a1fe2f1dc,2,baseline,2.5893060220460895,0.020024531650085324,9.949030230189823,5.538904467362187,0.0,0.0,0,9,0,9,0.9645654145702683,1.0,1.0,19,0,19,19,0,19,0,5,0.9842664581656875,0.9651264027542489,1,none,6,5,5,5,0.0708095778166481,0.9898537343615846,0.9686057999214723,0.08459767029915162,0.9828944438466781,0.9597275032387069,0.08515885187946086,0.9816421844747916,0.9596262976419472,0.045693094847516685,0.9937178037165721,0.9855786743747531,0.05663285602626401,0.9905330916545477,0.9790828277022241,0.05863753412542822,0.9905865667326136,0.977634555160929,0.029635107184662834,0.9980875600342031,0.9953337006521953,0.0059506145570226284,0.9842664581656875,0.9651264027542489,0.0968195538987099,0.9767626200259049,0.9509845671889243,0.06274715016670131,0.9892194891035521,0.9749742929854442
sim-0377461654e6b2d8f0c7dd960d5175a2f86ca5964f4ecc4a3f65100a1fe2f1dc,3,baseline,2.5388653541494843,0.02272615407531204,14.977427022255839,6.892108285971514,0.0,0.0,0,8,0,8,0.9569294825986359,1.0,1.0,18,0,18,18,0,18,0,5,0.9843349847774923,0.9653944342092013,1,none,5,5,5,5,0.06609194996307824,0.9903689411275544,0.9656294337825797,0.09741958475634079,0.9838398951819344,0.94470508876808,0.10114253668917371,0.9828429566327427,0.9425088800721177,0.04069437090575604,0.9939606250655751,0.9823355957491305,0.057484446719595315,0.9908801115264703,0.9727873402856797,0.05791753765047153,0.9911319193490021,0.9722441012370486,0.01982825444576776,0.9974999281484279,0.9943017980296472,0.0038460311329237946,0.9843349847774923,0.9653944342092013,0.12121314031107878,0.9798625428345737,0.9261334126998907,0.06534615988319994,0.9897235026732911,0.967493389389388
sim-0377461654e6b2d8f0c7dd960d5175a2f86ca5964f4ecc4a3f65100a1fe2f1dc,4,baseline,2.559744093575566,0.02665960633738953,10.92689508846459,5.934755041783978,0.0,0.0,0,8,0,8,0.9363872970369913,1.0,1.0,18,0,18,18,0,18,0,5,0.9848580455973587,0.960990811478872,1,none,5,5,5,5,0.06385093480831086,0.9903064327444189,0.9650404342340991,0.10033608121454815,0.9846197856030346,0.9402637557807425,0.10714757434142291,0.9831044344363723,0.9357692820424454,0.04143299075263437,0.9933630987701279,0.9796095825344598,0.05677274698824432,0.9917337096094514,0.9713203405929093,0.05675651956691188,0.9916825863953299,0.9710050371446273,0.01823269080262111,0.9979496607585814,0.992925030570225,0.004360063166996391,0.9848580455973587,0.960990811478872,0.12654417521489186,0.9798316337309018,0.9187415967842897,0.06596477722072884,0.9897007443443476,0.9650804803412951
sim-0377461654e6b2d8f0c7dd960d5175a2f86ca5964f4ecc4a3f65100a1fe2f1dc,5,baseline,2.5496243937459044,0.03606391699485698,11.624447361643721,5.826686522311086,0.0,0.0,0,9,0,9,0.9076994742063861,1.0,1.0,18,0,18,18,0,18,0,5,0.9834955948120779,0.9616638538892714,1,none,5,6,6,5,0.0625544626900705,0.9902902532059067,0.9651569129179184,0.09818855282413058,0.9843569049131343,0.9410599625276544,0.10484736037657587,0.9836866982537508,0.9365183468908233,0.040735307682493956,0.9939112348508918,0.9792941276749084,0.05486921059840713,0.9912538207290049,0.9717809369732988,0.05540008994972466,0.9912537480837211,0.9711485037521249,0.015748686127832884,0.9974847662267694,0.993339668558227,0.004145587220408478,0.9834955948120779,0.9616638538892714,0.12457737631021859,0.979772769463638,0.9192338036706996,0.06591343531236606,0.9897426717595311,0.9644584109851014
sim-0377461654e6b2d8f0c7dd960d5175a2f86ca5964f4ecc4a3f65100a1fe2f1dc,6,baseline,2.539231428817376,0.02305834327427877,14.704468442172468,4.428097050471586,0.0,0.0,0,8,0,8,0.9107163976590111,1.0,1.0,16,0,16,16,0,16,0,5,0.983751787829704,0.9610670227910427,1,none,5,5,5,5,0.06243586625935967,0.9901426453071108,0.9650446524800734,0.10185107892766197,0.9835079726505189,0.938091812047152,0.10715893665584658,0.9823967998910634,0.9343893055914517,0.03962231078774617,0.9937930507138308,0.9796776463040219,0.05788337153560737,0.9906911154384118,0.9696737887477787,0.0570640431371325,0.9908829656265825,0.9698764963942377,0.018001923084285984,0.997036619818582,0.9918085719830192,0.004210504492905207,0.983751787829704,0.9610670227910427,0.13114166596092133,0.9779072463372013,0.9133672831804838,0.06653133106165846,0.9895807792648065,0.9637822513503195
sim-0377461654e6b2d8f0c7dd960d5175a2f86ca5964f4ecc4a3f65100a1fe2f1dc,7,prechallenge_demand,2.4883572884068195,0.04971674529805512,13.490640732989887,5.023713369364881,0.0,0.0,0,8,0,8,0.8825229028023444,1.0,1.0,17,0,17,17,0,17,0,5,0.9807522142557058,0.9564120355293941,1,none,5,5,5,5,0.06383805984683379,0.9857938012532934,0.9594119812360467,0.10293733397928773,0.977208569823255,0.9296830494407036,0.10943726802790119,0.9770717619449044,0.9248083142980215,0.0430814120123247,0.9905402390712987,0.9748503837713213,0.05645451292519131,0.9895940038442643,0.9672339613624151,0.05619846096402547,0.9889051139118863,0.9669971334155169,0.016976687626732902,0.9953893165974681,0.9912959897031776,0.004188012697449155,0.9807522142557058,0.9564120355293941,0.13322220606152993,0.9725702060201337,0.9016514600656925,0.06741057017304529,0.9850906101653203,0.9585136175221837
sim-0377461654e6b2d8f0c7dd960d5175a2f86ca5964f4ecc4a3f65100a1fe2f1dc,8,prechallenge_demand,2.323028035322178,0.11905697770750122,19.545061492381933,55.23251508791117,0.14285714285714285,0.25,1,7,2,8,0.9849398857219336,1.0,1.0,16,0,16,16,0,16,0,4,0.9785983079416567,0.9530918304263007,1,none,5,4,5,4,0.06650271502687155,0.9855560618057265,0.9522109682021145,0.10799670063150228,0.9775663247291297,0.9163621698073449,0.11207448573801665,0.9759678909067637,0.9129885952269534,0.044409617671884304,0.9903702141767547,0.9709401729364404,0.05549126879404393,0.9879606200126158,0.9636352639258177,0.05687324392102973,0.9875641172133238,0.9619910470118689,0.024953505417329987,0.9944615520514989,0.9849503198510332,0.00397028652734697,0.9785983079416567,0.9530918304263007,0.13137907405652627,0.9731739896859397,0.8921639376039265,0.07015336585315501,0.9854877667905716,0.9509547060017556
sim-0377461654e6b2d8f0c7dd960d5175a2f86ca5964f4ecc4a3f65100a1fe2f1dc,9,prechallenge_demand,2.4605446249163054,0.05815386143634226,14.59829584848302,28.431947121100183,0.0,0.125,0,6,1,8,0.9140384941831571,1.0,1.0,15,0,15,15,0,15,0,3,0.9816092542664684,0.9498720119349486,1,none,5,3,5,5,0.06769076606921659,0.9857133799815747,0.9496853276394679,0.10568427186255318,0.9787642248895461,0.916049884439198,0.11176332324421105,0.9767619400566522,0.9104475845107669,0.04254094109119624,0.9924773517443766,0.9715970688202381,0.05300246649130635,0.9908105316701906,0.9644710306862737,0.055985084584844566,0.9893282912852571,0.9613123185136394,0.025660367608254353,0.9940176703869431,0.984332766639159,0.004122788781921099,0.9816092542664684,0.9498720119349486,0.12895551947664471,0.9722365832547843,0.8916489194371104,0.0680727008168297,0.9860883451283989,0.951020249730138
sim-0377461654e6b2d8f0c7dd960d5175a2f86ca5964f4ecc4a3f65100a1fe2f1dc,10,prechallenge_demand,2.5178521718130042,0.06400910194393351,20.151270805063362,12.498335392413455,0.0,0.0,0,8,0,8,0.9618060224858693,1.0,1.0,18,0,18,18,0,18,0,5,0.9774605128228796,0.9520896278548864,1,none,5,5,5,5,0.06606953626881074,0.9861790492675562,0.9504697834778845,0.1013998663502038,0.9768087206389633,0.9193565744486679,0.11016930438774783,0.9756713434133143,0.9113171404164118,0.036607265571998004,0.9926735037764653,0.97568398078775,0.04793261023632705,0.9892231296776635,0.9679167306393688,0.05282013819234872,0.9887463546813681,0.9633386855670003,0.026804631707837204,0.9942801123494167,0.9833467827235327,0.0038965710782722126,0.9774605128228796,0.9520896278548864,0.1304933633119038,0.9710436926959172,0.8895580841946863,0.06551754118216507,0.9864266598497841,0.9529075036008564
sim-0377461654e6b2d8f0c7dd960d5175a2f86ca5964f4ecc4a3f65100a1fe2f1dc,11,prechallenge_demand,2.6002543165348655,0.12610958338474426,57.75798687028934,49.846789271043086,0.375,0.2222222222222222,3,8,2,9,0.8501585995336219,0.9411764705882353,0.9411764705882353,17,1,16,17,1,16,0,4,0.9774424300238572,0.946494759784313,1,none,6,4,5,5,0.06631241622887366,0.9854572177037116,0.9500513422009375,0.10881220206247122,0.9770144497638749,0.9121356574111325,0.11247575825888644,0.9776200216834058,0.9090338814804017,0.03681644282865419,0.9932941191228136,0.9752245552150077,0.05051272045821899,0.9895345246591049,0.9657898059102659,0.05281418507691951,0.9889387637216044,0.9632571897383674,0.02375148638094389,0.9968666627069515,0.9857741173417073,0.0045409002357772125,0.9774424300238572,0.946494759784313,0.13335911682501797,0.9738735602480975,0.8866978851419298,0.06644609799582588,0.9852429506367218,0.9516648393021521
sim-0377461654e6b2d8f0c7dd960d5175a2f86ca5964f4ecc4a3f65100a1fe2f1dc,12,prechallenge_demand,2.5534721262790976,0.046148967358879536,7.01469756576292,5.725551860601676,0.0,0.0,0,7,0,8,0.9733754181774008,1.0,1.0,16,0,16,16,0,16,0,4,0.9805528863944687,0.9487516574173936,1,none,5,4,5,5,0.06785608395930379,0.9858158808497782,0.9487188615437485,0.10600140696335372,0.9776155455250939,0.9145161846391907,0.10832893699107064,0.9760301426115666,0.9126619938486852,0.03469366670210569,0.9914065729673787,0.9768886474488374,0.0498102357518265,0.9893791332353123,0.9663624676359047,0.05382024096778654,0.9887300012696839,0.9624420244828193,0.020745809532321437,0.994783316479899,0.9876838410968942,0.004014868051430992,0.9805528863944687,0.9487516574173936,0.1271027833780405,0.9714303866399057,0.8925704088443273,0.06737256842971416,0.9860121190559589,0.9509363308755028
sim-0377461654e6b2d8f0c7dd960d5175a2f86ca5964f4ecc4a3f65100a1fe2f1dc,13,challenged_demand,2.5290836869990074,0.030244284814598746,11.388022778314387,4.220646754159157,0.0,0.0,0,9,0,8,0.8218959008728237,1.0,1.0,17,0,17,17,0,17,0,5,0.9457640578825268,0.6842890425685119,1,none,5,6,5,5,0.06642888570271524,0.9862307721981152,0.9500173068549541,0.10523047192579388,0.9782839688666137,0.9150986017208972,0.11049364005531617,0.9776691907367474,0.9106325379048246,0.04034270517816468,0.9912394756361678,0.9724771290443429,0.05026467591667537,0.9892983617669218,0.9658548542884817,0.052937074513278864,0.9885070044605531,0.9631250698605293,0.02602218585287953,0.9935941616081281,0.9838802558729488,0.003992408298710542,0.9457640578825268,0.6842890425685119,0.1277061122569196,0.9743642069747865,0.8916597539819929,0.0666511756845991,0.9867654135591349,0.9516272936806469
sim-0377461654e6b2d8f0c7dd960d5175a2f86ca5964f4ecc4a3f65100a1fe2f1dc,14,challenged_demand,2.5579825897737036,0.054797640649578525,17.009297305331362,8.336782389150034,0.0,0.0,0,8,0,8,0.9515507228355158,1.0,1.0,18,0,18,18,0,18,0,5,0.9791446610559744,0.8664216653458797,1,none,5,5,5,5,0.06572788200297949,0.9858301375405814,0.950605704217787,0.10008769379275216,0.9787481704099443,0.9200379505517648,0.10598672498453172,0.9775269577181879,0.9149052161175609,0.03975015953859057,0.9915513152963337,0.973035963979911,0.05117159509220327,0.9882972542063153,0.9651221980351229,0.05448749171607861,0.987837292366291,0.9619265069757424,0.027847587599446156,0.9939673263631735,0.9826130799136351,0.004030492055757703,0.9791446610559744,0.8664216653458797,0.12624616428661883,0.9723773645518012,0.8925508991773702,0.0656506079974671,0.9857329116028484,0.9526746459071728
sim-0377461654e6b2d8f0c7dd960d5175a2f86ca5964f4ecc4a3f65100a1fe2f1dc,15,challenged_demand,2.487861640780494,0.05097531149364945,14.977881399163428,27.656272468242484,0.0,0.125,0,7,1,8,0.8119475192507395,1.0,1.0,16,0,16,16,0,16,0,4,0.9768166391721275,0.9218454215070995,1,none,5,4,5,5,0.06659217178245828,0.9861985690383351,0.9498813758774609,0.10280471997788754,0.9793716484425385,0.9176026120508527,0.10643733870950185,0.9780304747949484,0.914558902833455,0.040968864166833804,0.9915239318310096,0.9719063995989103,0.05668846514203433,0.988297495515689,0.9606833666017374,0.05672073265517717,0.988551008034712,0.9602049474160801,0.02772309647624009,0.9947603442027493,0.9827368504177284,0.004328311028158228,0.9768166391721275,0.9218454215070995,0.1267498490345471,0.9746803249865045,0.892315474699704,0.06744954348269125,0.9859926635752418,0.9510468042126613
sim-0377461654e6b2d8f0c7dd960d5175a2f86ca5964f4ecc4a3f65100a1fe2f1dc,16,challenged_demand,2.3983090416795334,0.20934768697274928,56.93011529811989,43.021186879564475,0.25,0.2222222222222222,2,8,2,9,0.905707846411611,1.0,1.0,17,0,17,17,0,17,0,4,0.9796215016968649,0.9377910126319748,1,none,6,4,5,5,0.06564462336008695,0.9856573647099325,0.9506226015307084,0.10015926880363994,0.9773553195788414,0.9199147903089304,0.10791594177350089,0.975462981484196,0.9127955504936763,0.04167724803157099,0.9908061619485378,0.97137477978473,0.05431402384154066,0.988843888950894,0.96273024294613,0.055812814145529376,0.987962013720593,0.960999286983532,0.028304207252045473,0.9935234511891181,0.9820088642727026,0.00440692940208206,0.9796215016968649,0.9377910126319748,0.12494571594708284,0.9718666895391822,0.8936239767050431,0.06711000767518294,0.9852569273503698,0.951179651733997
sim-0377461654e6b2d8f0c7dd960d5175a2f86ca5964f4ecc4a3f65100a1fe2f1dc,17,challenged_demand,2.289537526539514,0.1642499992957768,38.0736912942447,29.32137815032508,0.16666666666666666,0.14285714285714285,1,6,1,7,0.729896589448894,1.0,1.0,14,0,14,14,0,14,0,4,0.9796260499319304,0.9496802417582697,1,none,4,4,5,5,0.06669944613999088,0.9857594200059332,0.9496532503252443,0.10146384599241742,0.9790386534870162,0.918885617248594,0.1082388324027176,0.9788340165863555,0.9127050397303554,0.040903623580333816,0.991180793091215,0.9719964146324763,0.051351460618253054,0.9895701790459754,0.964919918628362,0.0547922699057089,0.9889881579480839,0.9617859931336058,0.025667692432822038,0.9956598020978374,0.9841760323417952,0.0036934181112628704,0.9796260499319304,0.9496802417582697,0.12291423802858241,0.9757873181416208,0.8959200055322444,0.06722543673210546,0.9857074131092175,0.9510879111776126
sim-0377461654e6b2d8f0c7dd960d5175a2f86ca5964f4ecc4a3f65100a1fe2f1dc,18,challenged_demand,2.468108446564664,0.05637338254464002,10.919357976347595,7.212833267790931,0.0,0.0,0,8,0,8,0.9862406732777366,1.0,1.0,16,0,16,16,0,16,0,5,0.9771096174683286,0.9443758159553289,1,none,5,5,5,5,0.06636677407856634,0.9867337310554003,0.9501205471502604,0.10445590654029507,0.9776218599137053,0.916012037098267,0.10751871899256671,0.9765269710653385,0.9134810507171083,0.04109076380060675,0.9916589868608245,0.972010561749806,0.05252524343020952,0.9890217307383469,0.9642924364680512,0.054573881743265454,0.9886435953318811,0.9620766427475879,0.024581411357020962,0.995458852714281,0.9851497269834723,0.004750459854349139,0.9771096174683286,0.9443758159553289,0.12499072765061933,0.9716728345374575,0.8946905723935056,0.0687600702121928,0.9862604684062398,0.9498915721345276
sim-0377461654e6b2d8f0c7dd960d5175a2f86ca5964f4ecc4a3f65100a1fe2f1dc,19,postdemand_recovery,2.551944485071595,0.02567784349031277,14.156486848414698,4.206300564979578,0.0,0.0,0,8,0,8,0.8876202023030878,1.0,1.0,17,0,17,17,0,17,0,5,0.9831349843984373,0.9518843874011672,1,none,5,5,5,5,0.06371191021691894,0.9899177530250479,0.9565679758788233,0.10385636832236128,0.9830485497762502,0.924422692989135,0.108730054643946,0.9821630020560536,0.9206723204296334,0.04251951975173874,0.9934530050142477,0.9737620402227699,0.05465808669434014,0.9905491043862494,0.9665450217465767,0.055509270030131785,0.9908020460664705,0.9653254689863152,0.01848427041907005,0.9981830830856621,0.9900176973019422,0.004276056162659133,0.9831349843984373,0.9518843874011672,0.12977264351234571,0.9783584381279785,0.8995586885455445,0.0662001943771036,0.989642776473154,0.9568031590879721
sim-0377461654e6b2d8f0c7dd960d5175a2f86ca5964f4ecc4a3f65100a1fe2f1dc,20,postdemand_recovery,2.5600911487529587,0.016333678027651573,14.837269375643421,4.9569154831497295,0.0,0.0,0,8,0,8,0.9283086291662005,1.0,1.0,18,0,18,18,0,18,0,5,0.9829784101907716,0.9558692147893946,1,none,5,5,5,5,0.06267970180454618,0.9902183287724502,0.962354751022253,0.10595040166605012,0.9828446324470876,0.9311181161902659,0.11128341761142552,0.9820157792400861,0.9273180018906879,0.041273472382561065,0.9938885588967578,0.9773444007607627,0.05687206672428377,0.9908871083780677,0.9686635139749319,0.05604746701672787,0.9911582019911691,0.9687210968154575,0.01662986897888517,0.9975570895476403,0.9919615377012481,0.004530810567176185,0.9829784101907716,0.9558692147893946,0.13314676924820446,0.978558634144911,0.9074653974003022,0.06531470699226175,0.98978975884541,0.9622748185502145
sim-0377461654e6b2d8f0c7dd960d5175a2f86ca5964f4ecc4a3f65100a1fe2f1dc,21,postdemand_recovery,2.548632757554607,0.021980035290293444,12.734521864252788,6.513176177057289,0.0,0.0,0,8,0,8,0.9404304823746977,1.0,1.0,18,0,18,18,0,18,0,5,0.9823042088491195,0.9573754253533068,1,none,5,5,5,5,0.062306219542496794,0.9902812505252452,0.964234326924671,0.10782409986388336,0.9829913868413079,0.9321771304160861,0.11195001031895006,0.9827167828625922,0.9293684828363007,0.0401459447902745,0.9938467605712741,0.9788569132662601,0.05922939068489236,0.9904142360130831,0.9681923743908695,0.05777521157589875,0.9908372966136314,0.9687834495239522,0.01682043899656418,0.9973437636812359,0.9921088563324658,0.004551375264957281,0.9823042088491195,0.9573754253533068,0.13526329875844062,0.9785212602074701,0.9084724250260205,0.06604650442658254,0.9897286734497331,0.963298983602778
sim-0377461654e6b2d8f0c7dd960d5175a2f86ca5964f4ecc4a3f65100a1fe2f1dc,22,postdemand_recovery,2.5564977865853598,0.023255072134658376,21.82687412721314,9.483278578561226,0.0,0.0,0,8,0,8,0.9325367275155066,1.0,1.0,18,0,18,18,0,18,0,5,0.98166809210309,0.956095544621819,1,none,5,5,5,6,0.0626051753415375,0.9902383207218991,0.9645128018230239,0.10800415003451565,0.9833489082516078,0.9327653764847386,0.11224525650935482,0.9823226453251748,0.9299525222616505,0.03859508105175947,0.9943679199569606,0.9800528988510498,0.05968157078330649,0.9911374040831152,0.9682604136911176,0.0581137335264609,0.9911327081556075,0.9689251196917062,0.018029692261175383,0.9968843324158166,0.9915519283255172,0.004845140214748545,0.98166809210309,0.956095544621819,0.13757845017489287,0.9777181772879641,0.907455001881265,0.06582453625474025,0.9899425687977909,0.963914924427122
sim-0377461654e6b2d8f0c7dd960d5175a2f86ca5964f4ecc4a3f65100a1fe2f1dc,23,postdemand_recovery,2.552942208121357,0.020072465316653347,15.637741318016717,4.017904947213593,0.0,0.0,0,9,0,9,0.9321882699759888,1.0,1.0,18,0,18,18,0,18,0,5,0.9817500062056366,0.9555126143289763,1,none,6,5,5,5,0.06242598349809587,0.990108247898143,0.9647434623986251,0.10568973559162037,0.9836212929515332,0.9348320967644926,0.11149288981079804,0.9825393113110062,0.9307723347257997,0.03949939023697193,0.9928634794107518,0.9794829646780283,0.058917699826799494,0.9906876987954691,0.9687925007326414,0.05753881299165573,0.9909906802192472,0.9693697151895675,0.016906462783965116,0.9978054630998461,0.9922250122540616,0.004798225486218089,0.9817500062056366,0.9555126143289763,0.1377335723237121,0.9787537854009675,0.9076193332614712,0.06487487498065936,0.989707540050012,0.9647074369438416
sim-0377461654e6b2d8f0c7dd960d5175a2f86ca5964f4ecc4a3f65100a1fe2f1dc,24,postdemand_recovery,2.5458095375541427,0.017965740154535434,14.69689426852749,4.329150465088649,0.0,0.0,0,8,0,8,0.9684818252542838,1.0,1.0,18,0,18,18,0,18,0,5,0.9829732704769806,0.9567973137184939,1,none,5,5,5,5,0.06185655908404651,0.9903469631682725,0.9651562650968161,0.10156961986058402,0.9843729338116077,0.9380304684441522,0.10961819858853777,0.9829907911297653,0.9323443355017172,0.042495896829392296,0.9935939747938903,0.9779022515500138,0.05945178982047199,0.990586289678831,0.9684699067652593,0.057415991059995036,0.9909010930327413,0.9694396070818343,0.016932359406068524,0.9969694205273304,0.9920601564152944,0.004624171801268174,0.9829732704769806,0.9567973137184939,0.1340174120413101,0.9787450847004584,0.9105614861907414,0.0647710858977173,0.9898513271351176,0.9648338544369892
sim-ee693402740c59b845392052261f3748050abd950856f51d4dc25725cf4d968a,1,baseline,1.9727358595750726,0.48432326232169126,152.12385707338075,115.47168444210142,0.8333333333333334,0.7142857142857143,5,6,5,7,0.7319248397646633,0.6666666666666667,0.6666666666666667,15,5,10,15,5,10,0,4,1.0,1.0,1,none,4,4,5,5,0.07986202578324879,0.9881335656517283,0.9807760424240398,0.0706580258001664,0.9897615672088901,0.9875007417498666,0.06629152746446243,0.9913344477637331,0.9906517522113566,0.06425661416338341,0.9954113222396889,0.9920644869555669,0.06588458411794483,0.9939118430097803,0.990994434937796,0.06852336796620222,0.992874176037009,0.9891204006060016,0.05905997660765411,0.9978188789191208,0.9956592922483483,0.08931534622488914,0.9841835098735298,0.9742719786219123,0.02822904390466251,0.9911706305359823,0.9934425248783543,0.07180959493472466,0.9920372127271387,0.9868712031760013
sim-ee693402740c59b845392052261f3748050abd950856f51d4dc25725cf4d968a,2,baseline,2.5881210581012555,0.018130428767295783,9.682910497037396,5.548269223560798,0.0,0.0,0,9,0,9,0.9620742800178996,1.0,1.0,19,0,19,19,0,19,0,5,1.0,1.0,1,none,6,5,5,5,0.0708068539794659,0.9898640715644572,0.9686083159491002,0.08458946250501756,0.9829408932323322,0.9597339520622836,0.08500640313065205,0.9817973057294567,0.9597439151425883,0.04569084123268548,0.993722090124164,0.9855800757541451,0.056635272491632804,0.9905605175891953,0.9790817993560559,0.05857477651502143,0.9906316223062105,0.9776718047137861,0.029410146303998984,0.9983131747361269,0.995462330799275,0.09384580849833998,0.9853226252626762,0.9533351685481777,0.007079402046704284,0.9757037825797035,0.9640660981497535,0.06277795336068785,0.9891102142990691,0.9749466868318784
sim-ee693402740c59b845392052261f3748050abd950856f51d4dc25725cf4d968a,3,baseline,2.5453126681623517,0.021433383898714038,15.122599656347555,6.372661538417673,0.0,0.0,0,8,0,8,0.9380519201912226,1.0,1.0,18,0,18,18,0,18,0,5,1.0,1.0,1,none,5,5,5,5,0.06610061643484305,0.9903469179061515,0.965620861361758,0.09742625355646126,0.9839187073895634,0.9446994529843751,0.10052816005961068,0.9830982614461038,0.9429387872691377,0.040701957358154864,0.993954786033307,0.9823298637805676,0.057341612877997716,0.9909180839167497,0.9728767938713758,0.05759148571671055,0.9912247321955825,0.9724388838782926,0.018359611861109893,0.997927504086782,0.9950805340038195,0.08801335868923905,0.9848106931614569,0.9514498929354055,0.0061011607893701626,0.978329798851619,0.9501791408838582,0.06568786747092813,0.9897518821182585,0.9672650401351572
sim-ee693402740c59b845392052261f3748050abd950856f51d4dc25725cf4d968a,4,baseline,2.5454552125405416,0.025284027919474532,11.159674371593383,6.483145467527976,0.0,0.0,0,8,0,8,0.923822649433806,1.0,1.0,18,0,18,18,0,18,0,5,1.0,1.0,1,none,5,5,5,5,0.06393691973799454,0.9902924536600165,0.9649823779493717,0.09961861501043981,0.9846877603710766,0.9407510089505849,0.10571676463656476,0.983418605498064,0.9366892805470975,0.04151756841415263,0.9933056632490337,0.9795537444570395,0.05635156979425136,0.9918202964800467,0.9715912687585917,0.05644446770948633,0.991603892006292,0.9711736705847058,0.017095467842630815,0.9978361941256666,0.9934423078259215,0.0974546879894314,0.985261379578134,0.9424830589824136,0.005909475829326048,0.9786734533634094,0.9475814514815024,0.0659018167499701,0.9897328324725998,0.9650931456961125
sim-ee693402740c59b845392052261f3748050abd950856f51d4dc25725cf4d968a,5,baseline,2.5641613753053853,0.030294374965882807,17.399211770005067,7.820859096786908,0.0,0.0,0,9,0,9,0.9381073857216712,1.0,1.0,18,0,18,18,0,18,0,5,1.0,1.0,1,none,5,6,6,5,0.0626057566880034,0.9903274076657729,0.9651121714838609,0.09817682071445545,0.9843139871469024,0.9409931960772485,0.10267879839270551,0.9840758513720708,0.9379572724593015,0.04087772264388678,0.9938977974136275,0.979217803522427,0.0553481172727971,0.9909489346294754,0.9714568544154697,0.055907057392338,0.9911330918803799,0.9708157067046098,0.014988822664983189,0.9975987005761625,0.9936986810172627,0.09564357922448277,0.9838251682199431,0.942795256250898,0.0054993301639567225,0.9785368820434684,0.9491952716069241,0.06546778346719646,0.9900461031487489,0.9647496331691029
sim-ee693402740c59b845392052261f3748050abd950856f51d4dc25725cf4d968a,6,baseline,2.53185101477317,0.02500374638521866,12.767885785901885,2.6516679446168827,0.0,0.0,0,8,0,8,0.911509626407126,1.0,1.0,16,0,16,16,0,16,0,5,1.0,1.0,1,none,5,5,5,5,0.06253743024257234,0.990077682025077,0.964934340671388,0.10130170094301616,0.9836060016892362,0.9384587863859318,0.10701722244747447,0.9818869266196458,0.9344941589458122,0.03946937538956449,0.993875906700908,0.9797803507084388,0.058294632694234336,0.9907253764305549,0.9694060528710713,0.05749517807116595,0.9908938273334854,0.9696137256493882,0.016999312778098977,0.9972451194289288,0.9922843621678337,0.09738335927112704,0.9850945410755559,0.9415407450876939,0.0062520094839171245,0.9759725090765774,0.9449226644291582,0.06529406525571878,0.9897329393531399,0.9646153550445923
sim-ee693402740c59b845392052261f3748050abd950856f51d4dc25725cf4d968a,7,prechallenge_demand,2.493902898428634,0.05024922757111261,13.200107796308394,4.281315413992762,0.0,0.0,0,8,0,8,0.8932713242165607,1.0,1.0,17,0,17,17,0,17,0,5,1.0,1.0,1,none,5,5,5,5,0.06394189521582452,0.9857139994012937,0.9592863579097045,0.1032973853583808,0.9767746271106056,0.9291382732362501,0.11021412382094668,0.97663679966808,0.9240978604205959,0.042319687559568636,0.9908756826239896,0.9753874853545417,0.05668338556470247,0.98985777803785,0.9671191469503997,0.05644257732985489,0.9890146623646349,0.9668425367846603,0.016414939395392097,0.9947493298793563,0.991430902974872,0.0944473443559581,0.9825205099227674,0.9381736172708423,0.006156189510853041,0.9704884146171056,0.9377893458925266,0.06663385525386216,0.9849425056229208,0.9590457808467016
sim-ee693402740c59b845392052261f3748050abd950856f51d4dc25725cf4d968a,8,prechallenge_demand,2.322811755196283,0.11792226117177664,33.23106488893391,34.94331922770222,0.14285714285714285,0.125,1,7,1,8,0.9825181034205012,1.0,1.0,16,0,16,16,0,16,0,4,1.0,1.0,1,none,5,4,5,5,0.06665226480432582,0.985546218867089,0.9520582808609032,0.10865312943715719,0.97752957021529,0.9156035555919259,0.1128025788360639,0.976039481763811,0.9122848791155229,0.043801258078475416,0.9904035902859096,0.9713522047324922,0.05418999087899567,0.9881479651400475,0.9647174256143163,0.05612036048338564,0.987652648195849,0.9626158793640768,0.027238890638569865,0.9940375378040377,0.9831871221330655,0.08991419569637679,0.9798991556495582,0.9344167591883508,0.006090491343418747,0.9702038495530931,0.9304600326332556,0.07020085983170356,0.98553358239919,0.9508430434610575
sim-ee693402740c59b845392052261f3748050abd950856f51d4dc25725cf4d968a,9,prechallenge_demand,2.336250990850358,0.14757998200239006,30.180535056068834,27.91214225821846,0.14285714285714285,0.125,1,7,1,8,0.7882201162043705,1.0,1.0,17,0,17,17,0,17,0,4,1.0,1.0,1,none,5,4,5,5,0.06690764187571657,0.9859534287913905,0.9502996704751688,0.10292603707384339,0.979843995794089,0.9189259740627558,0.10922143079383816,0.978427692060046,0.9130479856090741,0.039541873440366304,0.9935505053374036,0.9740769310445633,0.05332532572406994,0.9900478580544115,0.9641299358752718,0.05577479593229875,0.9890883489789444,0.9615080185993345,0.02437618998357292,0.9952577896793586,0.9853080822262036,0.09353244878483577,0.9821909881867249,0.9286806421313712,0.00544624938153353,0.975117457356763,0.9326441656307979,0.06476564312420435,0.9879050777889139,0.9539739218331617
sim-ee693402740c59b845392052261f3748050abd950856f51d4dc25725cf4d968a,10,prechallenge_demand,2.5657959882440715,0.057171274699321165,19.33120111179246,8.460276167972033,0.125,0.0,1,8,0,8,0.9189251969188802,0.9444444444444444,1.0,18,1,17,18,0,18,0,5,1.0,1.0,1,none,5,5,5,5,0.06580167802952053,0.986332333206935,0.9506648675656024,0.0993598712373254,0.9772339082250326,0.9216374936920729,0.10613697737012455,0.9762115528433484,0.9153146052264766,0.03707462362984982,0.9918552139920201,0.9753038395256862,0.04786938432910382,0.9899635380471643,0.9680825059725414,0.052111107154953915,0.9891623609297561,0.9641012079480396,0.022332371143632804,0.9964166060147854,0.9866199987507143,0.08578301133338732,0.9813363893705419,0.9350480482915781,0.005450388504785976,0.969127130650662,0.9346795166026236,0.060802632367112565,0.9874592445761429,0.9568571208167573
sim-ee693402740c59b845392052261f3748050abd950856f51d4dc25725cf4d968a,11,prechallenge_demand,2.3468362800022615,0.15026061464004578,44.45266687684254,33.38806148712203,0.14285714285714285,0.125,1,7,1,8,0.8929200715396268,1.0,1.0,17,0,17,17,0,17,0,4,1.0,1.0,1,none,5,4,5,5,0.06572531919401431,0.986133661709031,0.9505426591521827,0.10573237388032723,0.9774404661917758,0.915285508044499,0.11117904569962804,0.9760697411320882,0.9102944714371627,0.038580009512196686,0.9918500399448561,0.9739321313231627,0.04907305562403026,0.9897178083199616,0.9668575928551079,0.053229059856840746,0.9886530447479981,0.9630468719961045,0.020838505696967786,0.9951406901899944,0.9872968751864999,0.0957697526021484,0.978779781446203,0.9254457358366767,0.006315927089449047,0.9683422693980979,0.9272489528946628,0.06273325244505536,0.9863629238275731,0.9548758195703394
sim-ee693402740c59b845392052261f3748050abd950856f51d4dc25725cf4d968a,12,prechallenge_demand,2.500490174668483,0.036532866258340395,12.824821317255932,9.090247172900936,0.0,0.0,0,8,0,8,0.9612707604025488,1.0,1.0,18,0,18,18,0,18,0,5,1.0,1.0,1,none,5,5,5,5,0.06512171483484473,0.9860027241253515,0.9511069948207508,0.10583463706859444,0.977220097555775,0.9151388017786598,0.1103247771878478,0.9768797190723438,0.9111334507274951,0.037063137542665006,0.9925521973057984,0.9750227037823774,0.05107218029533901,0.9888052791444502,0.9653486781634665,0.054926212946138066,0.987888166887966,0.9618265771049246,0.026417038431724438,0.9925982087668845,0.9834940402418584,0.09176922292822293,0.9805960930377651,0.9292663803959533,0.005874297544754556,0.9712558159736884,0.9284645542075718,0.06401296336747485,0.9857921210359761,0.9538597270323973
sim-ee693402740c59b845392052261f3748050abd950856f51d4dc25725cf4d968a,13,challenged_demand,2.6212612458345235,0.01488016413308229,3.317550859786578,6.254738324824276,0.0,0.0,0,8,0,8,0.9253615574728591,1.0,1.0,18,0,18,18,0,18,0,5,1.0,1.0,1,none,5,5,5,5,0.06556743761122191,0.9865170977123505,0.9507054728741443,0.10541147058777028,0.9784858266713238,0.9152186632796323,0.11070827395508358,0.9768993466872584,0.9103338043326852,0.036930669693986146,0.9928879998359789,0.9751843887026526,0.05270323766434476,0.9880106869454007,0.9638183325817797,0.05636751124571312,0.9879156039469442,0.9605105346297609,0.028267785574292326,0.9946765861918941,0.9825956356246986,0.09033060157625812,0.9827855505992155,0.9303944261136807,0.005881316047136918,0.9710290053799384,0.929457868925039,0.06494231868485642,0.986221187450455,0.9531083172654264
sim-ee693402740c59b845392052261f3748050abd950856f51d4dc25725cf4d968a,14,challenged_demand,2.5418468725255963,0.03990697603025885,8.256716794055405,4.730863357805113,0.0,0.0,0,9,0,9,0.861241590113029,1.0,1.0,18,0,18,18,0,18,0,5,1.0,1.0,1,none,6,5,5,6,0.06503272005507035,0.9863073908430083,0.9511913358488491,0.10618923546546907,0.9772071994078148,0.9144480028533823,0.1096696007974703,0.9767843034859047,0.9112550841484744,0.03673200542481581,0.991086568775207,0.975166293091703,0.05755270729795439,0.9874761358271629,0.9597194347230068,0.05788810937654775,0.9879541165772828,0.9591663708997816,0.02904286677380786,0.9944523405382277,0.9820626995237527,0.08914597185897412,0.9813917072136265,0.9314105687861598,0.00586240514146735,0.9711006899689227,0.9294693526772819,0.06766455817686401,0.9860440508150456,0.9507377004310961
sim-ee693402740c59b845392052261f3748050abd950856f51d4dc25725cf4d968a,15,challenged_demand,2.5328848115569897,0.02246240937515313,12.837025181915564,6.3305314156062344,0.0,0.0,0,8,0,8,0.9098186582563199,1.0,1.0,16,0,16,16,0,16,0,5,1.0,1.0,1,none,5,5,5,5,0.06401233149448274,0.9863552639277647,0.9520399690637744,0.10220341348707669,0.9796380879859335,0.9181080328243281,0.1067048143362439,0.9778898095143366,0.9141434976934397,0.03949556452727873,0.9918871407313027,0.972949644093947,0.05289041616497743,0.9902414647613845,0.9637000408874834,0.055127645203556196,0.9888177851832535,0.9613614732476238,0.024375928420533568,0.9959517359355398,0.9854602515631075,0.08765676894972443,0.9794176217867492,0.9322949499330976,0.005412488124311712,0.9727688449189247,0.9331929077883582,0.06631766151580479,0.9855807436707547,0.9519988372462035
sim-ee693402740c59b845392052261f3748050abd950856f51d4dc25725cf4d968a,16,challenged_demand,2.468577245441362,0.06395222741713318,13.136951618559507,9.081114284740192,0.0,0.0,0,8,0,8,0.9872210226150688,1.0,1.0,16,0,16,16,0,16,0,5,1.0,1.0,1,none,5,5,5,5,0.06499297253696752,0.9859881948514301,0.9512216784063457,0.10144063969714799,0.9780927717318594,0.9187101382455569,0.10965629762335385,0.9762369916313851,0.9114827604413144,0.04123819813907755,0.9913628990010575,0.9717245802592778,0.05041887118548831,0.9892373282536415,0.9657072964513098,0.0527974317886713,0.9894463298401067,0.963350543543735,0.02637544058569576,0.993457321131156,0.983876539007095,0.09341679043447959,0.9814296618298024,0.9272226552793665,0.005938094466721699,0.9691865940522701,0.9302776897978167,0.06737605139939777,0.9859432100573906,0.9510766566139774
sim-ee693402740c59b845392052261f3748050abd950856f51d4dc25725cf4d968a,17,challenged_demand,2.5445300097575347,0.02438377081830056,12.607600551455644,5.8325471676755685,0.0,0.0,0,8,0,8,0.9397178847231148,1.0,1.0,17,0,17,17,0,17,0,5,1.0,1.0,1,none,5,5,5,5,0.06550991021422331,0.9859258856173226,0.950714776419182,0.1039905867718334,0.976421764074194,0.9159742524508672,0.1116384529275085,0.9750993676377666,0.9095249570817634,0.03699451564933276,0.9927828960714306,0.9752618668597189,0.05025062059093081,0.9902102669689589,0.9659568111106732,0.05325569003515957,0.9881922448514652,0.9629255300493336,0.024307556672216228,0.9959279824885252,0.9855133081904418,0.09041992738686928,0.981667160030741,0.9301816305305877,0.006162148276116817,0.9687172576928942,0.9274254216501958,0.06595982321729447,0.9860365116520552,0.9522621344175507
sim-ee693402740c59b845392052261f3748050abd950856f51d4dc25725cf4d968a,18,challenged_demand,2.500620283308232,0.07408603846812882,13.351280915142873,10.595989098558164,0.0,0.0,0,8,0,8,0.8543016581458514,1.0,1.0,17,0,17,17,0,17,0,5,1.0,1.0,1,none,5,5,5,5,0.06508693062305981,0.9863597702141332,0.9511151025463751,0.10656096207799394,0.9781434756239202,0.9137482481472252,0.11457378414154852,0.9760652037935806,0.9068035239989322,0.039483635441007435,0.9906478178838181,0.9731293461187779,0.05160561981178498,0.9877810559990075,0.9645331853373925,0.05466424614454632,0.988235783796301,0.9617826710245225,0.019405280792829903,0.9969019946098513,0.9887789455728417,0.08712343971199846,0.9809689586373221,0.9332453027503138,0.00653593277773205,0.9682922250964004,0.9235620606590907,0.06750753451086829,0.9852507501932005,0.9508435919607962
sim-ee693402740c59b845392052261f3748050abd950856f51d4dc25725cf4d968a,19,postdemand_recovery,2.560626441415922,0.030527295488312144,14.320190812720307,4.96563995195358,0.0,0.0,0,8,0,8,0.9386679008353777,1.0,1.0,18,0,18,18,0,18,0,5,1.0,1.0,1,none,5,5,5,5,0.06422556261948448,0.9898772964148713,0.9561587972552913,0.1030970931340029,0.9830077363708981,0.9246619735352424,0.11166712777991207,0.9817474600086026,0.9171808205576052,0.04085783648195022,0.9935212484697494,0.9743848096365538,0.05475109206229895,0.991184516151279,0.9655754323623825,0.055324349745242266,0.9910932023657967,0.9646245473153929,0.01873245504724087,0.9971527872508884,0.9901088564471333,0.08729678069672882,0.986155251456137,0.9389124081305203,0.0059410293670477485,0.9761396617860257,0.9333901696520277,0.0668312546551759,0.9897739549762768,0.9557830976364753
sim-ee693402740c59b845392052261f3748050abd950856f51d4dc25725cf4d968a,20,postdemand_recovery,2.5573213406220336,0.027716362865353845,3.7789675734038313,6.223306130580361,0.0,0.0,0,8,0,8,0.933366767926914,1.0,1.0,18,0,18,18,0,18,0,5,1.0,1.0,1,none,5,5,5,5,0.06327019586486446,0.9902684958014261,0.9619239661481659,0.10461072300721354,0.9839708559218255,0.9323547473166471,0.11188981441504454,0.9827995425574824,0.9265176438214452,0.041637591943191256,0.9930207988548664,0.9769375841708586,0.05582699225573191,0.9908902592753002,0.9688468473662786,0.05666640314663552,0.9908995709579437,0.9679877800025222,0.016237297430316395,0.9974273488193637,0.9922534308380065,0.08793004276724392,0.9859186720687696,0.9457148373531026,0.005952099384710563,0.9788516047279986,0.9414130294671115,0.06509300822081417,0.9899459775335683,0.9622267988918509
sim-ee693402740c59b845392052261f3748050abd950856f51d4dc25725cf4d968a,21,postdemand_recovery,2.5608424856099132,0.02491961453557263,15.049150586154077,4.914955680115201,0.0,0.0,0,8,0,9,0.9052996436518255,1.0,1.0,18,0,18,18,0,18,0,5,1.0,1.0,1,none,5,5,6,5,0.06292850072873024,0.9902682766744977,0.9637945662460314,0.10489429018265264,0.9827968257634342,0.9345778568588796,0.11132112363192112,0.9826647994899756,0.9296801710661764,0.04297884578333669,0.9939180240052427,0.9772767713640556,0.0574545664987987,0.9908931993683212,0.9691780580006218,0.057078384399362775,0.9911459444086187,0.9691238147464966,0.019198991380362414,0.9972308740287442,0.9908557798860569,0.08872833795111727,0.9862307418581306,0.9472269286232989,0.005931262187313197,0.9775322486052763,0.9445446400340722,0.0652099778067316,0.9899305128821659,0.963850895997117
sim-ee693402740c59b845392052261f3748050abd950856f51d4dc25725cf4d968a,22,postdemand_recovery,2.5648716750130536,0.014577637627290706,20.16657096873739,5.499208188139519,0.0,0.0,0,9,0,8,0.9345388793515943,1.0,1.0,17,0,17,17,0,17,0,5,1.0,1.0,1,none,5,6,5,5,0.06222749519030795,0.9901207644916665,0.9647493090790533,0.10480072582818804,0.9837189685508425,0.9352793203728018,0.1103828568070726,0.9826594932303668,0.9312013933346703,0.039645389121328235,0.9939696877191058,0.9795094053743353,0.05858668115814508,0.9907508732350376,0.9688912331832158,0.05771634969518626,0.9907582781377291,0.9691626302547177,0.018892500139214147,0.9966765515193224,0.9911047730915465,0.09591801570561682,0.983125994859626,0.9429713628207669,0.00597923683352901,0.9780696356836034,0.9451669519910768,0.06493887950780995,0.9896320529401443,0.964542896723838
sim-ee693402740c59b845392052261f3748050abd950856f51d4dc25725cf4d968a,23,postdemand_recovery,2.5877510503043255,0.02342216271749206,23.682102771621118,5.464440209111797,0.0,0.0,0,8,0,8,0.9104224258393372,1.0,1.0,18,0,18,18,0,18,0,5,1.0,1.0,1,none,5,5,5,5,0.06235062500615268,0.9901479527265672,0.9647677830830209,0.10487968471439356,0.9829386789352554,0.9353081296528114,0.11018759700408173,0.9824714864356587,0.931612306140163,0.03827567026092241,0.9941459300944534,0.9803197526794909,0.05925044958761883,0.9907143001322816,0.9686084125374724,0.058100636494914995,0.9909525808708266,0.9690505426571548,0.018515305672970425,0.9970438643766342,0.9914368474448755,0.1022536030548467,0.9823395160953633,0.9377665779987313,0.006008269824557543,0.976917980366516,0.9452339193312957,0.06522951839174343,0.9896899092850998,0.9644890484142008
sim-ee693402740c59b845392052261f3748050abd950856f51d4dc25725cf4d968a,24,postdemand_recovery,2.5783091390581454,0.032605009496642946,14.02705861409002,9.04012350339387,0.0,0.0,0,8,0,8,0.9717553714349145,1.0,1.0,18,0,18,18,0,18,0,5,1.0,1.0,1,none,5,5,5,5,0.06316416503168479,0.9901744608648252,0.9642859502707786,0.10420406357670552,0.9845600192243781,0.9360106879697455,0.10845140539007596,0.9834292871020788,0.9331424178512218,0.036653725816609264,0.994728952304382,0.9813661973929049,0.05677213142515545,0.9918435053030382,0.9702343672807292,0.05682900758851623,0.9915208622195311,0.9698635284155053,0.018245582854362986,0.9981620403070944,0.9917480855355857,0.10268954496401443,0.9861841520502908,0.9369596647973759,0.005753951128171215,0.9791538062511654,0.9464935054979451,0.06427929070222009,0.9903094295696168,0.9651992200299503
sim-05ff75c2492621a186ec4cbea935d350021b7ba9dbe346af706dc96264b60e11,1,baseline,1.9727358595750726,0.48432326232169126,152.12385707338075,115.47168444210142,0.8333333333333334,0.7142857142857143,5,6,5,7,0.731921941612625,0.6666666666666667,0.6666666666666667,15,5,10,15,5,10,0,4,0.9914380644498232,0.9921390163547603,1,none,4,4,5,5,0.07986202576964903,0.9881335656516418,0.9807760424241676,0.07065802558912443,0.9897615672073965,0.9875007417531999,0.06629152285597396,0.9913344335419694,0.9906517537124215,0.064256614154294,0.995411322239629,0.9920644869556792,0.06588459105560164,0.9939118628539726,0.9909944321056888,0.06852336795266871,0.9928741760368772,0.9891204006061687,0.059059976584761385,0.9978188789189714,0.9956592922486114,0.08931534600659867,0.9841835098723775,0.974271978624673,0.06416022954229846,0.9914380644498232,0.9921390163547603,0.0718095949307981,0.992037212727049,0.9868712031760484
sim-05ff75c2492621a186ec4cbea935d350021b7ba9dbe346af706dc96264b60e11,2,baseline,2.5881210581012555,0.018130428767295783,9.682910497037396,5.548269223560798,0.0,0.0,0,9,0,9,0.9620296188214035,1.0,1.0,19,0,19,19,0,19,0,5,0.9770278146749224,0.9511895350470506,1,none,6,5,5,5,0.07080686136362394,0.9898636176023672,0.9686083176146506,0.08458950510744302,0.9829408612524235,0.9597339555485844,0.08500633979743481,0.9817970680743092,0.9597439320868604,0.04569093935352966,0.9937221755535466,0.9855800632463286,0.05663532479201014,0.9905605249529351,0.9790817976044728,0.05857481732086576,0.9906316140735594,0.9776718043844729,0.02941014777669438,0.9983131747393205,0.9954623307917764,0.09384580361231672,0.985322604348999,0.9533351703930586,0.09658495923189077,0.9770278146749224,0.9511895350470506,0.06277795092951187,0.989110141825506,0.9749466971621964
sim-05ff75c2492621a186ec4cbea935d350021b7ba9dbe346af706dc96264b60e11,3,baseline,2.5453126681623517,0.021433383898714038,15.122599656347555,6.372661538417673,0.0,0.0,0,8,0,8,0.9379739475244312,1.0,1.0,18,0,18,18,0,18,0,5,0.9798674571351514,0.9263629509000045,1,none,5,5,5,5,0.06610058538007377,0.990347203391529,0.9656208725830752,0.09742636119819623,0.9839191076915471,0.9446994471829389,0.10052803935911499,0.9830984697486902,0.9429388014584734,0.040702116563376384,0.9939547909323713,0.9823298526415586,0.05734163977424605,0.9909187022433129,0.9728768123998587,0.05759154305504188,0.9912246219715511,0.9724388843182898,0.018359674327228077,0.9979276303607945,0.9950805191380538,0.08801308533693654,0.9848103486303582,0.9514499539301853,0.12096159880059729,0.9798674571351514,0.9263629509000045,0.06568783308752663,0.9897517609842209,0.9672650453126679
sim-05ff75c2492621a186ec4cbea935d350021b7ba9dbe346af706dc96264b60e11,4,baseline,2.5458550299039704,0.026594704073968717,10.815033349049312,6.662125505631514,0.0,0.0,0,8,0,8,0.9260276638117715,1.0,1.0,18,0,18,18,0,18,0,5,0.9804615259532027,0.9194753677689278,1,none,5,5,5,5,0.06393757077934177,0.9902921260182231,0.9649819405620703,0.09961969754974123,0.9846879064944442,0.9407501302766158,0.10569568318673267,0.9834635788940115,0.936709201328089,0.04151818696402587,0.9933075316322774,0.979553477517256,0.056351963795028735,0.9918200106702226,0.9715909777521549,0.05644497045734279,0.9916037215126474,0.9711734128442702,0.017095422003189722,0.9978325115213946,0.9934422723982982,0.0974557432769872,0.9852583285370567,0.9424823663499123,0.12517913771642178,0.9804615259532027,0.9194753677689278,0.06590269436841237,0.989732854151438,0.9650926078794372
sim-05ff75c2492621a186ec4cbea935d350021b7ba9dbe346af706dc96264b60e11,5,baseline,2.563176696901352,0.029364816953115578,17.504500892340857,7.761195491774164,0.0,0.0,0,9,0,9,0.9385456523001656,1.0,1.0,18,0,18,18,0,18,0,5,0.980072504275048,0.9211181059956995,1,none,5,6,6,5,0.06260493925474357,0.9903293044140024,0.9651126881320617,0.09817631325138716,0.9843115563017802,0.9409937634224272,0.10253339196574461,0.9840789634810924,0.938069868537296,0.040877621776411355,0.9939010241872922,0.9792180394514404,0.05534746892346098,0.9909505988908046,0.971457175071564,0.055906682356808075,0.9911329573884073,0.9708159420971167,0.014988644058466054,0.9975991745050347,0.9936987821933415,0.09564279009246542,0.9838226851047722,0.9427958654139017,0.1214533872617275,0.980072504275048,0.9211181059956995,0.06546733885013432,0.9900450731891742,0.9647500550845978
sim-05ff75c2492621a186ec4cbea935d350021b7ba9dbe346af706dc96264b60e11,6,baseline,2.533468887025187,0.02718383945166539,13.176594005118229,3.043318303382221,0.0,0.0,0,8,0,8,0.9115935908578698,1.0,1.0,16,0,16,16,0,16,0,5,0.9778928980778675,0.9139248119050332,1,none,5,5,5,5,0.0625434411842788,0.9900672509993261,0.9649295238969714,0.10131334178799793,0.9835915183080564,0.9384487735156554,0.10691178185392608,0.9819444332463015,0.934582193318161,0.03939475900935673,0.9939311753367319,0.979824496453864,0.05830416695202454,0.9907136197047669,0.9693994152215273,0.05750426193156801,0.9908818913535592,0.9696075904765766,0.016935249549894713,0.997323136174108,0.9923319970783441,0.09746322282864608,0.9850245115537807,0.9414647380339487,0.13019627141484866,0.9778928980778675,0.9139248119050332,0.06530134208760766,0.9897166501600081,0.9646096732537967
sim-05ff75c2492621a186ec4cbea935d350021b7ba9dbe346af706dc96264b60e11,7,prechallenge_demand,2.458156395755884,0.065401443318069,11.845347004330716,4.899359959337639,0.0,0.0,0,8,0,8,0.9130726111833394,1.0,1.0,17,0,17,17,0,17,0,5,0.9728749920170867,0.9034235865595139,1,none,5,5,5,5,0.06391433053793626,0.9859428053769043,0.9593190944022114,0.10321635569214185,0.9770763417573541,0.9293534614652276,0.10925533801937266,0.9772367959775902,0.9250275568927686,0.0419125025187024,0.991196113743594,0.9756682139429663,0.05744526585540333,0.9887925059981726,0.9664141450550989,0.056796565198049515,0.988535854952207,0.9665239769254629,0.017808919849598013,0.9951066889741549,0.9905467863762062,0.09634011344155925,0.9806685433426012,0.936104155418248,0.1312546677009853,0.9728749920170867,0.9034235865595139,0.0683823367843452,0.9844736899401753,0.9573766624338257
sim-05ff75c2492621a186ec4cbea935d350021b7ba9dbe346af706dc96264b60e11,8,prechallenge_demand,2.3852374576203594,0.12006298989450884,30.90899169193423,29.64799943597489,0.14285714285714285,0.125,1,7,1,8,0.8946720390824258,1.0,1.0,17,0,17,17,0,17,0,4,0.9727323056322418,0.8915470911368119,1,none,5,4,5,5,0.06620096340906016,0.9854913350798115,0.952465731778889,0.10609368953598415,0.9785262416083463,0.9185860591360218,0.11008842891495282,0.9769973280647666,0.9151685339773596,0.04247006882166586,0.9905137557890971,0.9722308661977069,0.05563229297709183,0.9886938971696635,0.9636643664168552,0.05541733624532962,0.9887703964794821,0.9633917239735921,0.021436965562756278,0.9953404648722988,0.9873088531444557,0.09801252157752934,0.9786890301087517,0.9266224892284408,0.132185014030396,0.9727323056322418,0.8915470911368119,0.06883073552958681,0.9864109843755665,0.9524657453167613
sim-05ff75c2492621a186ec4cbea935d350021b7ba9dbe346af706dc96264b60e11,9,prechallenge_demand,2.4349269468792665,0.045908338994811004,9.50372720622141,9.82941050579915,0.0,0.0,0,7,0,7,0.9223686393476563,1.0,1.0,16,0,16,16,0,16,0,4,0.9715774611522582,0.8903614670434242,1,none,5,4,4,5,0.06752721963229463,0.9857782067352269,0.9498299504059058,0.10581072297452232,0.9770199214014282,0.9160287575215579,0.10877820291413158,0.9765934861335427,0.9135527884120447,0.04535669963128657,0.9904662866910199,0.9689441967497803,0.05538289387741905,0.9879403114235813,0.9624243608790158,0.05583272989304029,0.9878404484363229,0.9615230646563787,0.026932695784362387,0.9926159070801961,0.9831944073269409,0.09951199239661089,0.9791837138378475,0.9228570143893472,0.13029954623927695,0.9715774611522582,0.8903614670434242,0.0704496642865905,0.9842480953497097,0.949044269786728
sim-05ff75c2492621a186ec4cbea935d350021b7ba9dbe346af706dc96264b60e11,10,prechallenge_demand,2.500181415742049,0.05812500406595061,19.921760593227805,6.515147643242644,0.0,0.0,0,8,0,8,0.9317296307180575,1.0,1.0,18,0,18,18,0,18,0,5,0.9701750051376055,0.8866792023106448,1,none,5,5,5,5,0.06725661035177703,0.9860444024219459,0.9495594898512857,0.10685291950935268,0.9772503064760523,0.9139180197864692,0.11263721398005536,0.9752812343423208,0.9089920506170616,0.04320048001078921,0.990922828046741,0.9705663711115865,0.05621976936850813,0.9890504563406171,0.961501783239237,0.05620420567895851,0.9888708699199974,0.9609323828828279,0.03148523123546268,0.9921323499548681,0.9800029143957794,0.09849658330227279,0.9800044642847224,0.9230565069490158,0.13334015034558283,0.9701750051376055,0.8866792023106448,0.06917776279508152,0.9860430309713772,0.9497111210861727
sim-05ff75c2492621a186ec4cbea935d350021b7ba9dbe346af706dc96264b60e11,11,prechallenge_demand,2.4317260939435026,0.145968189530832,38.043132304598174,28.05141165958714,0.125,0.1111111111111111,1,8,1,9,0.9083625569743012,1.0,1.0,17,0,17,17,0,17,0,5,0.971417851654318,0.8823440787173843,1,none,5,5,6,5,0.06588069572135671,0.986001811808336,0.9504981976937869,0.10735999069810484,0.9772068129490065,0.9131582137676619,0.11303150859747824,0.9771197358758748,0.9082483850516259,0.04384095294056326,0.9914313983460148,0.9701212481936597,0.05226987961020912,0.9896782470867427,0.9645250346610807,0.05423983925853605,0.9885924947166868,0.962344208621126,0.027551843274347333,0.9973854436508812,0.9834354809920639,0.09320341689517816,0.9802826838216476,0.9281206446781239,0.1369143959440405,0.971417851654318,0.8823440787173843,0.06777831364825403,0.9862776559408994,0.950702320769196
sim-05ff75c2492621a186ec4cbea935d350021b7ba9dbe346af706dc96264b60e11,12,prechallenge_demand,2.379743475432711,0.07328503516620138,9.839438494211251,9.08127026256801,0.0,0.0,0,7,0,7,0.8929515875371399,1.0,1.0,16,0,16,16,0,16,0,4,0.9729783699913009,0.8840216413864513,1,none,5,4,4,5,0.06661228961812735,0.9856674439788065,0.949868974556718,0.10716640314291254,0.9777570841390538,0.9135871157513766,0.11251437605901342,0.9764145204174756,0.9087057062104527,0.04216462725650724,0.9909965742874569,0.9715839296802301,0.05495089650367163,0.9875603983222386,0.9622044027764309,0.05649210703098061,0.9878742135958622,0.9604555320054919,0.02494576550802529,0.9942804316014155,0.9849354843494807,0.09817283381377183,0.9795222063681913,0.9236480676910387,0.1349691567022988,0.9729783699913009,0.8840216413864513,0.06657237083757882,0.9859448374802323,0.9518433912290459
sim-05ff75c2492621a186ec4cbea935d350021b7ba9dbe346af706dc96264b60e11,13,challenged_demand,2.566861681722725,0.03989574914065171,9.591524439608087,8.194176357461714,0.0,0.0,0,9,0,9,0.906770819701906,1.0,1.0,18,0,18,18,0,18,0,5,0.9403201317144816,0.649388055086143,1,none,5,6,6,5,0.06570183153659172,0.9865184859420973,0.9507159407280188,0.10105414695627826,0.979231516702155,0.9192044161467066,0.10713498261700144,0.9776588261224488,0.9135895084532399,0.04076806496638135,0.9918870799402041,0.9725898461152294,0.05377549088617503,0.9891650527851994,0.963398754293677,0.05387364527211571,0.988694780159994,0.9627476048728749,0.023476327455746588,0.9949444563343898,0.9860021826491693,0.08853186532959761,0.9831546113506426,0.9324010219939695,0.12568648050023087,0.9403201317144816,0.649388055086143,0.06601799317998647,0.9859855880706558,0.9523737772184161
sim-05ff75c2492621a186ec4cbea935d350021b7ba9dbe346af706dc96264b60e11,14,challenged_demand,2.5619298404893396,0.04147539520644694,9.84477680793953,9.534644849291416,0.0,0.0,0,8,0,8,0.9526174217386474,1.0,1.0,16,0,16,16,0,16,0,5,0.9738987467851896,0.8234772309275521,1,none,5,5,5,5,0.06464635394391627,0.9860891673145136,0.9514366282178579,0.09801775057454264,0.9796321052192662,0.9221951506776279,0.10653554088471699,0.9772339326426623,0.9143660698125643,0.03845024601712784,0.993313964626882,0.9744258894399125,0.049916938150160864,0.9900478743111546,0.9664972579619533,0.053640305778203924,0.9888548939762338,0.9629381453419458,0.025509552041036748,0.9944032099651718,0.9844633277302246,0.08858483643515387,0.9811802936368822,0.9321520906354118,0.12252992477215972,0.9738987467851896,0.8234772309275521,0.0653089421362506,0.9866426790121369,0.9532613623020999
sim-05ff75c2492621a186ec4cbea935d350021b7ba9dbe346af706dc96264b60e11,15,challenged_demand,2.500083013260628,0.04904215503804546,13.55185701614954,4.438847112119431,0.0,0.0,0,8,0,8,0.8928820670849256,1.0,1.0,17,0,17,17,0,17,0,5,0.974481616948108,0.8742185883009546,1,none,5,5,5,5,0.06552174129991607,0.9861324787065021,0.9506067561641668,0.09923452371728113,0.9796278970317482,0.9212105692302618,0.10780620683184207,0.977394883595419,0.9132552067873587,0.03566395011038803,0.9918424654226672,0.9761725559088416,0.05275958002775528,0.9884329584147041,0.9640296435456339,0.05447635931615442,0.9886757701666455,0.9621744192458939,0.024713017803326538,0.9957514589595332,0.9850701836019348,0.09061642164272274,0.9801661443884825,0.9298473598313165,0.123595822454802,0.974481616948108,0.8742185883009546,0.06529785917746517,0.9860172070890147,0.9530318736280462
sim-05ff75c2492621a186ec4cbea935d350021b7ba9dbe346af706dc96264b60e11,16,challenged_demand,2.4860697644719956,0.06642407030564342,18.010216723119736,9.495441275336521,0.0,0.0,0,8,0,8,0.8932959812858552,1.0,1.0,18,0,18,18,0,18,0,5,0.9706969746748401,0.8876037056640539,1,none,5,5,5,5,0.06578685445181862,0.9854443209918802,0.9504423980409172,0.09850957461575832,0.9773374492484477,0.9216777385256816,0.10884102285657153,0.9753227955260324,0.912040161629823,0.04030847151678279,0.9909220028491953,0.9725422970363947,0.055020564820774866,0.9879906461768544,0.9622282668419886,0.0549294521068672,0.9880095713433836,0.9617615465117811,0.02641046729652927,0.9937071021318115,0.9836343796293745,0.09134709696494192,0.9815947589340658,0.9292228992790317,0.12514386052490956,0.9706969746748401,0.8876037056640539,0.06730133145214783,0.9852952394239938,0.9511192731618826
sim-05ff75c2492621a186ec4cbea935d350021b7ba9dbe346af706dc96264b60e11,17,challenged_demand,2.432013241893606,0.07554540371432668,8.401257491556176,37.08148464216873,0.0,0.16666666666666666,0,5,1,6,0.8587380428729322,1.0,1.0,14,0,14,14,0,14,0,3,0.973250413813139,0.8885113625816657,1,none,4,3,4,5,0.06777428607535697,0.9851128687168728,0.9486580699002731,0.10191614882812766,0.9777226059287366,0.9187350792017097,0.11031296201149972,0.9773700400865499,0.9107935652178166,0.03816739799967614,0.9912191555203577,0.9741495169631931,0.052749425599626094,0.9882032591694787,0.9640273466723671,0.05432442799916085,0.9880272645627404,0.9621989290698768,0.026502599315871463,0.9935841013749366,0.9836992257838326,0.08995425466514434,0.9775288887059389,0.9301652401250541,0.12903290218461064,0.973250413813139,0.8885113625816657,0.06691803246408888,0.9851262071955621,0.951358825210075
sim-05ff75c2492621a186ec4cbea935d350021b7ba9dbe346af706dc96264b60e11,18,challenged_demand,2.5104359531035447,0.05249918652133001,23.790910336884103,8.100970764784137,0.125,0.0,1,8,0,8,0.8554151817091291,1.0,1.0,18,0,18,18,0,18,0,5,0.971254260808877,0.8869594317710658,1,none,5,5,5,5,0.06770012850743647,0.9863871750508505,0.9489712417522949,0.10582374386687761,0.9778662053556151,0.9148185388411482,0.11055388219571606,0.9763414681508716,0.9104424253546293,0.042956620328883685,0.9910488354428598,0.9704542848063904,0.054531684267658774,0.9897432847199177,0.9627874711019068,0.05528768755027575,0.989270609733174,0.9614819249778546,0.028018307765207584,0.9945872538121157,0.9828243136589119,0.09500102916393809,0.9818357635538922,0.9266880505435608,0.13163420641297152,0.971254260808877,0.8869594317710658,0.06808812654848509,0.9865716068013932,0.9505219976034549
sim-05ff75c2492621a186ec4cbea935d350021b7ba9dbe346af706dc96264b60e11,19,postdemand_recovery,2.5318250716579147,0.019874210040662577,18.373497885561726,3.939878012154753,0.0,0.0,0,7,0,7,0.9380223577292174,1.0,1.0,17,0,17,17,0,17,0,4,0.9776091553141427,0.8969105359613853,1,none,4,5,5,5,0.06634321574264132,0.9898178972828259,0.9548444812443094,0.10264851288976612,0.9834957090173202,0.9251710106690753,0.11067621450639392,0.9819439548965577,0.9187757633846054,0.04155100712517028,0.9938435057138334,0.9741884734230177,0.052786054127919,0.9910776531284629,0.9673570928882639,0.053732678905275694,0.9912061733889022,0.9662498661940687,0.025691715781086283,0.9969395821779622,0.9856215075343758,0.09871986056542884,0.9828728508665352,0.9302439361897286,0.13239757154819493,0.9776091553141427,0.8969105359613853,0.06618067739673708,0.9896972985421904,0.9564424780539486
sim-05ff75c2492621a186ec4cbea935d350021b7ba9dbe346af706dc96264b60e11,20,postdemand_recovery,2.518176034434739,0.02612906712222926,15.090242816566466,5.251530844712508,0.0,0.0,0,8,0,8,0.908089914271904,1.0,1.0,18,0,18,18,0,18,0,5,0.9794684712246966,0.9069225249457734,1,none,5,5,5,5,0.06438820028693153,0.9899406389627441,0.9612007237589867,0.10436139106966419,0.9834066841618703,0.9323331106116134,0.11079394003224571,0.9825949655411794,0.9276458051586806,0.04070101876344844,0.993423214821481,0.9776099613870723,0.0568415563383626,0.9907222020779372,0.9685567263633954,0.056087598405083317,0.9910103008252381,0.9686248275737881,0.021930695810457135,0.9967274288529904,0.9891582005247735,0.10182330540298344,0.983245964821208,0.9349857745873548,0.13356382024130373,0.9794684712246966,0.9069225249457734,0.06611667020740802,0.9896067491900171,0.9615509654188933
sim-05ff75c2492621a186ec4cbea935d350021b7ba9dbe346af706dc96264b60e11,21,postdemand_recovery,2.565676765671088,0.02014040426609059,15.469984984463572,3.182100903748122,0.0,0.0,0,9,0,9,0.9682745404334396,1.0,1.0,18,0,18,18,0,18,0,5,0.9797528517111485,0.9097759117898279,1,none,5,6,6,5,0.06418066092718462,0.9900866287101754,0.9629992235563722,0.10616537110392915,0.9834400694857041,0.9336713917554067,0.11200648610920742,0.9828914291289989,0.9295244292034801,0.04046238065039904,0.9945432088339592,0.9787488112312107,0.057084684033641794,0.991523495890855,0.969578181124273,0.05639837604325806,0.9913543026963791,0.9696667549262468,0.019654424136569645,0.9973675469736388,0.9908399846949524,0.09737654963029019,0.9879458101660805,0.9408437319798365,0.1340132209513949,0.9797528517111485,0.9097759117898279,0.06608030036361118,0.9899809759308721,0.9632611137120907
sim-05ff75c2492621a186ec4cbea935d350021b7ba9dbe346af706dc96264b60e11,22,postdemand_recovery,2.6020905582530784,0.017235889193955953,8.771248679932919,2.563269588205409,0.0,0.0,0,8,0,8,0.8931053262551041,1.0,1.0,18,0,18,18,0,18,0,5,0.9788457282958174,0.9142634553920492,1,none,5,5,5,5,0.0630209777216624,0.9901321967109615,0.9642137294866252,0.10430729642614299,0.9840108960599582,0.935649300868087,0.11001670131507145,0.9825423806893242,0.9317178658482937,0.03762089308790738,0.9940249385717906,0.9805479364395978,0.057060183623159476,0.9907534513231765,0.9698385933955926,0.056873284580772204,0.990980222593975,0.9696853665381268,0.019724080693537864,0.9972503606020995,0.9909099340237209,0.08636560259018564,0.986970866236681,0.9494518437434565,0.12940372394327362,0.9788457282958174,0.9142634553920492,0.06479049761597126,0.989830378419812,0.9646182598776043
sim-05ff75c2492621a186ec4cbea935d350021b7ba9dbe346af706dc96264b60e11,23,postdemand_recovery,2.5806671442661524,0.031332242643732404,14.089106968065455,6.262271959864675,0.0,0.0,0,8,0,8,0.9626322247466177,1.0,1.0,18,0,18,18,0,18,0,5,0.9789495192768404,0.9115939311746011,1,none,5,5,5,5,0.06286899255583073,0.9902144837179182,0.9644173966446626,0.09957825128730101,0.9847664156692045,0.9394109961497001,0.11025194885001059,0.9825993378961134,0.9317766267216043,0.037726267492799385,0.9942526711495394,0.9805993635806306,0.0567206468806282,0.991685672273556,0.9701894639697785,0.05678348949530628,0.9912441443010017,0.9698272411439784,0.01726038515367429,0.9973315819772874,0.9922292207532089,0.08475078209771504,0.9871934846549825,0.9506685018375188,0.1327227485522213,0.9789495192768404,0.9115939311746011,0.0654875332218371,0.9897409948831172,0.964304859054532
sim-05ff75c2492621a186ec4cbea935d350021b7ba9dbe346af706dc96264b60e11,24,postdemand_recovery,2.584331295796988,0.028872864400703763,9.93731179026465,3.7640910909748735,0.0,0.0,0,9,0,9,0.8954918754672047,1.0,1.0,18,0,18,18,0,18,0,5,0.9800771267057151,0.9132022552160518,1,none,6,5,5,6,0.06269331854878321,0.9901926921069687,0.9646008767353735,0.10011406139638339,0.9841762848653101,0.9389788998830668,0.10979459575582451,0.9832276989841855,0.9320725388259334,0.038410441111049444,0.9939508106947117,0.9802958704094342,0.05501716047983142,0.9918907055030982,0.9712153529922398,0.05682724016129072,0.9913081195584617,0.9698066695196687,0.019091249029010035,0.9971731056931235,0.9912063490523118,0.08812460301502437,0.9855472433461482,0.9486874559436907,0.13010970800380595,0.9800771267057151,0.9132022552160518,0.06556163234493047,0.9899105909336537,0.9643032331026891
sim-67a31b80b50493df4829d1c675b585bb61053012afb2a6e8e48ce196190efebc,1,baseline,1.9727358595750726,0.48432326232169126,152.12385707338075,115.47168444210142,0.8333333333333334,0.7142857142857143,5,6,5,7,0.7319248397646633,0.6666666666666667,0.6666666666666667,15,5,10,15,5,10,0,4,0.9911706305359823,0.9934425248783543,1,none,4,4,5,5,0.07986202578324879,0.9881335656517283,0.9807760424240398,0.0706580258001664,0.9897615672088901,0.9875007417498666,0.06629152746446243,0.9913344477637331,0.9906517522113566,0.06425661416338341,0.9954113222396889,0.9920644869555669,0.06588458411794483,0.9939118430097803,0.990994434937796,0.06852336796620222,0.992874176037009,0.9891204006060016,0.05905997660765411,0.9978188789191208,0.9956592922483483,0.08931534622488914,0.9841835098735298,0.9742719786219123,0.02822904390466251,0.9911706305359823,0.9934425248783543,0.07180959493472466,0.9920372127271387,0.9868712031760013
sim-67a31b80b50493df4829d1c675b585bb61053012afb2a6e8e48ce196190efebc,2,baseline,2.5881210581012555,0.018130428767295783,9.682910497037396,5.548269223560798,0.0,0.0,0,9,0,9,0.9620742800178996,1.0,1.0,19,0,19,19,0,19,0,5,0.9757037825797035,0.9640660981497535,1,none,6,5,5,5,0.0708068539794659,0.9898640715644572,0.9686083159491002,0.08458946250501756,0.9829408932323322,0.9597339520622836,0.08500640313065205,0.9817973057294567,0.9597439151425883,0.04569084123268548,0.993722090124164,0.9855800757541451,0.056635272491632804,0.9905605175891953,0.9790817993560559,0.05857477651502143,0.9906316223062105,0.9776718047137861,0.029410146303998984,0.9983131747361269,0.995462330799275,0.09384580849833998,0.9853226252626762,0.9533351685481777,0.007079402046704284,0.9757037825797035,0.9640660981497535,0.06277795336068785,0.9891102142990691,0.9749466868318784
sim-67a31b80b50493df4829d1c675b585bb61053012afb2a6e8e48ce196190efebc,3,baseline,2.5453126681623517,0.021433383898714038,15.122599656347555,6.372661538417673,0.0,0.0,0,8,0,8,0.9380519201912226,1.0,1.0,18,0,18,18,0,18,0,5,0.978329798851619,0.9501791408838582,1,none,5,5,5,5,0.06610061643484305,0.9903469179061515,0.965620861361758,0.09742625355646126,0.9839187073895634,0.9446994529843751,0.10052816005961068,0.9830982614461038,0.9429387872691377,0.040701957358154864,0.993954786033307,0.9823298637805676,0.057341612877997716,0.9909180839167497,0.9728767938713758,0.05759148571671055,0.9912247321955825,0.9724388838782926,0.018359611861109893,0.997927504086782,0.9950805340038195,0.08801335868923905,0.9848106931614569,0.9514498929354055,0.0061011607893701626,0.978329798851619,0.9501791408838582,0.06568786747092813,0.9897518821182585,0.9672650401351572
sim-67a31b80b50493df4829d1c675b585bb61053012afb2a6e8e48ce196190efebc,4,baseline,2.5454552125405416,0.025284027919474532,11.159674371593383,6.483145467527976,0.0,0.0,0,8,0,8,0.923822649433806,1.0,1.0,18,0,18,18,0,18,0,5,0.9786734533634094,0.9475814514815024,1,none,5,5,5,5,0.06393691973799454,0.9902924536600165,0.9649823779493717,0.09961861501043981,0.9846877603710766,0.9407510089505849,0.10571676463656476,0.983418605498064,0.9366892805470975,0.04151756841415263,0.9933056632490337,0.9795537444570395,0.05635156979425136,0.9918202964800467,0.9715912687585917,0.05644446770948633,0.991603892006292,0.9711736705847058,0.017095467842630815,0.9978361941256666,0.9934423078259215,0.0974546879894314,0.985261379578134,0.9424830589824136,0.005909475829326048,0.9786734533634094,0.9475814514815024,0.0659018167499701,0.9897328324725998,0.9650931456961125
sim-67a31b80b50493df4829d1c675b585bb61053012afb2a6e8e48ce196190efebc,5,baseline,2.5641613753053853,0.030294374965882807,17.399211770005067,7.820859096786908,0.0,0.0,0,9,0,9,0.9381073857216712,1.0,1.0,18,0,18,18,0,18,0,5,0.9785368820434684,0.9491952716069241,1,none,5,6,6,5,0.0626057566880034,0.9903274076657729,0.9651121714838609,0.09817682071445545,0.9843139871469024,0.9409931960772485,0.10267879839270551,0.9840758513720708,0.9379572724593015,0.04087772264388678,0.9938977974136275,0.979217803522427,0.0553481172727971,0.9909489346294754,0.9714568544154697,0.055907057392338,0.9911330918803799,0.9708157067046098,0.014988822664983189,0.9975987005761625,0.9936986810172627,0.09564357922448277,0.9838251682199431,0.942795256250898,0.0054993301639567225,0.9785368820434684,0.9491952716069241,0.06546778346719646,0.9900461031487489,0.9647496331691029
sim-67a31b80b50493df4829d1c675b585bb61053012afb2a6e8e48ce196190efebc,6,baseline,2.53185101477317,0.02500374638521866,12.767885785901885,2.6516679446168827,0.0,0.0,0,8,0,8,0.911509626407126,1.0,1.0,16,0,16,16,0,16,0,5,0.9759725090765774,0.9449226644291582,1,none,5,5,5,5,0.06253743024257234,0.990077682025077,0.964934340671388,0.10130170094301616,0.9836060016892362,0.9384587863859318,0.10701722244747447,0.9818869266196458,0.9344941589458122,0.03946937538956449,0.993875906700908,0.9797803507084388,0.058294632694234336,0.9907253764305549,0.9694060528710713,0.05749517807116595,0.9908938273334854,0.9696137256493882,0.016999312778098977,0.9972451194289288,0.9922843621678337,0.09738335927112704,0.9850945410755559,0.9415407450876939,0.0062520094839171245,0.9759725090765774,0.9449226644291582,0.06529406525571878,0.9897329393531399,0.9646153550445923
sim-67a31b80b50493df4829d1c675b585bb61053012afb2a6e8e48ce196190efebc,7,prechallenge_demand,2.493902898428634,0.05024922757111261,13.200107796308394,4.281315413992762,0.0,0.0,0,8,0,8,0.8932713242165607,1.0,1.0,17,0,17,17,0,17,0,5,0.9704884146171056,0.9377893458925266,1,none,5,5,5,5,0.06394189521582452,0.9857139994012937,0.9592863579097045,0.1032973853583808,0.9767746271106056,0.9291382732362501,0.11021412382094668,0.97663679966808,0.9240978604205959,0.042319687559568636,0.9908756826239896,0.9753874853545417,0.05668338556470247,0.98985777803785,0.9671191469503997,0.05644257732985489,0.9890146623646349,0.9668425367846603,0.016414939395392097,0.9947493298793563,0.991430902974872,0.0944473443559581,0.9825205099227674,0.9381736172708423,0.006156189510853041,0.9704884146171056,0.9377893458925266,0.06663385525386216,0.9849425056229208,0.9590457808467016
sim-67a31b80b50493df4829d1c675b585bb61053012afb2a6e8e48ce196190efebc,8,prechallenge_demand,2.322811755196283,0.11792226117177664,33.23106488893391,34.94331922770222,0.14285714285714285,0.125,1,7,1,8,0.9825181034205012,1.0,1.0,16,0,16,16,0,16,0,4,0.9702038495530931,0.9304600326332556,1,none,5,4,5,5,0.06665226480432582,0.985546218867089,0.9520582808609032,0.10865312943715719,0.97752957021529,0.9156035555919259,0.1128025788360639,0.976039481763811,0.9122848791155229,0.043801258078475416,0.9904035902859096,0.9713522047324922,0.05418999087899567,0.9881479651400475,0.9647174256143163,0.05612036048338564,0.987652648195849,0.9626158793640768,0.027238890638569865,0.9940375378040377,0.9831871221330655,0.08991419569637679,0.9798991556495582,0.9344167591883508,0.006090491343418747,0.9702038495530931,0.9304600326332556,0.07020085983170356,0.98553358239919,0.9508430434610575
sim-67a31b80b50493df4829d1c675b585bb61053012afb2a6e8e48ce196190efebc,9,prechallenge_demand,2.336250990850358,0.14757998200239006,30.180535056068834,27.91214225821846,0.14285714285714285,0.125,1,7,1,8,0.7882201162043705,1.0,1.0,17,0,17,17,0,17,0,4,0.975117457356763,0.9326441656307979,1,none,5,4,5,5,0.06690764187571657,0.9859534287913905,0.9502996704751688,0.10292603707384339,0.979843995794089,0.9189259740627558,0.10922143079383816,0.978427692060046,0.9130479856090741,0.039541873440366304,0.9935505053374036,0.9740769310445633,0.05332532572406994,0.9900478580544115,0.9641299358752718,0.05577479593229875,0.9890883489789444,0.9615080185993345,0.02437618998357292,0.9952577896793586,0.9853080822262036,0.09353244878483577,0.9821909881867249,0.9286806421313712,0.00544624938153353,0.975117457356763,0.9326441656307979,0.06476564312420435,0.9879050777889139,0.9539739218331617
sim-67a31b80b50493df4829d1c675b585bb61053012afb2a6e8e48ce196190efebc,10,prechallenge_demand,2.5657959882440715,0.057171274699321165,19.33120111179246,8.460276167972033,0.125,0.0,1,8,0,8,0.9189251969188802,0.9444444444444444,1.0,18,1,17,18,0,18,0,5,0.969127130650662,0.9346795166026236,1,none,5,5,5,5,0.06580167802952053,0.986332333206935,0.9506648675656024,0.0993598712373254,0.9772339082250326,0.9216374936920729,0.10613697737012455,0.9762115528433484,0.9153146052264766,0.03707462362984982,0.9918552139920201,0.9753038395256862,0.04786938432910382,0.9899635380471643,0.9680825059725414,0.052111107154953915,0.9891623609297561,0.9641012079480396,0.022332371143632804,0.9964166060147854,0.9866199987507143,0.08578301133338732,0.9813363893705419,0.9350480482915781,0.005450388504785976,0.969127130650662,0.9346795166026236,0.060802632367112565,0.9874592445761429,0.9568571208167573
sim-67a31b80b50493df4829d1c675b585bb61053012afb2a6e8e48ce196190efebc,11,prechallenge_demand,2.3468362800022615,0.15026061464004578,44.45266687684254,33.38806148712203,0.14285714285714285,0.125,1,7,1,8,0.8929200715396268,1.0,1.0,17,0,17,17,0,17,0,4,0.9683422693980979,0.9272489528946628,1,none,5,4,5,5,0.06572531919401431,0.986133661709031,0.9505426591521827,0.10573237388032723,0.9774404661917758,0.915285508044499,0.11117904569962804,0.9760697411320882,0.9102944714371627,0.038580009512196686,0.9918500399448561,0.9739321313231627,0.04907305562403026,0.9897178083199616,0.9668575928551079,0.053229059856840746,0.9886530447479981,0.9630468719961045,0.020838505696967786,0.9951406901899944,0.9872968751864999,0.0957697526021484,0.978779781446203,0.9254457358366767,0.006315927089449047,0.9683422693980979,0.9272489528946628,0.06273325244505536,0.9863629238275731,0.9548758195703394
sim-67a31b80b50493df4829d1c675b585bb61053012afb2a6e8e48ce196190efebc,12,prechallenge_demand,2.500490174668483,0.036532866258340395,12.824821317255932,9.090247172900936,0.0,0.0,0,8,0,8,0.9612707604025488,1.0,1.0,18,0,18,18,0,18,0,5,0.9712558159736884,0.9284645542075718,1,none,5,5,5,5,0.06512171483484473,0.9860027241253515,0.9511069948207508,0.10583463706859444,0.977220097555775,0.9151388017786598,0.1103247771878478,0.9768797190723438,0.9111334507274951,0.037063137542665006,0.9925521973057984,0.9750227037823774,0.05107218029533901,0.9888052791444502,0.9653486781634665,0.054926212946138066,0.987888166887966,0.9618265771049246,0.026417038431724438,0.9925982087668845,0.9834940402418584,0.09176922292822293,0.9805960930377651,0.9292663803959533,0.005874297544754556,0.9712558159736884,0.9284645542075718,0.06401296336747485,0.9857921210359761,0.9538597270323973
sim-67a31b80b50493df4829d1c675b585bb61053012afb2a6e8e48ce196190efebc,13,challenged_demand,2.6212612458345235,0.015285582454423623,3.4359719124178776,6.372231797408858,0.0,0.0,0,8,0,8,0.9172605142124174,1.0,1.0,18,0,18,18,0,18,0,5,0.937501342952599,0.6784268102545975,1,none,5,5,5,5,0.06557282140367997,0.986477610886673,0.9506976847397787,0.10541087258033276,0.9784838795099624,0.9152189148402385,0.11114581922367057,0.9767283458992332,0.9098920642045031,0.03693043022877963,0.9928897598950346,0.9751845506166164,0.052527830058541114,0.9881039747207314,0.9639593775652099,0.05636653364345868,0.9879165175319852,0.9605113268021608,0.02826777431829738,0.994677524267583,0.9825956952798585,0.09032996419921588,0.9827863535700405,0.9303949307397916,0.005898164763437349,0.937501342952599,0.6784268102545975,0.06494211052667195,0.9862232912648304,0.9531085024275426
sim-67a31b80b50493df4829d1c675b585bb61053012afb2a6e8e48ce196190efebc,14,challenged_demand,2.5442014512610798,0.042030873670208496,14.424857385567897,5.1434273157774,0.0,0.0,0,8,0,8,0.8864260532611274,1.0,1.0,18,0,18,18,0,18,0,5,0.9690213162970267,0.851026337423059,1,none,5,5,5,6,0.06494839039033391,0.9863899434636432,0.9512641110410568,0.10636903568337945,0.9768821832272281,0.9142323231770987,0.11108634538126737,0.9758853215592144,0.9097927358463361,0.03649785208965966,0.9911737301322091,0.9753677069565578,0.05743642136528358,0.9875485446428267,0.9598203736086373,0.058115235222593487,0.9877635508221042,0.9589779785774903,0.028550729204465056,0.9946713003950961,0.9823839950901593,0.0898822965657817,0.9801749094445765,0.9307037080271914,0.006040629477659071,0.9690213162970267,0.851026337423059,0.06701215036939118,0.9861833640435894,0.9513533881139833
sim-67a31b80b50493df4829d1c675b585bb61053012afb2a6e8e48ce196190efebc,15,challenged_demand,2.5477757316082106,0.027501683871754782,10.054794847341094,8.25824171136034,0.0,0.0,0,9,0,9,0.9448108355415684,1.0,1.0,17,0,17,17,0,17,0,5,0.974274330072617,0.9084617329094463,1,none,6,5,5,5,0.06414821097564,0.9862950631928739,0.9518693021234742,0.10330349618726234,0.9792451063229248,0.9170937087326428,0.1088366936529672,0.978207796363462,0.9121402891761693,0.038998004809536836,0.9920800224685233,0.9734788103389677,0.05352326387081164,0.990022805855986,0.963173090531902,0.05539968144561678,0.9889752144219712,0.9612267216841544,0.023111277015318475,0.9958301307318032,0.9863224479505432,0.09037837787445238,0.981364450601492,0.9302592908216932,0.005430840327567628,0.974274330072617,0.9084617329094463,0.06528725586942247,0.9862815485362683,0.9528879130119192
sim-67a31b80b50493df4829d1c675b585bb61053012afb2a6e8e48ce196190efebc,16,challenged_demand,2.5008296434971125,0.0475403504066516,17.333014051588815,7.767723963253892,0.0,0.0,0,8,0,8,0.9493272907461412,1.0,1.0,16,0,16,16,0,16,0,4,0.969695692978559,0.9238819296170916,1,none,5,5,5,4,0.06491585325618157,0.9861207539798523,0.9511728142988073,0.10018382672168838,0.9795128374780573,0.9200349827758534,0.10711102139781821,0.9772128253748356,0.9139987759838973,0.039171171658300565,0.9916581283083253,0.9734519301967837,0.05072963243228743,0.9894915850859318,0.9654637520907641,0.05299010405148723,0.9893320803288571,0.963212389216864,0.024837779340522177,0.9940417401362736,0.9849295991061328,0.08753348355915538,0.9819657674183251,0.9325496754931893,0.005809454196251311,0.969695692978559,0.9238819296170916,0.06359226516226435,0.9872022658291628,0.9543580427273951
sim-67a31b80b50493df4829d1c675b585bb61053012afb2a6e8e48ce196190efebc,17,challenged_demand,2.5548030730671694,0.03888872275903583,7.64232917542251,7.662812205826905,0.0,0.0,0,8,0,8,0.9795495880160667,1.0,1.0,18,0,18,18,0,18,0,5,0.9700706885780075,0.9273983951799194,1,none,5,5,5,6,0.0647636380039512,0.986071482449415,0.9513225388449159,0.10149142109296222,0.9762140859588672,0.9185124494996633,0.10885653903799876,0.9758874738143056,0.9122134284957968,0.03912301415971304,0.9919144071964457,0.9735669964160766,0.0524979406001393,0.9887627455521892,0.9640555826835503,0.05305214260259472,0.9885128575199253,0.9632199476637328,0.022922705071062525,0.9966434351233153,0.9863378187649325,0.08598763850872237,0.9828251388552149,0.93386907141536,0.005930661209449362,0.9700706885780075,0.9273983951799194,0.0630980068533066,0.986205215705361,0.9547128611420652
sim-67a31b80b50493df4829d1c675b585bb61053012afb2a6e8e48ce196190efebc,18,challenged_demand,2.5004856776305613,0.04886211148016903,7.064444854934696,8.844180137309799,0.0,0.0,0,8,0,8,0.8530768184796942,1.0,1.0,16,0,16,16,0,16,0,5,0.9702811147808095,0.927093810686524,1,none,5,5,5,5,0.0646188090272198,0.9865875696149844,0.9516081741971998,0.10531444647467858,0.9795010294599872,0.915136176141417,0.11144550401776786,0.976952674055683,0.9096836983385191,0.0399616383495136,0.9912204057101027,0.9727583888321739,0.05602293017914999,0.9868238034552262,0.9609836629563864,0.05475665138914613,0.9882481066050737,0.9618033406519285,0.018697675089253886,0.9962914550085309,0.9890494142714681,0.0873284865501989,0.9806570863561135,0.9331416801920275,0.006134957517477092,0.9702811147808095,0.927093810686524,0.06542324662672974,0.9859583311975254,0.952821616125908
sim-67a31b80b50493df4829d1c675b585bb61053012afb2a6e8e48ce196190efebc,19,postdemand_recovery,2.5907562268570627,0.021120054894401934,15.231798258754944,5.548852126537247,0.0,0.0,0,8,0,8,0.9667359642242145,1.0,1.0,18,0,18,18,0,18,0,5,0.9762224003090876,0.935060013827176,1,none,5,5,5,5,0.06400817645587761,0.9896998965025937,0.95639256235521,0.10258992348113972,0.982516514417136,0.9256856736221507,0.11058848234807417,0.9815135204382759,0.9186708214909106,0.04089329820199208,0.9934409609107543,0.9743604787874293,0.05714650232399319,0.99117846909178,0.963986821227322,0.05491963502681826,0.9909839712465262,0.9652300446159323,0.019121511799831608,0.9972937202799989,0.9897142152900122,0.08497869329596722,0.9864185065941671,0.941115606587844,0.005957433502503485,0.9762224003090876,0.935060013827176,0.06563213456032554,0.9894463653583342,0.9569627908356875
sim-67a31b80b50493df4829d1c675b585bb61053012afb2a6e8e48ce196190efebc,20,postdemand_recovery,2.5418026212807217,0.016641396628813167,15.601339680149096,4.042737923534843,0.0,0.0,0,8,0,8,0.9073885830732032,1.0,1.0,18,0,18,18,0,18,0,5,0.9771651091204943,0.9416352945466355,1,none,5,5,5,5,0.06316087882102235,0.9902628153536159,0.9620567575628263,0.10347773652019421,0.9839072494445507,0.9334234576120995,0.11094841688477587,0.9826738188492369,0.9274238866066269,0.040686625161164953,0.9931743443791708,0.9775050701125111,0.05681779890155433,0.9907600200219346,0.968202194090852,0.056263783289471715,0.9909548271420056,0.9683643867478561,0.016053102954654605,0.9975194514549618,0.9923111334521052,0.08654131367591361,0.9857798609003919,0.9465793024000986,0.00604812277476759,0.9771651091204943,0.9416352945466355,0.06548602123375746,0.9894667192424629,0.9620899535662755
sim-67a31b80b50493df4829d1c675b585bb61053012afb2a6e8e48ce196190efebc,21,postdemand_recovery,2.562353567871307,0.018599654676257155,17.02413024067365,3.729575168101531,0.0,0.0,0,9,0,9,0.9233585446241697,1.0,1.0,18,0,18,18,0,18,0,5,0.977544414750123,0.9434409801923177,1,none,5,6,6,5,0.06339070275864801,0.9901407945487753,0.9635192127710923,0.10375365433227747,0.9834602380512946,0.9356211714574206,0.10989118439064201,0.9829324495356465,0.9309015275208181,0.04184805056110536,0.9939211654090059,0.9779272955599565,0.0575331586221998,0.9910149223224564,0.9690883878694396,0.05725406952866576,0.9910769890058245,0.9690247301669674,0.01904096412164966,0.9973982959202344,0.9909722647034394,0.08918133046245912,0.9866067092649091,0.9462256154607835,0.006070864559666443,0.977544414750123,0.9434409801923177,0.0658455146974821,0.9902652953106104,0.9634695922691618
sim-67a31b80b50493df4829d1c675b585bb61053012afb2a6e8e48ce196190efebc,22,postdemand_recovery,2.5844103863662493,0.02572846756351766,5.385712000846805,5.362921985032761,0.0,0.0,0,8,0,8,0.9285596175842782,1.0,1.0,18,0,18,18,0,18,0,5,0.9783797427871054,0.9445519157952478,1,none,5,5,5,5,0.062452683515366945,0.9901274612357106,0.9645970813747772,0.10395354982833836,0.9836985703346188,0.9361836379638551,0.10997766507518998,0.9828406400020467,0.9316616970125959,0.03982878750802415,0.9941413888005184,0.9793589378850018,0.05878989645768755,0.9908172302461042,0.9688982630598633,0.057559942203269814,0.9909905414436928,0.9692850308308459,0.01826588085049881,0.9967633408945243,0.9914286873172321,0.08518286794155883,0.9863538438819714,0.949868075648175,0.006019193131610301,0.9783797427871054,0.9445519157952478,0.0644370323683402,0.98966907294665,0.9648591397392869
sim-67a31b80b50493df4829d1c675b585bb61053012afb2a6e8e48ce196190efebc,23,postdemand_recovery,2.5711158826296394,0.017291097353054154,15.971720743945976,3.82981503706773,0.0,0.0,0,8,0,8,0.9800955398630216,1.0,1.0,18,0,18,18,0,18,0,5,0.9766845587651521,0.9458094276279725,1,none,5,5,5,5,0.06235643060541001,0.9901056517711362,0.9647732700867582,0.10145397487929425,0.9838483348428991,0.9381502817687549,0.10794754906107545,0.9828731651419852,0.9334290603190266,0.03814776730369587,0.9939471263943623,0.9803602548274379,0.05866836293679015,0.9906203011825672,0.9690145161787336,0.05747632815263189,0.990879687119696,0.9694062858685921,0.018098969695978354,0.9972791127633982,0.9916131753799323,0.09247504510857806,0.9832170488627758,0.9452354668723377,0.005911913150664871,0.9766845587651521,0.9458094276279725,0.0654779644926048,0.9895287519598587,0.9643255954112806
sim-67a31b80b50493df4829d1c675b585bb61053012afb2a6e8e48ce196190efebc,24,postdemand_recovery,2.530448139531007,0.036923246578543734,7.748337303548446,3.183565784620616,0.0,0.0,0,8,0,8,0.9997910545095144,1.0,1.0,18,0,18,18,0,18,0,5,0.9781104587525961,0.944955670156138,1,none,5,5,5,5,0.06332914018149918,0.9901249624103152,0.9642564013344863,0.10396071483311999,0.983822525435656,0.9363131902474865,0.11064112508401075,0.982361208676908,0.931499439566242,0.03886226865767063,0.9939299631782776,0.9799915269702357,0.058720500330851834,0.9913784451468913,0.9690672229020927,0.05693260749639853,0.9915851750012424,0.9698257193426668,0.017012559840291954,0.9981511115771293,0.9922113706465655,0.09756600040757031,0.9857162944031878,0.9415595064318395,0.006016524525916412,0.9781104587525961,0.944955670156138,0.06663395666345846,0.9895225804212637,0.9635832038771478
sim-75149ce0a988cacfa4df22f57186e43e7b1ec107ac882c595833bc541a1b6b57,1,baseline,1.9727358595750726,0.48432326232169126,152.12385707338075,115.47168444210142,0.8333333333333334,0.7142857142857143,5,6,5,7,0.7314101799679926,0.6666666666666667,0.6666666666666667,15,5,10,15,5,10,0,4,1.0,1.0,1,none,4,4,5,5,0.07986203773055542,0.9881335245083114,0.9807760505641656,0.07065800929962532,0.989761397834196,0.9875007619067359,0.06629158178756434,0.9913340759330933,0.9906517384095092,0.06425660437208398,0.9954113464108336,0.9920644829332216,0.06588462297892134,0.9939120270331133,0.9909944165977076,0.06852335998613844,0.9928741437431856,0.9891204051025337,0.05905999957628194,0.9978189356756686,0.9956592850179194,0.08931535156515562,0.9841833409918539,0.9742719926523493,0.06416025663555562,0.9914382385221773,0.9921390204689652,0.02861166693930362,0.9918422341615089,0.9882957400478388
sim-75149ce0a988cacfa4df22f57186e43e7b1ec107ac882c595833bc541a1b6b57,2,baseline,2.587290735724441,0.01777202064629315,9.682910497037396,5.548269223560798,0.0,0.0,0,9,0,9,0.9617797519907434,1.0,1.0,19,0,19,19,0,19,0,5,1.0,1.0,1,none,6,5,5,5,0.07080698004556053,0.9898675030198553,0.9686085083574806,0.08458911481509063,0.9829708295316845,0.9597352733501452,0.08500660876080486,0.9818108274810464,0.959744504717829,0.04569107978547303,0.9937257092685285,0.9855802368211487,0.05663537117260458,0.9905670987760361,0.9790819523748242,0.058574370161399915,0.9906424569620833,0.9776727145999607,0.029410428947286456,0.9983167185292279,0.9954623361934043,0.09384278075696309,0.9853783079372245,0.9533384625097704,0.09658512196995835,0.9770621694650422,0.9511909335499472,0.004211208906734361,0.9886751894176475,0.9800305341725307
sim-75149ce0a988cacfa4df22f57186e43e7b1ec107ac882c595833bc541a1b6b57,3,baseline,2.5444839229699445,0.021080932609167304,15.355074114999564,6.542418042446299,0.0,0.0,0,8,0,8,0.939924602138736,1.0,1.0,18,0,18,18,0,18,0,5,1.0,1.0,1,none,5,5,5,5,0.06610015121075265,0.9903457580764798,0.965620979452538,0.09712922771445477,0.9839800513059256,0.9449390355487183,0.10038023314165315,0.9831269855845224,0.9430500361675961,0.04070166880785888,0.9939539827824255,0.9823298234292384,0.05733982403794948,0.9909109140174189,0.9728777601104389,0.05759158499002281,0.9912161261172148,0.9724387295669068,0.018886825887504014,0.9977412016506633,0.9947895554463598,0.08752677350439311,0.9848803977274856,0.9517899264236728,0.12073000309927394,0.9798865536392223,0.9265480599297535,0.00295575239962745,0.9892603492372303,0.9750576609806542
sim-75149ce0a988cacfa4df22f57186e43e7b1ec107ac882c595833bc541a1b6b57,4,baseline,2.5454552125405416,0.025284027919474532,11.27217437159342,6.368933752307499,0.0,0.0,0,8,0,8,0.9265591908675905,1.0,1.0,18,0,18,18,0,18,0,5,1.0,1.0,1,none,5,5,5,5,0.06393706137832657,0.9902947083009652,0.9649821693879974,0.0994924046962922,0.9846847430160285,0.9408618441901448,0.10562661580399103,0.9834620949514964,0.936766121876831,0.041517411750823616,0.9933050270122649,0.9795537995114978,0.05635280016420913,0.9918194010903953,0.9715907001933487,0.05644543232929709,0.9916043807164561,0.9711732467506833,0.01749856221850721,0.9978367847708165,0.9932348563133642,0.09725478248444282,0.9852615500737999,0.9426235352032801,0.12530891512130074,0.980342184065145,0.9193576440612845,0.00283295985936104,0.9892414457342023,0.9738690661666399
sim-75149ce0a988cacfa4df22f57186e43e7b1ec107ac882c595833bc541a1b6b57,5,baseline,2.5641613753053853,0.02928170243250199,17.382516071376482,7.70664237491393,0.0,0.0,0,9,0,9,0.9402581671536326,1.0,1.0,18,0,18,18,0,18,0,5,1.0,1.0,1,none,5,6,6,5,0.06260274438401087,0.9903233198587622,0.9651140288153336,0.0981273675684896,0.9843154980439156,0.94103969504783,0.10237447453497832,0.9841230124217587,0.9381889614820743,0.040830413726089775,0.9939653687706305,0.9792510039649951,0.05545281126064907,0.9908828214832504,0.9713871074959236,0.05590574089263868,0.9911257122617338,0.9708162496567161,0.015146397353909692,0.9975986804829963,0.993626657742061,0.09556488982419375,0.9838268443286448,0.942852565407765,0.12134073829198061,0.980199040303713,0.9211776110363907,0.002777811842139225,0.9895788835428833,0.9737304437748701
sim-75149ce0a988cacfa4df22f57186e43e7b1ec107ac882c595833bc541a1b6b57,6,baseline,2.5314859769296865,0.02543599561846661,13.495984776417968,3.2648187128087276,0.0,0.0,0,8,0,8,0.9141470840396457,1.0,1.0,16,0,16,16,0,16,0,5,1.0,1.0,1,none,5,5,5,5,0.06253825530123373,0.9900901877733396,0.9649342834401049,0.10145377317758927,0.9834492578990988,0.9383614378048349,0.10677118011728103,0.9819643094270215,0.9347013698103435,0.0392364722274035,0.9938790038763406,0.9799132461027554,0.05827203338526514,0.9907858604853131,0.9694231656141207,0.05743784421188835,0.9909099108122378,0.9696471929634912,0.017064225941449664,0.9972427965925789,0.9922546726228033,0.09743675423670206,0.9850615045917269,0.9414566005378433,0.13048193230455138,0.9776517966228391,0.91366928571259,0.002794905607738774,0.9891389186980823,0.9736138669241193
sim-75149ce0a988cacfa4df22f57186e43e7b1ec107ac882c595833bc541a1b6b57,7,prechallenge_demand,2.4911568397020636,0.05727903219597927,7.9920261328310165,6.129515175077044,0.0,0.0,0,8,0,8,0.8809789474379552,0.9411764705882353,1.0,17,1,16,17,0,17,0,5,1.0,1.0,1,none,5,5,5,5,0.06386021922354773,0.9857262870468797,0.9593560907752485,0.10314030014612216,0.9772478041534598,0.9294906896649627,0.10937765269134989,0.9773885740498308,0.9249488364827815,0.042271922969680985,0.9908804960402114,0.9753749203320677,0.054980673436628325,0.9905106754136429,0.9685937654467718,0.05543922460628501,0.9895208585800961,0.9676765381190973,0.016370124136955034,0.9949548379876477,0.9915085357054535,0.09501685269673586,0.9822631712080074,0.9374728436546834,0.13362186256986136,0.9723655425659403,0.9009550481908863,0.0029008074067705396,0.9846363061301592,0.969569566727521
sim-75149ce0a988cacfa4df22f57186e43e7b1ec107ac882c595833bc541a1b6b57,8,prechallenge_demand,2.470710197345015,0.03202712473336318,9.244068677280577,12.441305349379013,0.0,0.0,0,8,0,8,0.9399801060513573,1.0,1.0,16,0,16,16,0,16,0,5,1.0,1.0,1,none,5,5,5,5,0.06632002543813229,0.9856619374266204,0.9523141654195943,0.1090657108424432,0.9767786091047007,0.915180975313855,0.11223305066058495,0.9755175213099814,0.9128549048282741,0.04374086437539434,0.9904600876152375,0.9712608818258991,0.05455764031921622,0.9870898732278238,0.9643547617739874,0.05602515335690326,0.987022909923537,0.9626511955529414,0.025943359509049312,0.9941969400377367,0.9841549812621436,0.09160596018272071,0.979906476329903,0.9328860294860518,0.13469186130085012,0.9714971715547857,0.8886137665185941,0.003056336286253379,0.9845654421511447,0.9640944008396019
sim-75149ce0a988cacfa4df22f57186e43e7b1ec107ac882c595833bc541a1b6b57,9,prechallenge_demand,2.4628476276841385,0.05052227582531905,8.727986596971595,7.330524479882396,0.0,0.0,0,8,0,8,0.9159795704330174,1.0,1.0,16,0,16,16,0,16,0,5,1.0,1.0,1,none,5,5,5,5,0.06724724785124368,0.9857630646995265,0.9499727463904427,0.10437843696796673,0.9799275786060864,0.9174624496220123,0.11200723548577579,0.9772982733060471,0.9102437045524335,0.04021869879873839,0.9933134182857636,0.9731514045009478,0.05369968771365453,0.9909667207818342,0.9638566668202514,0.056052394729352854,0.9896121331687645,0.9613458471842821,0.025118280101174145,0.9950817463845838,0.9846790814251063,0.09306484701451315,0.9826312927546441,0.9292667406600655,0.13373971395974243,0.9721282242339201,0.8863561802946645,0.002867525130936774,0.9855321387990288,0.9640388689362313
sim-75149ce0a988cacfa4df22f57186e43e7b1ec107ac882c595833bc541a1b6b57,10,prechallenge_demand,2.3649123237288325,0.1621451573667013,40.6125348355197,34.36969590029223,0.14285714285714285,0.125,1,7,1,8,0.9153302572094023,1.0,1.0,17,0,17,17,0,17,0,4,1.0,1.0,1,none,5,4,5,5,0.06621905190282337,0.9861935618432283,0.9503200912797191,0.09994311521298602,0.9772656995943361,0.9208160134204985,0.10804647573757424,0.9760773302508599,0.9132883717446836,0.035306587907728455,0.9924431764525827,0.9765057967947314,0.04872195234001455,0.9895740994163054,0.9673094653071532,0.05331295016039231,0.9886203701378855,0.9630192659197,0.02446497279187537,0.9946067122500699,0.984805651148987,0.08753059553733747,0.979076974034668,0.9330943349387743,0.12965407647881846,0.9710415726617624,0.8897159455869221,0.0027918235797917083,0.9854634025473961,0.9645331954574521
sim-75149ce0a988cacfa4df22f57186e43e7b1ec107ac882c595833bc541a1b6b57,11,prechallenge_demand,2.594145071264421,0.11197197702084165,65.07003694837728,55.9721611981618,0.2857142857142857,0.25,2,7,2,8,0.9590136033336328,1.0,1.0,16,0,16,16,0,16,0,3,1.0,1.0,1,none,6,3,4,5,0.06591184434289668,0.9860778537089039,0.9504095533672289,0.10710677292240797,0.9767294075013724,0.9138615496396513,0.11285369716808828,0.9755640007723871,0.9085429566733031,0.037273723289527896,0.9925740266746438,0.9748723959464817,0.048813453491699306,0.9895902198423925,0.9671320347838646,0.052438408743764015,0.988891329821705,0.9636094892252248,0.021855589880160346,0.9971163734752927,0.9869651997742908,0.09806879242392026,0.9780373942706575,0.9235634268874785,0.13554017130208534,0.9713690639986089,0.883961616019489,0.0027933244080520676,0.9859385953533498,0.9646955523964752
sim-75149ce0a988cacfa4df22f57186e43e7b1ec107ac882c595833bc541a1b6b57,12,prechallenge_demand,2.4802620157059225,0.032434867835903644,12.083233970386939,10.651296007495963,0.0,0.0,0,8,0,8,0.8538614516228917,1.0,1.0,18,0,18,18,0,18,0,5,1.0,1.0,1,none,5,5,5,5,0.06550315297168613,0.9863710468401409,0.950843935228081,0.10531975664391868,0.9779156213174313,0.9151374151065436,0.10967135013185039,0.9776824158473546,0.9114737756611296,0.03753849283074295,0.9915227221525597,0.9747989885318178,0.051826235089305756,0.9879074992721814,0.9645301652962166,0.053939414779639504,0.9880477142544853,0.9623466039992067,0.018710475645564977,0.9960470322803078,0.9889895851738634,0.09728724683006051,0.9806782356855137,0.9237629931469096,0.12773602537579556,0.9745041931223867,0.8917561671477943,0.0027468882156918718,0.9857998684539298,0.9650449522520932
sim-75149ce0a988cacfa4df22f57186e43e7b1ec107ac882c595833bc541a1b6b57,13,challenged_demand,2.4677538182520777,0.05777800952398698,12.498133323280225,11.878823767733207,0.0,0.0,0,8,0,8,0.8566072331681371,1.0,1.0,18,0,18,18,0,18,0,5,1.0,1.0,1,none,5,5,5,5,0.06518425467585197,0.9855951760939722,0.9510252471290296,0.10513308038259167,0.9769621500076825,0.9147076787428746,0.10961273410885433,0.9760350147116953,0.9110276199183701,0.03821024141846391,0.991812725972848,0.9742195678828093,0.055530032601163876,0.98789750028972,0.9614893217005075,0.05468471548718698,0.9883458909063688,0.9618099995983044,0.02090287009652759,0.994309837825793,0.9873326220440511,0.09342680295193848,0.9794121074983061,0.9271845222734596,0.1271032253246262,0.9719380495442553,0.8916543407349251,0.002793295978949316,0.984573328207956,0.9650277136248205
sim-75149ce0a988cacfa4df22f57186e43e7b1ec107ac882c595833bc541a1b6b57,14,challenged_demand,2.484144760329684,0.04355022303797485,9.90989049434215,7.797414689539266,0.0,0.0,0,8,0,8,0.943569304772547,1.0,1.0,18,0,18,18,0,18,0,5,1.0,1.0,1,none,5,5,5,5,0.06656025421374073,0.985797806617717,0.9498800093169207,0.10761763050972266,0.9771470172305785,0.9124076037876573,0.11305355321937778,0.9755872294162927,0.9078479037842373,0.03975908390094603,0.9907959113092136,0.9728342755467259,0.05497708064597369,0.9894331639305471,0.9622064396172259,0.056058184762341305,0.9885933861640458,0.9608052893014594,0.02526612913443594,0.9932851123767158,0.9843912471134568,0.09830985258133393,0.9800528636415559,0.922932886024166,0.13274084096320635,0.9705221919985767,0.886036587903699,0.003084239541458509,0.9843104868178049,0.9625647030217128
sim-75149ce0a988cacfa4df22f57186e43e7b1ec107ac882c595833bc541a1b6b57,15,challenged_demand,2.5087142706174435,0.05090503398329572,20.52791775359315,6.9867303923584405,0.0,0.0,0,8,0,8,0.8846199800134504,0.9444444444444444,1.0,18,1,17,18,0,18,0,5,1.0,1.0,1,none,5,5,5,5,0.06642053856657568,0.986239260452588,0.9500310805704919,0.1063943477295217,0.9784723752861678,0.9134924344210232,0.11366495791620608,0.9767631313634684,0.9072718359806065,0.04182080112582846,0.9920415025686662,0.9712544281139551,0.05281592886576296,0.9885720199363209,0.9638343475328459,0.055518038593147356,0.9878170022472184,0.9610908514186184,0.030429471723077958,0.9947225203754927,0.9810239482431663,0.09748939969457365,0.9789888018483034,0.9233673885453738,0.13566918208070777,0.9723035605822297,0.8828001896816463,0.0030009352465267206,0.9851518815083005,0.9623545047508351
sim-75149ce0a988cacfa4df22f57186e43e7b1ec107ac882c595833bc541a1b6b57,16,challenged_demand,2.375597536035307,0.17161856446402463,46.93197348378755,34.29561184722159,0.2857142857142857,0.14285714285714285,2,7,1,7,0.9071686654443321,1.0,1.0,17,0,17,17,0,17,0,4,1.0,1.0,1,none,4,5,5,5,0.06571190654199956,0.9861679491018328,0.9506253630187734,0.10130179911379554,0.9795357017384088,0.9187502963910676,0.10829207301102593,0.9779192409171855,0.9124599531306431,0.038145948505939116,0.992206045687299,0.9741350862597592,0.05245589850173475,0.9898531195064444,0.9641119172779667,0.05545060373714611,0.9893380871011439,0.9612581738320836,0.02468320018936423,0.99616766108712,0.9851968022574767,0.09637205651104125,0.9799924004582511,0.9246166389699918,0.1248268251573481,0.9753800850469068,0.893666686043089,0.0026385574087883735,0.9869299978788777,0.9651209554467725
sim-75149ce0a988cacfa4df22f57186e43e7b1ec107ac882c595833bc541a1b6b57,17,challenged_demand,2.5168277319293906,0.06715185811970115,21.331455802067754,7.52465365227569,0.0,0.0,0,8,0,8,0.9184930810695756,1.0,1.0,18,0,18,18,0,18,0,5,1.0,1.0,1,none,5,5,5,5,0.06534103294873873,0.985839794756932,0.9508268383719278,0.10043809108035974,0.9769776558227807,0.9197178227310909,0.10774509010074738,0.9766562066558331,0.9131770479803709,0.03889963558935966,0.9903921998563371,0.9735040597736094,0.05028871363851033,0.9879639317625085,0.9658605441973371,0.053216830058786614,0.9880373080352942,0.963017425546713,0.021045805064261472,0.9942818314789201,0.9874993157908379,0.09545151061592107,0.9774771226006876,0.9251774588501063,0.12282767247202056,0.9725643538512357,0.8963808169604404,0.002743785991693403,0.9838351728928049,0.9659271859104293
sim-75149ce0a988cacfa4df22f57186e43e7b1ec107ac882c595833bc541a1b6b57,18,challenged_demand,2.5069642364473523,0.09761007687362118,28.375678440205157,29.39809429786647,0.1111111111111111,0.125,1,9,1,8,0.8338440638324824,1.0,1.0,18,0,18,18,0,18,0,5,1.0,1.0,1,none,5,6,5,5,0.0659566800228772,0.9862771048605695,0.9505249589644026,0.10690599643839853,0.9787350821346624,0.9136907757852509,0.10966847800369846,0.9773830288329479,0.9114999490346197,0.0434319767677517,0.9917837612251758,0.9700808241827358,0.05571783830272196,0.9885199415221049,0.9615075546031059,0.055474304187495195,0.9884791287557653,0.9611513722918632,0.027052057618274557,0.9944727772650157,0.9832112212795112,0.09943754750984803,0.9816654239957874,0.9221726272108323,0.13008553277732082,0.9729903059916517,0.8892063010686525,0.003082982199503938,0.9856520679028886,0.9623923302843611
sim-75149ce0a988cacfa4df22f57186e43e7b1ec107ac882c595833bc541a1b6b57,19,postdemand_recovery,2.5381770697220065,0.03696225247622758,25.70904313229668,11.046405878844729,0.14285714285714285,0.0,1,7,0,8,0.9059422152423462,1.0,0.9411764705882353,17,0,17,17,1,16,0,4,1.0,1.0,1,none,5,4,5,5,0.06551496669738231,0.9898272746810337,0.9554823756293406,0.10003706669042159,0.9837516441095745,0.9276255436157946,0.10585074999647062,0.982903700875611,0.9230404741232232,0.04023394253425896,0.9936154470388794,0.974932015050637,0.054818952424413446,0.9915011226952574,0.9654437301239016,0.05419649416813151,0.9915711450297982,0.9656101226716292,0.026392140752685006,0.9963598636561353,0.9852441723106427,0.09970570480091175,0.9834036726440915,0.9289187706063997,0.12515331604995628,0.9787448318297219,0.9034202180879113,0.00267599639307198,0.9897068239791743,0.9682135816316141
sim-75149ce0a988cacfa4df22f57186e43e7b1ec107ac882c595833bc541a1b6b57,20,postdemand_recovery,2.526573557514327,0.03099754749858942,12.325045357173032,5.715744188754208,0.0,0.0,0,8,0,8,0.8939884193630918,1.0,1.0,18,0,18,18,0,18,0,5,1.0,1.0,1,none,5,5,5,5,0.06386671640908073,0.9901362919112346,0.9616068033867732,0.10242294355671092,0.9839240910964827,0.9340390436636974,0.1081525977110207,0.9827431887973421,0.9296921968234602,0.0412721948152807,0.993212484911541,0.9772066381716519,0.05663289598761646,0.9904108222754574,0.9683804203975572,0.055925375065473945,0.9907835759162864,0.9685526907867307,0.020885765312353664,0.9974187088897614,0.9897880575960474,0.10011690760956117,0.9833432440315859,0.9360991137241512,0.12988678886864075,0.979696201980716,0.9096387066785302,0.0028115670201194548,0.9891387986138267,0.9716901072488253
sim-75149ce0a988cacfa4df22f57186e43e7b1ec107ac882c595833bc541a1b6b57,21,postdemand_recovery,2.5655496427824125,0.015201886844604086,13.938883121779899,3.6644384678141018,0.0,0.0,0,9,0,9,0.9853434091071555,1.0,1.0,18,0,18,18,0,18,0,5,1.0,1.0,1,none,5,6,6,5,0.06354875938796103,0.9901275632064344,0.9634282781688727,0.10443607365698312,0.9832533328728845,0.9349103456370421,0.11031406772721443,0.9827713173536166,0.930690963687119,0.041381453016719916,0.9943735539085268,0.9782196974376456,0.05827958682329801,0.9912225849355133,0.9687068685260645,0.057186887643286395,0.9911796352530816,0.9691031957224977,0.018121632111226433,0.9974791766735718,0.9915250982486395,0.09569338896878489,0.9878609260533964,0.9419896225966007,0.1312228069889571,0.9794397388780365,0.9116917795992051,0.0028257363875295143,0.989580582461058,0.9727315394845796
sim-75149ce0a988cacfa4df22f57186e43e7b1ec107ac882c595833bc541a1b6b57,22,postdemand_recovery,2.5906975595100796,0.019714432695138943,9.447882168454004,2.677703584977606,0.0,0.0,0,8,0,8,0.9156503272725262,1.0,1.0,18,0,18,18,0,18,0,5,1.0,1.0,1,none,5,5,5,5,0.06253970468773346,0.9902168634537265,0.9645659991647689,0.10363436325804491,0.9838506649991495,0.9361055738379904,0.11069600885716323,0.9821706465206628,0.9312254856801354,0.038444519316512826,0.9940445672791477,0.9802069958399059,0.05782807173500196,0.9908536475879666,0.969350579364869,0.057368952292225044,0.9909395889438003,0.9693550792812534,0.019313137770119556,0.9969212565333737,0.9909805751154513,0.08908690839553342,0.9855122443200544,0.9474037433219892,0.13001783706953546,0.9788856487836285,0.9136034712905245,0.0027272519970017502,0.9892868954560874,0.9737649180847411
sim-75149ce0a988cacfa4df22f57186e43e7b1ec107ac882c595833bc541a1b6b57,23,postdemand_recovery,2.5670210331575585,0.028117315168215525,9.181761521110198,5.67530465380454,0.0,0.0,0,8,0,8,0.9354515360091834,1.0,1.0,18,0,18,18,0,18,0,5,1.0,1.0,1,none,5,5,5,5,0.06255358336603117,0.9901996718730594,0.964651104737716,0.09964729952066381,0.9848000975845815,0.9391789803779429,0.10933850589079154,0.9827707299390025,0.9324356163251993,0.03798717608073375,0.9944049714348839,0.9805031131217645,0.05813519914786679,0.9909906677300944,0.9692673529424913,0.05714208003265953,0.9911166205650359,0.9695902097279488,0.019066315819731006,0.9969238241472794,0.9912590850178863,0.09376404556608976,0.9847022312203486,0.9442342268444681,0.12819497135983277,0.9797149000487781,0.9150047684737751,0.0027764694779892113,0.9894473621276373,0.9736866315594066
sim-75149ce0a988cacfa4df22f57186e43e7b1ec107ac882c595833bc541a1b6b57,24,postdemand_recovery,2.58725071197517,0.02609312814456976,12.747070518056496,1.6493406417883572,0.0,0.0,0,9,0,9,0.9095696116918869,1.0,1.0,18,0,18,18,0,18,0,5,1.0,1.0,1,none,6,5,5,6,0.0630043950570322,0.990078263268088,0.9644184548059704,0.10070619483831099,0.984006443075377,0.9383502339213771,0.10932141018127776,0.9832860739395992,0.9323405778826822,0.03874972613222505,0.9933622063663694,0.9799614211462961,0.05780413865736323,0.9915386964999838,0.969529823071968,0.05755822147222556,0.991193947412939,0.9693629903927496,0.019515448045396365,0.9970977377269702,0.9909413436371557,0.09941233971294403,0.9848744814591024,0.9401034165659914,0.12772069645743953,0.9803954798005075,0.9153725666731042,0.0028402274864072863,0.9891812026026896,0.9733088361141348
sim-e3fa47599222e5d579a377c82c95f7cbf682c36ea9bb5dc569e5c2c08d0cd493,1,baseline,1.9727358595750726,0.48432326232169126,152.12385707338075,115.47168444210142,0.8333333333333334,0.7142857142857143,5,6,5,7,0.731921941612625,0.6666666666666667,0.6666666666666667,15,5,10,15,5,10,0,4,0.992037212727049,0.9868712031760484,1,none,4,4,5,5,0.07986202576964903,0.9881335656516418,0.9807760424241676,0.07065802558912443,0.9897615672073965,0.9875007417531999,0.06629152285597396,0.9913344335419694,0.9906517537124215,0.064256614154294,0.995411322239629,0.9920644869556792,0.06588459105560164,0.9939118628539726,0.9909944321056888,0.06852336795266871,0.9928741760368772,0.9891204006061687,0.059059976584761385,0.9978188789189714,0.9956592922486114,0.08931534600659867,0.9841835098723775,0.974271978624673,0.06416022954229846,0.9914380644498232,0.9921390163547603,0.0718095949307981,0.992037212727049,0.9868712031760484
sim-e3fa47599222e5d579a377c82c95f7cbf682c36ea9bb5dc569e5c2c08d0cd493,2,baseline,2.5881210581012555,0.018130428767295783,9.682910497037396,5.548269223560798,0.0,0.0,0,9,0,9,0.9620296188214035,1.0,1.0,19,0,19,19,0,19,0,5,0.989110141825506,0.9749466971621964,1,none,6,5,5,5,0.07080686136362394,0.9898636176023672,0.9686083176146506,0.08458950510744302,0.9829408612524235,0.9597339555485844,0.08500633979743481,0.9817970680743092,0.9597439320868604,0.04569093935352966,0.9937221755535466,0.9855800632463286,0.05663532479201014,0.9905605249529351,0.9790817976044728,0.05857481732086576,0.9906316140735594,0.9776718043844729,0.02941014777669438,0.9983131747393205,0.9954623307917764,0.09384580361231672,0.985322604348999,0.9533351703930586,0.09658495923189077,0.9770278146749224,0.9511895350470506,0.06277795092951187,0.989110141825506,0.9749466971621964
sim-e3fa47599222e5d579a377c82c95f7cbf682c36ea9bb5dc569e5c2c08d0cd493,3,baseline,2.5453126681623517,0.021433383898714038,15.122599656347555,6.372661538417673,0.0,0.0,0,8,0,8,0.9379739475244312,1.0,1.0,18,0,18,18,0,18,0,5,0.9897517609842209,0.9672650453126679,1,none,5,5,5,5,0.06610058538007377,0.990347203391529,0.9656208725830752,0.09742636119819623,0.9839191076915471,0.9446994471829389,0.10052803935911499,0.9830984697486902,0.9429388014584734,0.040702116563376384,0.9939547909323713,0.9823298526415586,0.05734163977424605,0.9909187022433129,0.9728768123998587,0.05759154305504188,0.9912246219715511,0.9724388843182898,0.018359674327228077,0.9979276303607945,0.9950805191380538,0.08801308533693654,0.9848103486303582,0.9514499539301853,0.12096159880059729,0.9798674571351514,0.9263629509000045,0.06568783308752663,0.9897517609842209,0.9672650453126679
sim-e3fa47599222e5d579a377c82c95f7cbf682c36ea9bb5dc569e5c2c08d0cd493,4,baseline,2.5458550299039704,0.026594704073968717,10.815033349049312,6.662125505631514,0.0,0.0,0,8,0,8,0.9260276638117715,1.0,1.0,18,0,18,18,0,18,0,5,0.989732854151438,0.9650926078794372,1,none,5,5,5,5,0.06393757077934177,0.9902921260182231,0.9649819405620703,0.09961969754974123,0.9846879064944442,0.9407501302766158,0.10569568318673267,0.9834635788940115,0.936709201328089,0.04151818696402587,0.9933075316322774,0.979553477517256,0.056351963795028735,0.9918200106702226,0.9715909777521549,0.05644497045734279,0.9916037215126474,0.9711734128442702,0.017095422003189722,0.9978325115213946,0.9934422723982982,0.0974557432769872,0.9852583285370567,0.9424823663499123,0.12517913771642178,0.9804615259532027,0.9194753677689278,0.06590269436841237,0.989732854151438,0.9650926078794372
sim-e3fa47599222e5d579a377c82c95f7cbf682c36ea9bb5dc569e5c2c08d0cd493,5,baseline,2.563176696901352,0.029364816953115578,17.504500892340857,7.761195491774164,0.0,0.0,0,9,0,9,0.9385456523001656,1.0,1.0,18,0,18,18,0,18,0,5,0.9900450731891742,0.9647500550845978,1,none,5,6,6,5,0.06260493925474357,0.9903293044140024,0.9651126881320617,0.09817631325138716,0.9843115563017802,0.9409937634224272,0.10253339196574461,0.9840789634810924,0.938069868537296,0.040877621776411355,0.9939010241872922,0.9792180394514404,0.05534746892346098,0.9909505988908046,0.971457175071564,0.055906682356808075,0.9911329573884073,0.9708159420971167,0.014988644058466054,0.9975991745050347,0.9936987821933415,0.09564279009246542,0.9838226851047722,0.9427958654139017,0.1214533872617275,0.980072504275048,0.9211181059956995,0.06546733885013432,0.9900450731891742,0.9647500550845978
sim-e3fa47599222e5d579a377c82c95f7cbf682c36ea9bb5dc569e5c2c08d0cd493,6,baseline,2.533468887025187,0.02718383945166539,13.176594005118229,3.043318303382221,0.0,0.0,0,8,0,8,0.9115935908578698,1.0,1.0,16,0,16,16,0,16,0,5,0.9897166501600081,0.9646096732537967,1,none,5,5,5,5,0.0625434411842788,0.9900672509993261,0.9649295238969714,0.10131334178799793,0.9835915183080564,0.9384487735156554,0.10691178185392608,0.9819444332463015,0.934582193318161,0.03939475900935673,0.9939311753367319,0.979824496453864,0.05830416695202454,0.9907136197047669,0.9693994152215273,0.05750426193156801,0.9908818913535592,0.9696075904765766,0.016935249549894713,0.997323136174108,0.9923319970783441,0.09746322282864608,0.9850245115537807,0.9414647380339487,0.13019627141484866,0.9778928980778675,0.9139248119050332,0.06530134208760766,0.9897166501600081,0.9646096732537967
sim-e3fa47599222e5d579a377c82c95f7cbf682c36ea9bb5dc569e5c2c08d0cd493,7,prechallenge_demand,2.458156395755884,0.065401443318069,11.845347004330716,4.899359959337639,0.0,0.0,0,8,0,8,0.9130726111833394,1.0,1.0,17,0,17,17,0,17,0,5,0.9844736899401753,0.9573766624338257,1,none,5,5,5,5,0.06391433053793626,0.9859428053769043,0.9593190944022114,0.10321635569214185,0.9770763417573541,0.9293534614652276,0.10925533801937266,0.9772367959775902,0.9250275568927686,0.0419125025187024,0.991196113743594,0.9756682139429663,0.05744526585540333,0.9887925059981726,0.9664141450550989,0.056796565198049515,0.988535854952207,0.9665239769254629,0.017808919849598013,0.9951066889741549,0.9905467863762062,0.09634011344155925,0.9806685433426012,0.936104155418248,0.1312546677009853,0.9728749920170867,0.9034235865595139,0.0683823367843452,0.9844736899401753,0.9573766624338257
sim-e3fa47599222e5d579a377c82c95f7cbf682c36ea9bb5dc569e5c2c08d0cd493,8,prechallenge_demand,2.3852374576203594,0.12006298989450884,30.90899169193423,29.64799943597489,0.14285714285714285,0.125,1,7,1,8,0.8946720390824258,1.0,1.0,17,0,17,17,0,17,0,4,0.9864109843755665,0.9524657453167613,1,none,5,4,5,5,0.06620096340906016,0.9854913350798115,0.952465731778889,0.10609368953598415,0.9785262416083463,0.9185860591360218,0.11008842891495282,0.9769973280647666,0.9151685339773596,0.04247006882166586,0.9905137557890971,0.9722308661977069,0.05563229297709183,0.9886938971696635,0.9636643664168552,0.05541733624532962,0.9887703964794821,0.9633917239735921,0.021436965562756278,0.9953404648722988,0.9873088531444557,0.09801252157752934,0.9786890301087517,0.9266224892284408,0.132185014030396,0.9727323056322418,0.8915470911368119,0.06883073552958681,0.9864109843755665,0.9524657453167613
sim-e3fa47599222e5d579a377c82c95f7cbf682c36ea9bb5dc569e5c2c08d0cd493,9,prechallenge_demand,2.4349269468792665,0.045908338994811004,9.50372720622141,9.82941050579915,0.0,0.0,0,7,0,7,0.9223686393476563,1.0,1.0,16,0,16,16,0,16,0,4,0.9842480953497097,0.949044269786728,1,none,5,4,4,5,0.06752721963229463,0.9857782067352269,0.9498299504059058,0.10581072297452232,0.9770199214014282,0.9160287575215579,0.10877820291413158,0.9765934861335427,0.9135527884120447,0.04535669963128657,0.9904662866910199,0.9689441967497803,0.05538289387741905,0.9879403114235813,0.9624243608790158,0.05583272989304029,0.9878404484363229,0.9615230646563787,0.026932695784362387,0.9926159070801961,0.9831944073269409,0.09951199239661089,0.9791837138378475,0.9228570143893472,0.13029954623927695,0.9715774611522582,0.8903614670434242,0.0704496642865905,0.9842480953497097,0.949044269786728
sim-e3fa47599222e5d579a377c82c95f7cbf682c36ea9bb5dc569e5c2c08d0cd493,10,prechallenge_demand,2.500181415742049,0.05812500406595061,19.921760593227805,6.515147643242644,0.0,0.0,0,8,0,8,0.9317296307180575,1.0,1.0,18,0,18,18,0,18,0,5,0.9860430309713772,0.9497111210861727,1,none,5,5,5,5,0.06725661035177703,0.9860444024219459,0.9495594898512857,0.10685291950935268,0.9772503064760523,0.9139180197864692,0.11263721398005536,0.9752812343423208,0.9089920506170616,0.04320048001078921,0.990922828046741,0.9705663711115865,0.05621976936850813,0.9890504563406171,0.961501783239237,0.05620420567895851,0.9888708699199974,0.9609323828828279,0.03148523123546268,0.9921323499548681,0.9800029143957794,0.09849658330227279,0.9800044642847224,0.9230565069490158,0.13334015034558283,0.9701750051376055,0.8866792023106448,0.06917776279508152,0.9860430309713772,0.9497111210861727
sim-e3fa47599222e5d579a377c82c95f7cbf682c36ea9bb5dc569e5c2c08d0cd493,11,prechallenge_demand,2.4317260939435026,0.145968189530832,38.043132304598174,28.05141165958714,0.125,0.1111111111111111,1,8,1,9,0.9083625569743012,1.0,1.0,17,0,17,17,0,17,0,5,0.9862776559408994,0.950702320769196,1,none,5,5,6,5,0.06588069572135671,0.986001811808336,0.9504981976937869,0.10735999069810484,0.9772068129490065,0.9131582137676619,0.11303150859747824,0.9771197358758748,0.9082483850516259,0.04384095294056326,0.9914313983460148,0.9701212481936597,0.05226987961020912,0.9896782470867427,0.9645250346610807,0.05423983925853605,0.9885924947166868,0.962344208621126,0.027551843274347333,0.9973854436508812,0.9834354809920639,0.09320341689517816,0.9802826838216476,0.9281206446781239,0.1369143959440405,0.971417851654318,0.8823440787173843,0.06777831364825403,0.9862776559408994,0.950702320769196
sim-e3fa47599222e5d579a377c82c95f7cbf682c36ea9bb5dc569e5c2c08d0cd493,12,prechallenge_demand,2.379743475432711,0.07328503516620138,9.839438494211251,9.08127026256801,0.0,0.0,0,7,0,7,0.8929515875371399,1.0,1.0,16,0,16,16,0,16,0,4,0.9859448374802323,0.9518433912290459,1,none,5,4,4,5,0.06661228961812735,0.9856674439788065,0.949868974556718,0.10716640314291254,0.9777570841390538,0.9135871157513766,0.11251437605901342,0.9764145204174756,0.9087057062104527,0.04216462725650724,0.9909965742874569,0.9715839296802301,0.05495089650367163,0.9875603983222386,0.9622044027764309,0.05649210703098061,0.9878742135958622,0.9604555320054919,0.02494576550802529,0.9942804316014155,0.9849354843494807,0.09817283381377183,0.9795222063681913,0.9236480676910387,0.1349691567022988,0.9729783699913009,0.8840216413864513,0.06657237083757882,0.9859448374802323,0.9518433912290459
sim-e3fa47599222e5d579a377c82c95f7cbf682c36ea9bb5dc569e5c2c08d0cd493,13,challenged_demand,2.563582580627569,0.039870160651704824,10.241584307622771,8.495659867123084,0.0,0.0,0,9,0,9,0.9056375824196248,1.0,1.0,18,0,18,18,0,18,0,5,0.9516088099302661,0.6738546974511196,1,none,5,6,6,5,0.06581624867399505,0.9864604909055518,0.950663321058232,0.10150925118759778,0.9789534781793223,0.9187615382147263,0.10670393170374817,0.9777781925162933,0.9139905038391689,0.04109966132954776,0.9917009780382966,0.9723006086282944,0.05396123688636783,0.9891601040824012,0.9632505126139378,0.054031585173761526,0.9886057724800554,0.9626095325663734,0.023634260340493915,0.9948086370483467,0.9858897824564348,0.08893174696201188,0.9828813299121207,0.9320460357530083,0.12460184199247332,0.9740192707052144,0.8936894968594156,0.06605936914725939,0.9516088099302661,0.6738546974511196
sim-e3fa47599222e5d579a377c82c95f7cbf682c36ea9bb5dc569e5c2c08d0cd493,14,challenged_demand,2.5734997624152918,0.046763421112276216,14.372120033900059,9.397606367624933,0.0,0.0,0,8,0,8,0.9518538806367787,1.0,1.0,17,0,17,17,0,17,0,5,0.9861712183756653,0.8646000881297287,1,none,5,5,5,5,0.06467884334617412,0.9861917599019712,0.9514849058037061,0.09953275489416959,0.9793295966176739,0.9207596383152624,0.10685533190014221,0.9773130258560743,0.9140661040757168,0.03926519634510328,0.9926379395703366,0.9737471476184469,0.0506740197144886,0.989885659162577,0.9658525812236651,0.054368182118584726,0.9886163538398355,0.9623131172367178,0.026491535266058092,0.9939541809507686,0.9837869550724936,0.09019877567188715,0.9805740427339095,0.9307560205380533,0.12230988696008888,0.974892631687963,0.8970635115240543,0.06555872534333701,0.9861712183756653,0.8646000881297287
sim-e3fa47599222e5d579a377c82c95f7cbf682c36ea9bb5dc569e5c2c08d0cd493,15,challenged_demand,2.513940273889416,0.035755935801642734,12.68649905537209,5.446425759630605,0.0,0.0,0,8,0,8,0.8947023258582085,1.0,1.0,18,0,18,18,0,18,0,5,0.986017663508829,0.9243559625024176,1,none,5,5,5,5,0.06538192370420966,0.9862210055963201,0.9508145183782649,0.09982796384902407,0.9793694046844448,0.9205607060905766,0.10663703040325145,0.9775485945789619,0.9145762323167319,0.03729720889598511,0.9917650962435639,0.9749873242947028,0.05356424523362857,0.9883089940879493,0.9633951858987193,0.05523548370882352,0.9885198188987951,0.9615443942017616,0.026664969775399883,0.9953858658010994,0.98377757935447,0.09165836386824192,0.9806815278140102,0.9293000789801042,0.12538872255011937,0.9725263097705277,0.8946192537763453,0.06626408896606617,0.986017663508829,0.9243559625024176
sim-e3fa47599222e5d579a377c82c95f7cbf682c36ea9bb5dc569e5c2c08d0cd493,16,challenged_demand,2.48666803932574,0.07945123679017364,17.008706471102442,7.127622866340291,0.0,0.0,0,8,0,8,0.9067369875787755,1.0,1.0,18,0,18,18,0,18,0,5,0.9839601406825543,0.9422762768601716,1,none,5,5,5,5,0.06488850163087902,0.985347528245523,0.9511560562886987,0.09677538190373242,0.9773663548057286,0.9232566710440625,0.10822717062812744,0.9751846394054845,0.9128140189433415,0.040478141716151016,0.9900134456321844,0.9722740470721224,0.0553691933159556,0.986988602042744,0.9619409801396592,0.05526088771881994,0.98740525662795,0.961393662257379,0.027517163787542067,0.9923183891515491,0.9827951641421582,0.09107271522193384,0.9802117139777463,0.9297100822898976,0.1295373955274111,0.9699165776307066,0.8900679836352472,0.06723945439971347,0.9839601406825543,0.9422762768601716
sim-e3fa47599222e5d579a377c82c95f7cbf682c36ea9bb5dc569e5c2c08d0cd493,17,challenged_demand,2.459237147421174,0.08016515533789365,9.314753541870346,33.740726730326685,0.0,0.14285714285714285,0,6,1,7,0.844777401383314,1.0,1.0,15,0,15,15,0,15,0,3,0.9854195408419636,0.9458483659097835,1,none,5,3,4,5,0.06818572409324505,0.9851294611767414,0.948374063011846,0.10332365801130598,0.9780372799922598,0.9177358268727958,0.1109369613239664,0.9779880380364545,0.9106012277893014,0.041484589074637424,0.9909570429849912,0.9717927015061336,0.05510319031871904,0.9883337774051641,0.9622736710841769,0.05665041414289437,0.9878049420912292,0.9602775332415373,0.029623338592876716,0.994040230775347,0.9817654186389452,0.09179822699900543,0.9779496536765574,0.9290672718667836,0.13149355498010856,0.9739034547865012,0.8888301156589532,0.07028231697440802,0.9854195408419636,0.9458483659097835
sim-e3fa47599222e5d579a377c82c95f7cbf682c36ea9bb5dc569e5c2c08d0cd493,18,challenged_demand,2.5315739105617396,0.0910389684394597,32.485015242986876,10.432025990561868,0.125,0.0,1,8,0,7,0.7980543801880519,1.0,1.0,18,0,18,18,0,18,0,4,0.9867424796553307,0.9482934130124825,1,none,4,6,5,5,0.06803503669086566,0.9864067391539632,0.9487337092378109,0.10722172997374373,0.9785769038389597,0.9135948139358497,0.10859831352405812,0.977643915094209,0.9126806492369174,0.04571638108124072,0.9918060227716792,0.9684386741722585,0.057308268627280654,0.988749559039145,0.9603951769326914,0.05729868779271036,0.9889917110574304,0.9597463006794114,0.03060418409391023,0.9944575441095655,0.9810612967768582,0.09778414502327565,0.9813693061389482,0.9244279103457662,0.13065731705979786,0.9735261107890458,0.8890558134864455,0.06960739680866751,0.9867424796553307,0.9482934130124825
sim-e3fa47599222e5d579a377c82c95f7cbf682c36ea9bb5dc569e5c2c08d0cd493,19,postdemand_recovery,2.1422856461003534,0.337803243280845,116.92199289185059,74.1052646346227,0.6666666666666666,0.375,4,6,3,8,0.9043451234706741,1.0,1.0,16,0,16,16,0,16,0,3,0.9903014943866356,0.9569391065439558,1,none,5,3,5,5,0.06589034188254038,0.989778759565787,0.9551803327472662,0.09964056065182823,0.9847851933305035,0.9279610255484696,0.1058789658544347,0.9832045930891061,0.9232814497062848,0.03721813040937898,0.9949986780417729,0.9769848941988932,0.053003210882237105,0.9922552330984279,0.9668196026871372,0.05351951626015583,0.9918742195523148,0.9661873140845219,0.026268430237752466,0.9968767272967621,0.9853479381978384,0.09076870382221577,0.9863938911149506,0.9358593697539116,0.12310351281827037,0.9808448074553958,0.9054117516024328,0.06506409409211321,0.9903014943866356,0.9569391065439558
sim-e3fa47599222e5d579a377c82c95f7cbf682c36ea9bb5dc569e5c2c08d0cd493,20,postdemand_recovery,2.5624846110503676,0.01631472951046165,19.383333068685353,5.959461215115095,0.0,0.0,0,8,0,8,0.9586490031142396,1.0,1.0,18,0,18,18,0,18,0,5,0.9898620116250706,0.9626336426108342,1,none,5,5,5,5,0.06384967896466918,0.9904753710622215,0.9616350473452813,0.09935408592124197,0.9841634901995235,0.936323646963809,0.10791793092110519,0.9822344694425607,0.9300400124736407,0.03770579844669436,0.9939134868491428,0.9793587187962309,0.05446419651792351,0.9906165458869663,0.9697870741026089,0.05488023305606274,0.991061867810326,0.9692654072920099,0.0202931022281188,0.9974256617437435,0.9900759236543267,0.09840055611205653,0.9825383216498768,0.9374224847981368,0.12508863000519685,0.9785854834307182,0.9140437347459748,0.06434745668033857,0.9898620116250706,0.9626336426108342
sim-e3fa47599222e5d579a377c82c95f7cbf682c36ea9bb5dc569e5c2c08d0cd493,21,postdemand_recovery,2.585987117344134,0.021328484542974577,7.748770423546238,6.459494523346716,0.0,0.0,0,9,0,9,0.9203365062914344,1.0,1.0,18,0,18,18,0,18,0,5,0.9896112307130268,0.9632439482242,1,none,6,5,5,6,0.06329575793079577,0.9899948501902335,0.9635535644493917,0.10114790495855579,0.9840287840459482,0.9377629631775003,0.10954130022014871,0.9834718390737427,0.9314961575302896,0.0379911275586152,0.9941228360894957,0.9801033171927117,0.056757775689815236,0.991376621004985,0.9696868952604127,0.05605701878886905,0.9911554244881831,0.9697813033662069,0.018823850981577742,0.9972270336235162,0.9912066015604993,0.09601893572598388,0.987039211594769,0.9414651124085032,0.13177846351480338,0.9797942765464195,0.9120840953460004,0.06606984942149928,0.9896112307130268,0.9632439482242
sim-e3fa47599222e5d579a377c82c95f7cbf682c36ea9bb5dc569e5c2c08d0cd493,22,postdemand_recovery,2.589859583021748,0.027494005991700703,12.858311837763734,4.762979862750198,0.0,0.0,0,8,0,8,0.9592694819179144,1.0,1.0,18,0,18,18,0,18,0,5,0.9896574057757423,0.964420007035304,1,none,5,5,5,5,0.06237223399590377,0.9902215530788352,0.9646262889447421,0.10056056527044833,0.9832865371185199,0.9388281291943119,0.10828672629951917,0.9821278948267749,0.9329254487491352,0.038862362094612336,0.9937419820672333,0.9798031814425486,0.055615015378206456,0.9913932005616221,0.970771849022682,0.05631552285096057,0.9909971467030829,0.9699965511362523,0.018373928149283323,0.996942642731498,0.9915621393750337,0.09227019304713219,0.9844169708054517,0.9449646796802196,0.12949378184987875,0.978158165092789,0.9140686017800113,0.06508787897258628,0.9896574057757423,0.964420007035304
sim-e3fa47599222e5d579a377c82c95f7cbf682c36ea9bb5dc569e5c2c08d0cd493,23,postdemand_recovery,2.572361602988452,0.015721464589284494,9.39504251331152,4.122094017628618,0.0,0.0,0,8,0,8,0.9192710852005352,1.0,1.0,18,0,18,18,0,18,0,5,0.989260117820128,0.9637384868552913,1,none,5,5,5,5,0.06256422934629219,0.990093569706339,0.9646466059388752,0.10474922259293934,0.9826390281113441,0.9359226821389232,0.11104325343033768,0.9820890312068339,0.9311387903958684,0.039825831488068945,0.9935238930139414,0.9793190613967719,0.056391005866134526,0.9907497930347761,0.970362600024735,0.057418900386202405,0.9909758669166945,0.9694122667384601,0.01915538117960759,0.9973859756837251,0.9911863650809255,0.09512276462824497,0.985615831855581,0.9432230913112137,0.1348462945714079,0.9780483727520138,0.9098304317632273,0.06628990168678091,0.989260117820128,0.9637384868552913
sim-e3fa47599222e5d579a377c82c95f7cbf682c36ea9bb5dc569e5c2c08d0cd493,24,postdemand_recovery,2.5421234145093825,0.029834493908559925,10.320046163417228,3.7341918480912324,0.0,0.0,0,8,0,8,0.8917807269980431,1.0,1.0,18,0,18,18,0,18,0,5,0.990098075674709,0.9636869328577852,1,none,5,5,5,5,0.06237740722866339,0.9904979899039552,0.9648948218693044,0.10598833727946289,0.9841668497971807,0.9348427799582025,0.11021937450827005,0.9833213150651293,0.9317833012553098,0.04056209667916281,0.993759163908817,0.9789789932300329,0.0579051745208681,0.9911110911600939,0.9695014857163116,0.057291740441243674,0.9912760668189317,0.9695722426996783,0.017130119317522556,0.9973238608416913,0.9921144606346776,0.09258055943428153,0.9852061963615908,0.9452154202285308,0.13154627005055625,0.9804486457597379,0.9120990101567672,0.06649363369860281,0.990098075674709,0.9636869328577852
sim-d4dc28cb9b1663c67d2079fe971223ede311b825f47394d8e36e316dbcc7f6e7,1,baseline,1.9727358595750726,0.48432326232169126,152.12385707338075,115.47168444210142,0.8333333333333334,0.7142857142857143,5,6,5,7,0.7314101799679926,0.6666666666666667,0.6666666666666667,15,5,10,15,5,10,0,4,0.9918422341615089,0.9882957400478388,1,none,4,4,5,5,0.07986203773055542,0.9881335245083114,0.9807760505641656,0.07065800929962532,0.989761397834196,0.9875007619067359,0.06629158178756434,0.9913340759330933,0.9906517384095092,0.06425660437208398,0.9954113464108336,0.9920644829332216,0.06588462297892134,0.9939120270331133,0.9909944165977076,0.06852335998613844,0.9928741437431856,0.9891204051025337,0.05905999957628194,0.9978189356756686,0.9956592850179194,0.08931535156515562,0.9841833409918539,0.9742719926523493,0.06416025663555562,0.9914382385221773,0.9921390204689652,0.02861166693930362,0.9918422341615089,0.9882957400478388
sim-d4dc28cb9b1663c67d2079fe971223ede311b825f47394d8e36e316dbcc7f6e7,2,baseline,2.587290735724441,0.01777202064629315,9.682910497037396,5.548269223560798,0.0,0.0,0,9,0,9,0.9617797519907434,1.0,1.0,19,0,19,19,0,19,0,5,0.9886751894176475,0.9800305341725307,1,none,6,5,5,5,0.07080698004556053,0.9898675030198553,0.9686085083574806,0.08458911481509063,0.9829708295316845,0.9597352733501452,0.08500660876080486,0.9818108274810464,0.959744504717829,0.04569107978547303,0.9937257092685285,0.9855802368211487,0.05663537117260458,0.9905670987760361,0.9790819523748242,0.058574370161399915,0.9906424569620833,0.9776727145999607,0.029410428947286456,0.9983167185292279,0.9954623361934043,0.09384278075696309,0.9853783079372245,0.9533384625097704,0.09658512196995835,0.9770621694650422,0.9511909335499472,0.004211208906734361,0.9886751894176475,0.9800305341725307
sim-d4dc28cb9b1663c67d2079fe971223ede311b825f47394d8e36e316dbcc7f6e7,3,baseline,2.5444839229699445,0.021080932609167304,15.355074114999564,6.542418042446299,0.0,0.0,0,8,0,8,0.939924602138736,1.0,1.0,18,0,18,18,0,18,0,5,0.9892603492372303,0.9750576609806542,1,none,5,5,5,5,0.06610015121075265,0.9903457580764798,0.965620979452538,0.09712922771445477,0.9839800513059256,0.9449390355487183,0.10038023314165315,0.9831269855845224,0.9430500361675961,0.04070166880785888,0.9939539827824255,0.9823298234292384,0.05733982403794948,0.9909109140174189,0.9728777601104389,0.05759158499002281,0.9912161261172148,0.9724387295669068,0.018886825887504014,0.9977412016506633,0.9947895554463598,0.08752677350439311,0.9848803977274856,0.9517899264236728,0.12073000309927394,0.9798865536392223,0.9265480599297535,0.00295575239962745,0.9892603492372303,0.9750576609806542
sim-d4dc28cb9b1663c67d2079fe971223ede311b825f47394d8e36e316dbcc7f6e7,4,baseline,2.5454552125405416,0.025284027919474532,11.27217437159342,6.368933752307499,0.0,0.0,0,8,0,8,0.9265591908675905,1.0,1.0,18,0,18,18,0,18,0,5,0.9892414457342023,0.9738690661666399,1,none,5,5,5,5,0.06393706137832657,0.9902947083009652,0.9649821693879974,0.0994924046962922,0.9846847430160285,0.9408618441901448,0.10562661580399103,0.9834620949514964,0.936766121876831,0.041517411750823616,0.9933050270122649,0.9795537995114978,0.05635280016420913,0.9918194010903953,0.9715907001933487,0.05644543232929709,0.9916043807164561,0.9711732467506833,0.01749856221850721,0.9978367847708165,0.9932348563133642,0.09725478248444282,0.9852615500737999,0.9426235352032801,0.12530891512130074,0.980342184065145,0.9193576440612845,0.00283295985936104,0.9892414457342023,0.9738690661666399
sim-d4dc28cb9b1663c67d2079fe971223ede311b825f47394d8e36e316dbcc7f6e7,5,baseline,2.5641613753053853,0.02928170243250199,17.382516071376482,7.70664237491393,0.0,0.0,0,9,0,9,0.9402581671536326,1.0,1.0,18,0,18,18,0,18,0,5,0.9895788835428833,0.9737304437748701,1,none,5,6,6,5,0.06260274438401087,0.9903233198587622,0.9651140288153336,0.0981273675684896,0.9843154980439156,0.94103969504783,0.10237447453497832,0.9841230124217587,0.9381889614820743,0.040830413726089775,0.9939653687706305,0.9792510039649951,0.05545281126064907,0.9908828214832504,0.9713871074959236,0.05590574089263868,0.9911257122617338,0.9708162496567161,0.015146397353909692,0.9975986804829963,0.993626657742061,0.09556488982419375,0.9838268443286448,0.942852565407765,0.12134073829198061,0.980199040303713,0.9211776110363907,0.002777811842139225,0.9895788835428833,0.9737304437748701
sim-d4dc28cb9b1663c67d2079fe971223ede311b825f47394d8e36e316dbcc7f6e7,6,baseline,2.5314859769296865,0.02543599561846661,13.495984776417968,3.2648187128087276,0.0,0.0,0,8,0,8,0.9141470840396457,1.0,1.0,16,0,16,16,0,16,0,5,0.9891389186980823,0.9736138669241193,1,none,5,5,5,5,0.06253825530123373,0.9900901877733396,0.9649342834401049,0.10145377317758927,0.9834492578990988,0.9383614378048349,0.10677118011728103,0.9819643094270215,0.9347013698103435,0.0392364722274035,0.9938790038763406,0.9799132461027554,0.05827203338526514,0.9907858604853131,0.9694231656141207,0.05743784421188835,0.9909099108122378,0.9696471929634912,0.017064225941449664,0.9972427965925789,0.9922546726228033,0.09743675423670206,0.9850615045917269,0.9414566005378433,0.13048193230455138,0.9776517966228391,0.91366928571259,0.002794905607738774,0.9891389186980823,0.9736138669241193
sim-d4dc28cb9b1663c67d2079fe971223ede311b825f47394d8e36e316dbcc7f6e7,7,prechallenge_demand,2.4911568397020636,0.05727903219597927,7.9920261328310165,6.129515175077044,0.0,0.0,0,8,0,8,0.8809789474379552,0.9411764705882353,1.0,17,1,16,17,0,17,0,5,0.9846363061301592,0.969569566727521,1,none,5,5,5,5,0.06386021922354773,0.9857262870468797,0.9593560907752485,0.10314030014612216,0.9772478041534598,0.9294906896649627,0.10937765269134989,0.9773885740498308,0.9249488364827815,0.042271922969680985,0.9908804960402114,0.9753749203320677,0.054980673436628325,0.9905106754136429,0.9685937654467718,0.05543922460628501,0.9895208585800961,0.9676765381190973,0.016370124136955034,0.9949548379876477,0.9915085357054535,0.09501685269673586,0.9822631712080074,0.9374728436546834,0.13362186256986136,0.9723655425659403,0.9009550481908863,0.0029008074067705396,0.9846363061301592,0.969569566727521
sim-d4dc28cb9b1663c67d2079fe971223ede311b825f47394d8e36e316dbcc7f6e7,8,prechallenge_demand,2.470710197345015,0.03202712473336318,9.244068677280577,12.441305349379013,0.0,0.0,0,8,0,8,0.9399801060513573,1.0,1.0,16,0,16,16,0,16,0,5,0.9845654421511447,0.9640944008396019,1,none,5,5,5,5,0.06632002543813229,0.9856619374266204,0.9523141654195943,0.1090657108424432,0.9767786091047007,0.915180975313855,0.11223305066058495,0.9755175213099814,0.9128549048282741,0.04374086437539434,0.9904600876152375,0.9712608818258991,0.05455764031921622,0.9870898732278238,0.9643547617739874,0.05602515335690326,0.987022909923537,0.9626511955529414,0.025943359509049312,0.9941969400377367,0.9841549812621436,0.09160596018272071,0.979906476329903,0.9328860294860518,0.13469186130085012,0.9714971715547857,0.8886137665185941,0.003056336286253379,0.9845654421511447,0.9640944008396019
sim-d4dc28cb9b1663c67d2079fe971223ede311b825f47394d8e36e316dbcc7f6e7,9,prechallenge_demand,2.4628476276841385,0.05052227582531905,8.727986596971595,7.330524479882396,0.0,0.0,0,8,0,8,0.9159795704330174,1.0,1.0,16,0,16,16,0,16,0,5,0.9855321387990288,0.9640388689362313,1,none,5,5,5,5,0.06724724785124368,0.9857630646995265,0.9499727463904427,0.10437843696796673,0.9799275786060864,0.9174624496220123,0.11200723548577579,0.9772982733060471,0.9102437045524335,0.04021869879873839,0.9933134182857636,0.9731514045009478,0.05369968771365453,0.9909667207818342,0.9638566668202514,0.056052394729352854,0.9896121331687645,0.9613458471842821,0.025118280101174145,0.9950817463845838,0.9846790814251063,0.09306484701451315,0.9826312927546441,0.9292667406600655,0.13373971395974243,0.9721282242339201,0.8863561802946645,0.002867525130936774,0.9855321387990288,0.9640388689362313
sim-d4dc28cb9b1663c67d2079fe971223ede311b825f47394d8e36e316dbcc7f6e7,10,prechallenge_demand,2.3649123237288325,0.1621451573667013,40.6125348355197,34.36969590029223,0.14285714285714285,0.125,1,7,1,8,0.9153302572094023,1.0,1.0,17,0,17,17,0,17,0,4,0.9854634025473961,0.9645331954574521,1,none,5,4,5,5,0.06621905190282337,0.9861935618432283,0.9503200912797191,0.09994311521298602,0.9772656995943361,0.9208160134204985,0.10804647573757424,0.9760773302508599,0.9132883717446836,0.035306587907728455,0.9924431764525827,0.9765057967947314,0.04872195234001455,0.9895740994163054,0.9673094653071532,0.05331295016039231,0.9886203701378855,0.9630192659197,0.02446497279187537,0.9946067122500699,0.984805651148987,0.08753059553733747,0.979076974034668,0.9330943349387743,0.12965407647881846,0.9710415726617624,0.8897159455869221,0.0027918235797917083,0.9854634025473961,0.9645331954574521
sim-d4dc28cb9b1663c67d2079fe971223ede311b825f47394d8e36e316dbcc7f6e7,11,prechallenge_demand,2.594145071264421,0.11197197702084165,65.07003694837728,55.9721611981618,0.2857142857142857,0.25,2,7,2,8,0.9590136033336328,1.0,1.0,16,0,16,16,0,16,0,3,0.9859385953533498,0.9646955523964752,1,none,6,3,4,5,0.06591184434289668,0.9860778537089039,0.9504095533672289,0.10710677292240797,0.9767294075013724,0.9138615496396513,0.11285369716808828,0.9755640007723871,0.9085429566733031,0.037273723289527896,0.9925740266746438,0.9748723959464817,0.048813453491699306,0.9895902198423925,0.9671320347838646,0.052438408743764015,0.988891329821705,0.9636094892252248,0.021855589880160346,0.9971163734752927,0.9869651997742908,0.09806879242392026,0.9780373942706575,0.9235634268874785,0.13554017130208534,0.9713690639986089,0.883961616019489,0.0027933244080520676,0.9859385953533498,0.9646955523964752
sim-d4dc28cb9b1663c67d2079fe971223ede311b825f47394d8e36e316dbcc7f6e7,12,prechallenge_demand,2.4802620157059225,0.032434867835903644,12.083233970386939,10.651296007495963,0.0,0.0,0,8,0,8,0.8538614516228917,1.0,1.0,18,0,18,18,0,18,0,5,0.9857998684539298,0.9650449522520932,1,none,5,5,5,5,0.06550315297168613,0.9863710468401409,0.950843935228081,0.10531975664391868,0.9779156213174313,0.9151374151065436,0.10967135013185039,0.9776824158473546,0.9114737756611296,0.03753849283074295,0.9915227221525597,0.9747989885318178,0.051826235089305756,0.9879074992721814,0.9645301652962166,0.053939414779639504,0.9880477142544853,0.9623466039992067,0.018710475645564977,0.9960470322803078,0.9889895851738634,0.09728724683006051,0.9806782356855137,0.9237629931469096,0.12773602537579556,0.9745041931223867,0.8917561671477943,0.0027468882156918718,0.9857998684539298,0.9650449522520932
sim-d4dc28cb9b1663c67d2079fe971223ede311b825f47394d8e36e316dbcc7f6e7,13,challenged_demand,2.4310342772404994,0.06099786281812329,17.099181893377953,12.289819270013947,0.0,0.0,0,8,0,8,0.8245453744885609,0.9444444444444444,0.9444444444444444,18,1,17,18,1,17,0,5,0.9480266782819938,0.6862356486780936,1,none,5,5,5,5,0.06549016559777461,0.9856128618895709,0.9508423683430053,0.105446412354792,0.9774167753962002,0.9144574870458997,0.10946092576270042,0.9765607717398102,0.9111972415729824,0.03921572825158602,0.9907201230508959,0.9734187593916968,0.056936487924673165,0.9875293476204506,0.9602376978172108,0.056107836385921976,0.9879583575293999,0.9605552394806025,0.020306803177958733,0.9950935566006983,0.9877228092895705,0.0966164080190517,0.9789967077640631,0.9242106249981188,0.12818556939435383,0.9710520534412874,0.8905382838707145,0.003003727826623642,0.9480266782819938,0.6862356486780936
sim-d4dc28cb9b1663c67d2079fe971223ede311b825f47394d8e36e316dbcc7f6e7,14,challenged_demand,2.3219397919519023,0.1733210373033965,45.22584436650667,25.982519730510642,0.14285714285714285,0.125,1,7,1,8,0.9998760506123606,1.0,1.0,17,0,17,17,0,17,0,4,0.9850313354326096,0.8731141896449024,1,none,5,4,5,5,0.06772059359267764,0.9850695403365601,0.9490393685641462,0.10691884633146587,0.9770954028595893,0.913600571364489,0.11144110617779007,0.9762294167333114,0.9095972800551719,0.04120139006661932,0.9913488726204887,0.9719319904812768,0.05754056376365051,0.9876537623890186,0.9599969715309669,0.05657234863911111,0.9881835326304835,0.9604093305991745,0.02450835213542706,0.9933439240565313,0.9847983307864512,0.0995101669226945,0.9781119606037909,0.9216289038038303,0.13498069023512255,0.9717400210666831,0.8843253123668986,0.0031108422806665013,0.9850313354326096,0.8731141896449024
sim-d4dc28cb9b1663c67d2079fe971223ede311b825f47394d8e36e316dbcc7f6e7,15,challenged_demand,2.2074068538843297,0.24891960235033941,69.82329423198622,21.93723030834142,0.2857142857142857,0.14285714285714285,2,7,1,7,0.9578078896668283,1.0,1.0,15,0,15,15,0,15,0,4,0.9870042653118204,0.9368476392801912,1,none,5,4,4,4,0.06745062708965853,0.9863905875008265,0.9492752545464977,0.09918321101396976,0.9818441557113181,0.9216530046171578,0.10724138903696064,0.978765492683174,0.9139620951234512,0.04066443091566099,0.992368880463923,0.9725196282644044,0.05215438400002269,0.99126301455864,0.9649972630335031,0.05262406365784547,0.9901805119227665,0.9639868750999208,0.025113132921154344,0.9961557971194834,0.9848279594309868,0.10009684729740803,0.9799874671336758,0.9210909095238026,0.12542860110593804,0.9756190888599272,0.893935974367583,0.0026465237439079756,0.9870042653118204,0.9368476392801912
sim-d4dc28cb9b1663c67d2079fe971223ede311b825f47394d8e36e316dbcc7f6e7,16,challenged_demand,2.592432745668023,0.03226499910604905,6.826049709841884,7.630871353760386,0.0,0.0,0,8,0,8,0.9358798530360067,1.0,1.0,18,0,18,18,0,18,0,5,0.986028946905014,0.9570779243675872,1,none,5,5,5,5,0.06489376563906865,0.9866822586116398,0.9514109877781876,0.09660788567081437,0.9787030575423717,0.9240518172054194,0.1071136470215018,0.9759615952488957,0.9140849641776514,0.03841508867462664,0.9921680042521952,0.974204972804883,0.04952062805376403,0.9895348336328205,0.966792769695998,0.051479609900729494,0.9891339730474638,0.9647131069243187,0.023693683151221605,0.994957038753849,0.9856262479239873,0.08963115875657193,0.9842133719856742,0.9306487692298836,0.1258269122779768,0.9714544160347657,0.8934860597429484,0.0026710043012012994,0.986028946905014,0.9570779243675872
sim-d4dc28cb9b1663c67d2079fe971223ede311b825f47394d8e36e316dbcc7f6e7,17,challenged_demand,2.5327615656370286,0.04471818121162202,8.964711871582564,26.83589427549061,0.0,0.125,0,7,1,8,0.9114792792343748,0.9411764705882353,0.9411764705882353,17,1,16,17,1,16,0,4,0.9866605957589332,0.963303840354165,1,none,5,4,5,5,0.065116114968229,0.9860993488678919,0.9512052927426833,0.09876140696750012,0.9795684805815633,0.9218227152075008,0.10943109752026922,0.9783495799138153,0.9119032533260152,0.03619070906500733,0.9932645781173338,0.9759153375233797,0.048370030889665884,0.9899232632793245,0.9678776013584987,0.05161759090528557,0.9889432272884505,0.9646715599861139,0.021170369098571114,0.9959670619601697,0.9873552636477971,0.08874628786060702,0.9782517494539438,0.9312004457668676,0.1278083663848251,0.9745282016413432,0.8915609533654502,0.0026620618688866825,0.9866605957589332,0.963303840354165
sim-d4dc28cb9b1663c67d2079fe971223ede311b825f47394d8e36e316dbcc7f6e7,18,challenged_demand,2.5245165905441964,0.0842597405960142,39.4559515885577,9.348391678729977,0.125,0.0,1,8,0,7,0.8119686146709778,1.0,1.0,18,0,18,18,0,18,0,4,0.9860213628286915,0.9656888376572881,1,none,4,6,5,5,0.06421941040702214,0.9866898283778651,0.9520237170570163,0.09898913891699626,0.9792166060198458,0.921391244672473,0.10607807304350757,0.9777599027022634,0.9147019060495596,0.03720676662526611,0.9912306835426706,0.9748268721611631,0.04927724789054712,0.9894823044845591,0.9672134613375846,0.052139461125708025,0.9894331174343616,0.9642600766973423,0.022411956020675184,0.9947395332403259,0.986377691503013,0.09418947473932306,0.9816546856074805,0.9270290582463268,0.1233390848644162,0.9745723754554049,0.8955042459988934,0.0026455815015370334,0.9860213628286915,0.9656888376572881
sim-d4dc28cb9b1663c67d2079fe971223ede311b825f47394d8e36e316dbcc7f6e7,19,postdemand_recovery,2.553329510795318,0.06084266098364115,19.710018237261938,6.872776362884398,0.0,0.0,0,8,0,8,0.9616011054827255,1.0,1.0,18,0,18,18,0,18,0,5,0.9899297177333387,0.9696224903131949,1,none,5,5,5,5,0.06421176344328844,0.9898453758861567,0.9567851662944756,0.0987966598401057,0.9840775251844173,0.9295382165359543,0.1067896516330036,0.9823851081086299,0.9228582862967291,0.0374205269886014,0.99446277644081,0.9771195786445094,0.051340698280804994,0.9914643261873594,0.9689659331223095,0.051540697277433614,0.9915696802956345,0.9682946824090106,0.02042292589136086,0.9976365977685103,0.9886562385698637,0.08760750752089576,0.9867600606976296,0.93874959772975,0.12331537882606826,0.9793140943674727,0.9065586204377444,0.002621996079717143,0.9899297177333387,0.9696224903131949
sim-d4dc28cb9b1663c67d2079fe971223ede311b825f47394d8e36e316dbcc7f6e7,20,postdemand_recovery,2.5711054174494965,0.024011993696694676,7.037441667710476,2.6536564778069027,0.0,0.0,0,9,0,9,0.9712825646782436,1.0,1.0,18,0,18,18,0,18,0,5,0.98979865838526,0.9728807588739917,1,none,6,5,5,5,0.06330457465589215,0.9902180651835324,0.9621505649420974,0.09899804927711231,0.984545754445672,0.9369046520485438,0.11030943085839234,0.9822334777191599,0.9284964344773152,0.03706101289685643,0.9945237511475186,0.9798506402918761,0.05459279028016319,0.9909300989765165,0.9702028259216283,0.05450593781801487,0.9912172221646811,0.9698676046251243,0.01828015820468058,0.9972928468318808,0.9909936625736732,0.08711199311362039,0.9864354431574834,0.9459671059874608,0.126970700424539,0.9792999129526894,0.9132800188480144,0.002691872595242101,0.98979865838526,0.9728807588739917
sim-d4dc28cb9b1663c67d2079fe971223ede311b825f47394d8e36e316dbcc7f6e7,21,postdemand_recovery,2.586523840087468,0.025918642143383144,11.496534166685507,4.093994549171589,0.0,0.0,0,8,0,8,0.9338131085039845,1.0,1.0,19,0,19,19,0,19,0,5,0.9890638968387304,0.9734492947252874,1,none,5,5,5,6,0.06320652656420947,0.9898735851910994,0.9637204611121968,0.10054836538248613,0.9832700350707481,0.938074833961334,0.11246203169458155,0.9818859203892424,0.9292417543279505,0.036751017225614045,0.993779704722846,0.9807804507877448,0.057481958745566684,0.9906997457274229,0.9693961560788145,0.05600567290139634,0.9908941897937982,0.9699812710434668,0.017111909300580118,0.9981318626147724,0.9921911977156683,0.0884781352028224,0.9860203293710642,0.9470799514113084,0.1344939524613476,0.9777756324706388,0.9098909131341263,0.002771061430694266,0.9890638968387304,0.9734492947252874
sim-d4dc28cb9b1663c67d2079fe971223ede311b825f47394d8e36e316dbcc7f6e7,22,postdemand_recovery,2.5674287628207804,0.01902801189247395,12.813893594600184,4.199019551128754,0.0,0.0,0,8,0,8,0.9467924097424868,1.0,1.0,18,0,18,18,0,18,0,5,0.9893911528362619,0.9739437433677695,1,none,5,5,5,5,0.06253304082078916,0.9903597680700887,0.9645737914484939,0.10236420958275563,0.9833508557695104,0.9373874275052233,0.11127437647464468,0.9822114664095419,0.9306521215016796,0.039674085100408374,0.993245408490902,0.9792661798361572,0.05625347159361004,0.9914612056593823,0.9704840263935938,0.055949591710590656,0.9912196597600186,0.9702978093603541,0.01473461749728726,0.9974123677418656,0.9933833255525156,0.08703493257791022,0.9850623837220797,0.9485855431970008,0.1332837194237543,0.9786516905476503,0.9113405164181506,0.002724866989316134,0.9893911528362619,0.9739437433677695
sim-d4dc28cb9b1663c67d2079fe971223ede311b825f47394d8e36e316dbcc7f6e7,23,postdemand_recovery,2.548245459820942,0.034297531594879964,15.316105126769076,3.996419188937299,0.0,0.0,0,8,0,8,0.9669709828719615,1.0,1.0,18,0,18,18,0,18,0,5,0.9892207673580257,0.9733283244597827,1,none,5,5,5,5,0.06261395746706895,0.9901757387230402,0.9646268922504829,0.10469378042826596,0.9834415596861441,0.9356674212063608,0.1108548832188562,0.9834172068559648,0.9313578274876229,0.0411534013726378,0.9938662936511532,0.9786147254899552,0.05699159055760347,0.9911115146675686,0.970067213120069,0.05675833775291194,0.9911751757696354,0.9698887201989882,0.01628475992741498,0.9975877104584299,0.9926271445183005,0.09642349517318888,0.9844627809311505,0.9427410037167352,0.1322164887726853,0.9797824156676777,0.912365720101655,0.0028477696609275917,0.9892207673580257,0.9733283244597827
sim-d4dc28cb9b1663c67d2079fe971223ede311b825f47394d8e36e316dbcc7f6e7,24,postdemand_recovery,2.523711262281332,0.031506201568148526,11.425536675912586,5.257009514013337,0.0,0.0,0,8,0,8,0.8834230584504037,1.0,1.0,18,0,18,18,0,18,0,5,0.989275667137243,0.9732957458813908,1,none,5,5,5,5,0.06216809672665436,0.9904526887255055,0.9650126607135703,0.10440141997297989,0.983839246083008,0.9359334751268803,0.10900672435363452,0.9826893867199301,0.9328385237542269,0.040505843682518416,0.9937245075768367,0.9790280269368641,0.05640042598881432,0.9913024897925161,0.9704922950728059,0.056695169846063646,0.9912900511032999,0.9699710347367061,0.014808463096512445,0.9976721089643582,0.99329534793656,0.09788368621653401,0.9847008528127467,0.9415016189047095,0.13105364291918403,0.9793133964551752,0.9133444765250747,0.002822859324854389,0.989275667137243,0.9732957458813908
